$MeshFormat
4.1 0 8
$EndMeshFormat
$Entities
4 4 1 0
1 0 0 0 0 
2 0 10 0 0 
3 50 10 0 0 
4 50 0 0 0 
1 0 0 0 0 10 0 0 2 1 -2 
2 0 10 0 50 10 0 0 2 2 -3 
3 50 0 0 50 10 0 0 2 3 -4 
4 0 0 0 50 0 0 0 2 4 -1 
2 0 0 0 50 10 0 0 4 1 2 3 4 
$EndEntities
$Nodes
9 9482 1 9482
0 1 0 1
1
0 0 0
0 2 0 1
2
0 10 0
0 3 0 1
3
50 10 0
0 4 0 1
4
50 0 0
1 1 0 39
5
6
7
8
9
10
11
12
13
14
15
16
17
18
19
20
21
22
23
24
25
26
27
28
29
30
31
32
33
34
35
36
37
38
39
40
41
42
43
0 0.2499999999998179 0
0 0.499999999999549 0
0 0.7499999999993603 0
0 0.9999999999991849 0
0 1.249999999998966 0
0 1.499999999998279 0
0 1.749999999997549 0
0 1.999999999996818 0
0 2.249999999996088 0
0 2.499999999995357 0
0 2.749999999994626 0
0 2.999999999993896 0
0 3.249999999993165 0
0 3.499999999992435 0
0 3.749999999991705 0
0 3.999999999991009 0
0 4.24999999999125 0
0 4.499999999991629 0
0 4.749999999992009 0
0 4.999999999992388 0
0 5.249999999992767 0
0 5.499999999993147 0
0 5.749999999993526 0
0 5.999999999993905 0
0 6.249999999994285 0
0 6.499999999994665 0
0 6.749999999995044 0
0 6.999999999995423 0
0 7.249999999995802 0
0 7.499999999996183 0
0 7.749999999996562 0
0 7.999999999996942 0
0 8.249999999997325 0
0 8.499999999997707 0
0 8.749999999998089 0
0 8.999999999998471 0
0 9.249999999998852 0
0 9.499999999999236 0
0 9.749999999999616 0
1 2 0 199
44
45
46
47
48
49
50
51
52
53
54
55
56
57
58
59
60
61
62
63
64
65
66
67
68
69
70
71
72
73
74
75
76
77
78
79
80
81
82
83
84
85
86
87
88
89
90
91
92
93
94
95
96
97
98
99
100
101
102
103
104
105
106
107
108
109
110
111
112
113
114
115
116
117
118
119
120
121
122
123
124
125
126
127
128
129
130
131
132
133
134
135
136
137
138
139
140
141
142
143
144
145
146
147
148
149
150
151
152
153
154
155
156
157
158
159
160
161
162
163
164
165
166
167
168
169
170
171
172
173
174
175
176
177
178
179
180
181
182
183
184
185
186
187
188
189
190
191
192
193
194
195
196
197
198
199
200
201
202
203
204
205
206
207
208
209
210
211
212
213
214
215
216
217
218
219
220
221
222
223
224
225
226
227
228
229
230
231
232
233
234
235
236
237
238
239
240
241
242
0.249999999999008 10 0
0.499999999998022 10 0
0.7499999999970437 10 0
0.9999999999960776 10 0
1.249999999995105 10 0
1.499999999994113 10 0
1.749999999993079 10 0
1.999999999992026 10 0
2.24999999999095 10 0
2.499999999989875 10 0
2.749999999988803 10 0
2.999999999987783 10 0
3.249999999986819 10 0
3.49999999998591 10 0
3.749999999985053 10 0
3.9999999999842 10 0
4.249999999983347 10 0
4.499999999982493 10 0
4.74999999998164 10 0
4.999999999980787 10 0
5.249999999979934 10 0
5.499999999979081 10 0
5.749999999978226 10 0
5.999999999977311 10 0
6.249999999976348 10 0
6.499999999975162 10 0
6.749999999973927 10 0
6.99999999997263 10 0
7.249999999971332 10 0
7.499999999970035 10 0
7.749999999968738 10 0
7.99999999996744 10 0
8.249999999966144 10 0
8.499999999964846 10 0
8.749999999963547 10 0
8.999999999962249 10 0
9.249999999960952 10 0
9.499999999959655 10 0
9.749999999958355 10 0
9.99999999995706 10 0
10.24999999995576 10 0
10.49999999995446 10 0
10.74999999995317 10 0
10.99999999995187 10 0
11.24999999995057 10 0
11.49999999994927 10 0
11.74999999994797 10 0
11.99999999994668 10 0
12.24999999994538 10 0
12.49999999994408 10 0
12.74999999994278 10 0
12.99999999994149 10 0
13.24999999994019 10 0
13.49999999993889 10 0
13.74999999993759 10 0
13.99999999993629 10 0
14.249999999935 10 0
14.4999999999337 10 0
14.7499999999324 10 0
14.9999999999311 10 0
15.24999999992981 10 0
15.49999999992851 10 0
15.74999999992743 10 0
15.99999999992658 10 0
16.24999999992614 10 0
16.49999999992573 10 0
16.74999999992532 10 0
16.99999999992491 10 0
17.2499999999245 10 0
17.49999999992409 10 0
17.74999999992368 10 0
17.99999999992327 10 0
18.24999999992286 10 0
18.49999999992245 10 0
18.74999999992204 10 0
18.99999999992163 10 0
19.24999999992122 10 0
19.49999999992081 10 0
19.74999999992041 10 0
19.99999999991999 10 0
20.24999999991958 10 0
20.49999999991917 10 0
20.74999999991876 10 0
20.99999999991836 10 0
21.24999999991795 10 0
21.49999999991753 10 0
21.74999999991712 10 0
21.99999999991671 10 0
22.24999999991631 10 0
22.4999999999159 10 0
22.74999999991548 10 0
22.99999999991508 10 0
23.24999999991466 10 0
23.49999999991426 10 0
23.74999999991385 10 0
23.99999999991343 10 0
24.24999999991303 10 0
24.49999999991261 10 0
24.74999999991221 10 0
24.9999999999118 10 0
25.24999999991138 10 0
25.49999999991098 10 0
25.74999999991057 10 0
25.99999999991016 10 0
26.24999999990975 10 0
26.49999999990933 10 0
26.74999999990892 10 0
26.99999999990852 10 0
27.24999999990811 10 0
27.4999999999077 10 0
27.74999999990729 10 0
27.99999999990688 10 0
28.24999999990647 10 0
28.49999999990606 10 0
28.74999999990565 10 0
28.99999999990523 10 0
29.24999999990483 10 0
29.49999999990442 10 0
29.74999999990401 10 0
29.9999999999036 10 0
30.24999999990319 10 0
30.49999999990278 10 0
30.74999999990237 10 0
30.99999999990196 10 0
31.24999999990155 10 0
31.49999999990114 10 0
31.74999999990112 10 0
31.9999999999016 10 0
32.24999999990285 10 0
32.49999999990422 10 0
32.74999999990559 10 0
32.99999999990696 10 0
33.24999999990833 10 0
33.49999999990969 10 0
33.74999999991107 10 0
33.99999999991243 10 0
34.2499999999138 10 0
34.49999999991517 10 0
34.74999999991654 10 0
34.99999999991791 10 0
35.24999999991928 10 0
35.49999999992065 10 0
35.74999999992201 10 0
35.99999999992338 10 0
36.24999999992475 10 0
36.49999999992611 10 0
36.74999999992748 10 0
36.99999999992885 10 0
37.24999999993022 10 0
37.49999999993159 10 0
37.74999999993295 10 0
37.99999999993432 10 0
38.24999999993569 10 0
38.49999999993706 10 0
38.74999999993843 10 0
38.9999999999398 10 0
39.24999999994117 10 0
39.49999999994253 10 0
39.7499999999439 10 0
39.99999999994527 10 0
40.24999999994663 10 0
40.49999999994801 10 0
40.74999999994937 10 0
40.99999999995075 10 0
41.24999999995212 10 0
41.49999999995348 10 0
41.74999999995485 10 0
41.99999999995622 10 0
42.24999999995758 10 0
42.49999999995895 10 0
42.74999999996032 10 0
42.99999999996169 10 0
43.24999999996306 10 0
43.49999999996442 10 0
43.74999999996579 10 0
43.99999999996716 10 0
44.24999999996853 10 0
44.49999999996989 10 0
44.74999999997127 10 0
44.99999999997264 10 0
45.249999999974 10 0
45.49999999997537 10 0
45.74999999997674 10 0
45.9999999999781 10 0
46.24999999997947 10 0
46.49999999998084 10 0
46.74999999998222 10 0
46.99999999998358 10 0
47.24999999998494 10 0
47.49999999998632 10 0
47.74999999998769 10 0
47.99999999998904 10 0
48.24999999999042 10 0
48.49999999999179 10 0
48.74999999999316 10 0
48.99999999999453 10 0
49.24999999999589 10 0
49.49999999999726 10 0
49.74999999999863 10 0
1 3 0 39
243
244
245
246
247
248
249
250
251
252
253
254
255
256
257
258
259
260
261
262
263
264
265
266
267
268
269
270
271
272
273
274
275
276
277
278
279
280
281
50 9.75 0
50 9.500000000000002 0
50 9.250000000000002 0
50 9.000000000000002 0
50 8.750000000000004 0
50 8.500000000000004 0
50 8.250000000000004 0
50 8.000000000000004 0
50 7.750000000000005 0
50 7.500000000000005 0
50 7.250000000000005 0
50 7.000000000000007 0
50 6.750000000000007 0
50 6.500000000000007 0
50 6.250000000000009 0
50 6.000000000000009 0
50 5.750000000000009 0
50 5.50000000000001 0
50 5.25000000000001 0
50 5.000000000000011 0
50 4.750000000000012 0
50 4.500000000000012 0
50 4.250000000000012 0
50 4.000000000000013 0
50 3.750000000000013 0
50 3.500000000000014 0
50 3.250000000000015 0
50 3.000000000000015 0
50 2.750000000000016 0
50 2.500000000000017 0
50 2.250000000000016 0
50 2.000000000000018 0
50 1.750000000000016 0
50 1.500000000000014 0
50 1.250000000000011 0
50 1.000000000000011 0
50 0.7500000000000071 0
50 0.5000000000000036 0
50 0.2500000000000018 0
1 4 0 199
282
283
284
285
286
287
288
289
290
291
292
293
294
295
296
297
298
299
300
301
302
303
304
305
306
307
308
309
310
311
312
313
314
315
316
317
318
319
320
321
322
323
324
325
326
327
328
329
330
331
332
333
334
335
336
337
338
339
340
341
342
343
344
345
346
347
348
349
350
351
352
353
354
355
356
357
358
359
360
361
362
363
364
365
366
367
368
369
370
371
372
373
374
375
376
377
378
379
380
381
382
383
384
385
386
387
388
389
390
391
392
393
394
395
396
397
398
399
400
401
402
403
404
405
406
407
408
409
410
411
412
413
414
415
416
417
418
419
420
421
422
423
424
425
426
427
428
429
430
431
432
433
434
435
436
437
438
439
440
441
442
443
444
445
446
447
448
449
450
451
452
453
454
455
456
457
458
459
460
461
462
463
464
465
466
467
468
469
470
471
472
473
474
475
476
477
478
479
480
49.75000000000178 0 0
49.50000000000355 0 0
49.25000000000533 0 0
49.00000000000711 0 0
48.75000000000888 0 0
48.50000000001066 0 0
48.25000000001243 0 0
48.00000000001421 0 0
47.75000000001599 0 0
47.50000000001776 0 0
47.25000000001954 0 0
47.00000000002132 0 0
46.75000000002309 0 0
46.50000000002488 0 0
46.25000000002665 0 0
46.00000000002843 0 0
45.7500000000302 0 0
45.50000000003198 0 0
45.25000000003376 0 0
45.00000000003553 0 0
44.75000000003731 0 0
44.50000000003909 0 0
44.25000000004086 0 0
44.00000000004264 0 0
43.75000000004442 0 0
43.50000000004619 0 0
43.25000000004797 0 0
43.00000000004975 0 0
42.75000000005152 0 0
42.5000000000533 0 0
42.25000000005507 0 0
42.00000000005685 0 0
41.75000000005863 0 0
41.5000000000604 0 0
41.25000000006218 0 0
41.00000000006396 0 0
40.75000000006573 0 0
40.50000000006751 0 0
40.25000000006929 0 0
40.00000000007106 0 0
39.75000000007284 0 0
39.50000000007462 0 0
39.2500000000764 0 0
39.00000000007817 0 0
38.75000000007995 0 0
38.50000000008173 0 0
38.2500000000835 0 0
38.00000000008528 0 0
37.75000000008706 0 0
37.50000000008883 0 0
37.25000000009061 0 0
37.00000000009238 0 0
36.75000000009416 0 0
36.50000000009594 0 0
36.25000000009771 0 0
36.00000000009949 0 0
35.75000000010127 0 0
35.50000000010304 0 0
35.25000000010482 0 0
35.0000000001066 0 0
34.75000000010837 0 0
34.50000000011015 0 0
34.25000000011192 0 0
34.0000000001137 0 0
33.75000000011548 0 0
33.50000000011725 0 0
33.25000000011903 0 0
33.00000000012081 0 0
32.75000000012258 0 0
32.50000000012436 0 0
32.25000000012614 0 0
32.00000000012781 0 0
31.75000000012869 0 0
31.50000000012908 0 0
31.25000000012908 0 0
31.00000000012908 0 0
30.75000000012908 0 0
30.50000000012908 0 0
30.25000000012908 0 0
30.00000000012908 0 0
29.75000000012908 0 0
29.50000000012908 0 0
29.25000000012909 0 0
29.00000000012909 0 0
28.75000000012909 0 0
28.50000000012909 0 0
28.25000000012909 0 0
28.00000000012909 0 0
27.75000000012909 0 0
27.50000000012909 0 0
27.25000000012909 0 0
27.00000000012909 0 0
26.75000000012909 0 0
26.50000000012909 0 0
26.25000000012909 0 0
26.0000000001291 0 0
25.7500000001291 0 0
25.5000000001291 0 0
25.2500000001291 0 0
25.0000000001291 0 0
24.7500000001291 0 0
24.5000000001291 0 0
24.2500000001291 0 0
24.00000000012911 0 0
23.75000000012911 0 0
23.50000000012911 0 0
23.25000000012911 0 0
23.00000000012911 0 0
22.75000000012911 0 0
22.50000000012911 0 0
22.25000000012911 0 0
22.00000000012911 0 0
21.75000000012911 0 0
21.50000000012912 0 0
21.25000000012912 0 0
21.00000000012912 0 0
20.75000000012912 0 0
20.50000000012912 0 0
20.25000000012912 0 0
20.00000000012911 0 0
19.75000000012912 0 0
19.50000000012912 0 0
19.25000000012912 0 0
19.00000000012912 0 0
18.75000000012912 0 0
18.50000000012912 0 0
18.25000000012874 0 0
18.00000000012785 0 0
17.75000000012618 0 0
17.5000000001244 0 0
17.25000000012263 0 0
17.00000000012085 0 0
16.75000000011907 0 0
16.5000000001173 0 0
16.25000000011552 0 0
16.00000000011374 0 0
15.75000000011196 0 0
15.50000000011018 0 0
15.25000000010841 0 0
15.00000000010663 0 0
14.75000000010485 0 0
14.50000000010308 0 0
14.2500000001013 0 0
14.00000000009953 0 0
13.75000000009775 0 0
13.50000000009597 0 0
13.25000000009419 0 0
13.00000000009241 0 0
12.75000000009064 0 0
12.50000000008886 0 0
12.25000000008708 0 0
12.0000000000853 0 0
11.75000000008352 0 0
11.50000000008175 0 0
11.25000000007997 0 0
11.0000000000782 0 0
10.75000000007642 0 0
10.50000000007464 0 0
10.25000000007286 0 0
10.00000000007108 0 0
9.750000000069306 0 0
9.50000000006753 0 0
9.250000000065754 0 0
9.00000000006397 0 0
8.750000000062194 0 0
8.500000000060417 0 0
8.250000000058648 0 0
8.000000000056872 0 0
7.750000000055095 0 0
7.500000000053319 0 0
7.250000000051536 0 0
7.000000000049759 0 0
6.750000000047983 0 0
6.500000000046207 0 0
6.25000000004443 0 0
6.000000000042654 0 0
5.750000000040878 0 0
5.500000000039094 0 0
5.250000000037318 0 0
5.000000000035541 0 0
4.750000000033765 0 0
4.500000000031989 0 0
4.250000000030212 0 0
4.000000000028429 0 0
3.750000000026652 0 0
3.500000000024876 0 0
3.2500000000231 0 0
3.000000000021323 0 0
2.750000000019547 0 0
2.500000000017764 0 0
2.250000000015987 0 0
2.000000000014218 0 0
1.750000000012442 0 0
1.500000000010665 0 0
1.250000000008889 0 0
1.000000000007113 0 0
0.7500000000053291 0 0
0.5000000000035527 0 0
0.2500000000017764 0 0
2 2 0 9002
481
482
483
484
485
486
487
488
489
490
491
492
493
494
495
496
497
498
499
500
501
502
503
504
505
506
507
508
509
510
511
512
513
514
515
516
517
518
519
520
521
522
523
524
525
526
527
528
529
530
531
532
533
534
535
536
537
538
539
540
541
542
543
544
545
546
547
548
549
550
551
552
553
554
555
556
557
558
559
560
561
562
563
564
565
566
567
568
569
570
571
572
573
574
575
576
577
578
579
580
581
582
583
584
585
586
587
588
589
590
591
592
593
594
595
596
597
598
599
600
601
602
603
604
605
606
607
608
609
610
611
612
613
614
615
616
617
618
619
620
621
622
623
624
625
626
627
628
629
630
631
632
633
634
635
636
637
638
639
640
641
642
643
644
645
646
647
648
649
650
651
652
653
654
655
656
657
658
659
660
661
662
663
664
665
666
667
668
669
670
671
672
673
674
675
676
677
678
679
680
681
682
683
684
685
686
687
688
689
690
691
692
693
694
695
696
697
698
699
700
701
702
703
704
705
706
707
708
709
710
711
712
713
714
715
716
717
718
719
720
721
722
723
724
725
726
727
728
729
730
731
732
733
734
735
736
737
738
739
740
741
742
743
744
745
746
747
748
749
750
751
752
753
754
755
756
757
758
759
760
761
762
763
764
765
766
767
768
769
770
771
772
773
774
775
776
777
778
779
780
781
782
783
784
785
786
787
788
789
790
791
792
793
794
795
796
797
798
799
800
801
802
803
804
805
806
807
808
809
810
811
812
813
814
815
816
817
818
819
820
821
822
823
824
825
826
827
828
829
830
831
832
833
834
835
836
837
838
839
840
841
842
843
844
845
846
847
848
849
850
851
852
853
854
855
856
857
858
859
860
861
862
863
864
865
866
867
868
869
870
871
872
873
874
875
876
877
878
879
880
881
882
883
884
885
886
887
888
889
890
891
892
893
894
895
896
897
898
899
900
901
902
903
904
905
906
907
908
909
910
911
912
913
914
915
916
917
918
919
920
921
922
923
924
925
926
927
928
929
930
931
932
933
934
935
936
937
938
939
940
941
942
943
944
945
946
947
948
949
950
951
952
953
954
955
956
957
958
959
960
961
962
963
964
965
966
967
968
969
970
971
972
973
974
975
976
977
978
979
980
981
982
983
984
985
986
987
988
989
990
991
992
993
994
995
996
997
998
999
1000
1001
1002
1003
1004
1005
1006
1007
1008
1009
1010
1011
1012
1013
1014
1015
1016
1017
1018
1019
1020
1021
1022
1023
1024
1025
1026
1027
1028
1029
1030
1031
1032
1033
1034
1035
1036
1037
1038
1039
1040
1041
1042
1043
1044
1045
1046
1047
1048
1049
1050
1051
1052
1053
1054
1055
1056
1057
1058
1059
1060
1061
1062
1063
1064
1065
1066
1067
1068
1069
1070
1071
1072
1073
1074
1075
1076
1077
1078
1079
1080
1081
1082
1083
1084
1085
1086
1087
1088
1089
1090
1091
1092
1093
1094
1095
1096
1097
1098
1099
1100
1101
1102
1103
1104
1105
1106
1107
1108
1109
1110
1111
1112
1113
1114
1115
1116
1117
1118
1119
1120
1121
1122
1123
1124
1125
1126
1127
1128
1129
1130
1131
1132
1133
1134
1135
1136
1137
1138
1139
1140
1141
1142
1143
1144
1145
1146
1147
1148
1149
1150
1151
1152
1153
1154
1155
1156
1157
1158
1159
1160
1161
1162
1163
1164
1165
1166
1167
1168
1169
1170
1171
1172
1173
1174
1175
1176
1177
1178
1179
1180
1181
1182
1183
1184
1185
1186
1187
1188
1189
1190
1191
1192
1193
1194
1195
1196
1197
1198
1199
1200
1201
1202
1203
1204
1205
1206
1207
1208
1209
1210
1211
1212
1213
1214
1215
1216
1217
1218
1219
1220
1221
1222
1223
1224
1225
1226
1227
1228
1229
1230
1231
1232
1233
1234
1235
1236
1237
1238
1239
1240
1241
1242
1243
1244
1245
1246
1247
1248
1249
1250
1251
1252
1253
1254
1255
1256
1257
1258
1259
1260
1261
1262
1263
1264
1265
1266
1267
1268
1269
1270
1271
1272
1273
1274
1275
1276
1277
1278
1279
1280
1281
1282
1283
1284
1285
1286
1287
1288
1289
1290
1291
1292
1293
1294
1295
1296
1297
1298
1299
1300
1301
1302
1303
1304
1305
1306
1307
1308
1309
1310
1311
1312
1313
1314
1315
1316
1317
1318
1319
1320
1321
1322
1323
1324
1325
1326
1327
1328
1329
1330
1331
1332
1333
1334
1335
1336
1337
1338
1339
1340
1341
1342
1343
1344
1345
1346
1347
1348
1349
1350
1351
1352
1353
1354
1355
1356
1357
1358
1359
1360
1361
1362
1363
1364
1365
1366
1367
1368
1369
1370
1371
1372
1373
1374
1375
1376
1377
1378
1379
1380
1381
1382
1383
1384
1385
1386
1387
1388
1389
1390
1391
1392
1393
1394
1395
1396
1397
1398
1399
1400
1401
1402
1403
1404
1405
1406
1407
1408
1409
1410
1411
1412
1413
1414
1415
1416
1417
1418
1419
1420
1421
1422
1423
1424
1425
1426
1427
1428
1429
1430
1431
1432
1433
1434
1435
1436
1437
1438
1439
1440
1441
1442
1443
1444
1445
1446
1447
1448
1449
1450
1451
1452
1453
1454
1455
1456
1457
1458
1459
1460
1461
1462
1463
1464
1465
1466
1467
1468
1469
1470
1471
1472
1473
1474
1475
1476
1477
1478
1479
1480
1481
1482
1483
1484
1485
1486
1487
1488
1489
1490
1491
1492
1493
1494
1495
1496
1497
1498
1499
1500
1501
1502
1503
1504
1505
1506
1507
1508
1509
1510
1511
1512
1513
1514
1515
1516
1517
1518
1519
1520
1521
1522
1523
1524
1525
1526
1527
1528
1529
1530
1531
1532
1533
1534
1535
1536
1537
1538
1539
1540
1541
1542
1543
1544
1545
1546
1547
1548
1549
1550
1551
1552
1553
1554
1555
1556
1557
1558
1559
1560
1561
1562
1563
1564
1565
1566
1567
1568
1569
1570
1571
1572
1573
1574
1575
1576
1577
1578
1579
1580
1581
1582
1583
1584
1585
1586
1587
1588
1589
1590
1591
1592
1593
1594
1595
1596
1597
1598
1599
1600
1601
1602
1603
1604
1605
1606
1607
1608
1609
1610
1611
1612
1613
1614
1615
1616
1617
1618
1619
1620
1621
1622
1623
1624
1625
1626
1627
1628
1629
1630
1631
1632
1633
1634
1635
1636
1637
1638
1639
1640
1641
1642
1643
1644
1645
1646
1647
1648
1649
1650
1651
1652
1653
1654
1655
1656
1657
1658
1659
1660
1661
1662
1663
1664
1665
1666
1667
1668
1669
1670
1671
1672
1673
1674
1675
1676
1677
1678
1679
1680
1681
1682
1683
1684
1685
1686
1687
1688
1689
1690
1691
1692
1693
1694
1695
1696
1697
1698
1699
1700
1701
1702
1703
1704
1705
1706
1707
1708
1709
1710
1711
1712
1713
1714
1715
1716
1717
1718
1719
1720
1721
1722
1723
1724
1725
1726
1727
1728
1729
1730
1731
1732
1733
1734
1735
1736
1737
1738
1739
1740
1741
1742
1743
1744
1745
1746
1747
1748
1749
1750
1751
1752
1753
1754
1755
1756
1757
1758
1759
1760
1761
1762
1763
1764
1765
1766
1767
1768
1769
1770
1771
1772
1773
1774
1775
1776
1777
1778
1779
1780
1781
1782
1783
1784
1785
1786
1787
1788
1789
1790
1791
1792
1793
1794
1795
1796
1797
1798
1799
1800
1801
1802
1803
1804
1805
1806
1807
1808
1809
1810
1811
1812
1813
1814
1815
1816
1817
1818
1819
1820
1821
1822
1823
1824
1825
1826
1827
1828
1829
1830
1831
1832
1833
1834
1835
1836
1837
1838
1839
1840
1841
1842
1843
1844
1845
1846
1847
1848
1849
1850
1851
1852
1853
1854
1855
1856
1857
1858
1859
1860
1861
1862
1863
1864
1865
1866
1867
1868
1869
1870
1871
1872
1873
1874
1875
1876
1877
1878
1879
1880
1881
1882
1883
1884
1885
1886
1887
1888
1889
1890
1891
1892
1893
1894
1895
1896
1897
1898
1899
1900
1901
1902
1903
1904
1905
1906
1907
1908
1909
1910
1911
1912
1913
1914
1915
1916
1917
1918
1919
1920
1921
1922
1923
1924
1925
1926
1927
1928
1929
1930
1931
1932
1933
1934
1935
1936
1937
1938
1939
1940
1941
1942
1943
1944
1945
1946
1947
1948
1949
1950
1951
1952
1953
1954
1955
1956
1957
1958
1959
1960
1961
1962
1963
1964
1965
1966
1967
1968
1969
1970
1971
1972
1973
1974
1975
1976
1977
1978
1979
1980
1981
1982
1983
1984
1985
1986
1987
1988
1989
1990
1991
1992
1993
1994
1995
1996
1997
1998
1999
2000
2001
2002
2003
2004
2005
2006
2007
2008
2009
2010
2011
2012
2013
2014
2015
2016
2017
2018
2019
2020
2021
2022
2023
2024
2025
2026
2027
2028
2029
2030
2031
2032
2033
2034
2035
2036
2037
2038
2039
2040
2041
2042
2043
2044
2045
2046
2047
2048
2049
2050
2051
2052
2053
2054
2055
2056
2057
2058
2059
2060
2061
2062
2063
2064
2065
2066
2067
2068
2069
2070
2071
2072
2073
2074
2075
2076
2077
2078
2079
2080
2081
2082
2083
2084
2085
2086
2087
2088
2089
2090
2091
2092
2093
2094
2095
2096
2097
2098
2099
2100
2101
2102
2103
2104
2105
2106
2107
2108
2109
2110
2111
2112
2113
2114
2115
2116
2117
2118
2119
2120
2121
2122
2123
2124
2125
2126
2127
2128
2129
2130
2131
2132
2133
2134
2135
2136
2137
2138
2139
2140
2141
2142
2143
2144
2145
2146
2147
2148
2149
2150
2151
2152
2153
2154
2155
2156
2157
2158
2159
2160
2161
2162
2163
2164
2165
2166
2167
2168
2169
2170
2171
2172
2173
2174
2175
2176
2177
2178
2179
2180
2181
2182
2183
2184
2185
2186
2187
2188
2189
2190
2191
2192
2193
2194
2195
2196
2197
2198
2199
2200
2201
2202
2203
2204
2205
2206
2207
2208
2209
2210
2211
2212
2213
2214
2215
2216
2217
2218
2219
2220
2221
2222
2223
2224
2225
2226
2227
2228
2229
2230
2231
2232
2233
2234
2235
2236
2237
2238
2239
2240
2241
2242
2243
2244
2245
2246
2247
2248
2249
2250
2251
2252
2253
2254
2255
2256
2257
2258
2259
2260
2261
2262
2263
2264
2265
2266
2267
2268
2269
2270
2271
2272
2273
2274
2275
2276
2277
2278
2279
2280
2281
2282
2283
2284
2285
2286
2287
2288
2289
2290
2291
2292
2293
2294
2295
2296
2297
2298
2299
2300
2301
2302
2303
2304
2305
2306
2307
2308
2309
2310
2311
2312
2313
2314
2315
2316
2317
2318
2319
2320
2321
2322
2323
2324
2325
2326
2327
2328
2329
2330
2331
2332
2333
2334
2335
2336
2337
2338
2339
2340
2341
2342
2343
2344
2345
2346
2347
2348
2349
2350
2351
2352
2353
2354
2355
2356
2357
2358
2359
2360
2361
2362
2363
2364
2365
2366
2367
2368
2369
2370
2371
2372
2373
2374
2375
2376
2377
2378
2379
2380
2381
2382
2383
2384
2385
2386
2387
2388
2389
2390
2391
2392
2393
2394
2395
2396
2397
2398
2399
2400
2401
2402
2403
2404
2405
2406
2407
2408
2409
2410
2411
2412
2413
2414
2415
2416
2417
2418
2419
2420
2421
2422
2423
2424
2425
2426
2427
2428
2429
2430
2431
2432
2433
2434
2435
2436
2437
2438
2439
2440
2441
2442
2443
2444
2445
2446
2447
2448
2449
2450
2451
2452
2453
2454
2455
2456
2457
2458
2459
2460
2461
2462
2463
2464
2465
2466
2467
2468
2469
2470
2471
2472
2473
2474
2475
2476
2477
2478
2479
2480
2481
2482
2483
2484
2485
2486
2487
2488
2489
2490
2491
2492
2493
2494
2495
2496
2497
2498
2499
2500
2501
2502
2503
2504
2505
2506
2507
2508
2509
2510
2511
2512
2513
2514
2515
2516
2517
2518
2519
2520
2521
2522
2523
2524
2525
2526
2527
2528
2529
2530
2531
2532
2533
2534
2535
2536
2537
2538
2539
2540
2541
2542
2543
2544
2545
2546
2547
2548
2549
2550
2551
2552
2553
2554
2555
2556
2557
2558
2559
2560
2561
2562
2563
2564
2565
2566
2567
2568
2569
2570
2571
2572
2573
2574
2575
2576
2577
2578
2579
2580
2581
2582
2583
2584
2585
2586
2587
2588
2589
2590
2591
2592
2593
2594
2595
2596
2597
2598
2599
2600
2601
2602
2603
2604
2605
2606
2607
2608
2609
2610
2611
2612
2613
2614
2615
2616
2617
2618
2619
2620
2621
2622
2623
2624
2625
2626
2627
2628
2629
2630
2631
2632
2633
2634
2635
2636
2637
2638
2639
2640
2641
2642
2643
2644
2645
2646
2647
2648
2649
2650
2651
2652
2653
2654
2655
2656
2657
2658
2659
2660
2661
2662
2663
2664
2665
2666
2667
2668
2669
2670
2671
2672
2673
2674
2675
2676
2677
2678
2679
2680
2681
2682
2683
2684
2685
2686
2687
2688
2689
2690
2691
2692
2693
2694
2695
2696
2697
2698
2699
2700
2701
2702
2703
2704
2705
2706
2707
2708
2709
2710
2711
2712
2713
2714
2715
2716
2717
2718
2719
2720
2721
2722
2723
2724
2725
2726
2727
2728
2729
2730
2731
2732
2733
2734
2735
2736
2737
2738
2739
2740
2741
2742
2743
2744
2745
2746
2747
2748
2749
2750
2751
2752
2753
2754
2755
2756
2757
2758
2759
2760
2761
2762
2763
2764
2765
2766
2767
2768
2769
2770
2771
2772
2773
2774
2775
2776
2777
2778
2779
2780
2781
2782
2783
2784
2785
2786
2787
2788
2789
2790
2791
2792
2793
2794
2795
2796
2797
2798
2799
2800
2801
2802
2803
2804
2805
2806
2807
2808
2809
2810
2811
2812
2813
2814
2815
2816
2817
2818
2819
2820
2821
2822
2823
2824
2825
2826
2827
2828
2829
2830
2831
2832
2833
2834
2835
2836
2837
2838
2839
2840
2841
2842
2843
2844
2845
2846
2847
2848
2849
2850
2851
2852
2853
2854
2855
2856
2857
2858
2859
2860
2861
2862
2863
2864
2865
2866
2867
2868
2869
2870
2871
2872
2873
2874
2875
2876
2877
2878
2879
2880
2881
2882
2883
2884
2885
2886
2887
2888
2889
2890
2891
2892
2893
2894
2895
2896
2897
2898
2899
2900
2901
2902
2903
2904
2905
2906
2907
2908
2909
2910
2911
2912
2913
2914
2915
2916
2917
2918
2919
2920
2921
2922
2923
2924
2925
2926
2927
2928
2929
2930
2931
2932
2933
2934
2935
2936
2937
2938
2939
2940
2941
2942
2943
2944
2945
2946
2947
2948
2949
2950
2951
2952
2953
2954
2955
2956
2957
2958
2959
2960
2961
2962
2963
2964
2965
2966
2967
2968
2969
2970
2971
2972
2973
2974
2975
2976
2977
2978
2979
2980
2981
2982
2983
2984
2985
2986
2987
2988
2989
2990
2991
2992
2993
2994
2995
2996
2997
2998
2999
3000
3001
3002
3003
3004
3005
3006
3007
3008
3009
3010
3011
3012
3013
3014
3015
3016
3017
3018
3019
3020
3021
3022
3023
3024
3025
3026
3027
3028
3029
3030
3031
3032
3033
3034
3035
3036
3037
3038
3039
3040
3041
3042
3043
3044
3045
3046
3047
3048
3049
3050
3051
3052
3053
3054
3055
3056
3057
3058
3059
3060
3061
3062
3063
3064
3065
3066
3067
3068
3069
3070
3071
3072
3073
3074
3075
3076
3077
3078
3079
3080
3081
3082
3083
3084
3085
3086
3087
3088
3089
3090
3091
3092
3093
3094
3095
3096
3097
3098
3099
3100
3101
3102
3103
3104
3105
3106
3107
3108
3109
3110
3111
3112
3113
3114
3115
3116
3117
3118
3119
3120
3121
3122
3123
3124
3125
3126
3127
3128
3129
3130
3131
3132
3133
3134
3135
3136
3137
3138
3139
3140
3141
3142
3143
3144
3145
3146
3147
3148
3149
3150
3151
3152
3153
3154
3155
3156
3157
3158
3159
3160
3161
3162
3163
3164
3165
3166
3167
3168
3169
3170
3171
3172
3173
3174
3175
3176
3177
3178
3179
3180
3181
3182
3183
3184
3185
3186
3187
3188
3189
3190
3191
3192
3193
3194
3195
3196
3197
3198
3199
3200
3201
3202
3203
3204
3205
3206
3207
3208
3209
3210
3211
3212
3213
3214
3215
3216
3217
3218
3219
3220
3221
3222
3223
3224
3225
3226
3227
3228
3229
3230
3231
3232
3233
3234
3235
3236
3237
3238
3239
3240
3241
3242
3243
3244
3245
3246
3247
3248
3249
3250
3251
3252
3253
3254
3255
3256
3257
3258
3259
3260
3261
3262
3263
3264
3265
3266
3267
3268
3269
3270
3271
3272
3273
3274
3275
3276
3277
3278
3279
3280
3281
3282
3283
3284
3285
3286
3287
3288
3289
3290
3291
3292
3293
3294
3295
3296
3297
3298
3299
3300
3301
3302
3303
3304
3305
3306
3307
3308
3309
3310
3311
3312
3313
3314
3315
3316
3317
3318
3319
3320
3321
3322
3323
3324
3325
3326
3327
3328
3329
3330
3331
3332
3333
3334
3335
3336
3337
3338
3339
3340
3341
3342
3343
3344
3345
3346
3347
3348
3349
3350
3351
3352
3353
3354
3355
3356
3357
3358
3359
3360
3361
3362
3363
3364
3365
3366
3367
3368
3369
3370
3371
3372
3373
3374
3375
3376
3377
3378
3379
3380
3381
3382
3383
3384
3385
3386
3387
3388
3389
3390
3391
3392
3393
3394
3395
3396
3397
3398
3399
3400
3401
3402
3403
3404
3405
3406
3407
3408
3409
3410
3411
3412
3413
3414
3415
3416
3417
3418
3419
3420
3421
3422
3423
3424
3425
3426
3427
3428
3429
3430
3431
3432
3433
3434
3435
3436
3437
3438
3439
3440
3441
3442
3443
3444
3445
3446
3447
3448
3449
3450
3451
3452
3453
3454
3455
3456
3457
3458
3459
3460
3461
3462
3463
3464
3465
3466
3467
3468
3469
3470
3471
3472
3473
3474
3475
3476
3477
3478
3479
3480
3481
3482
3483
3484
3485
3486
3487
3488
3489
3490
3491
3492
3493
3494
3495
3496
3497
3498
3499
3500
3501
3502
3503
3504
3505
3506
3507
3508
3509
3510
3511
3512
3513
3514
3515
3516
3517
3518
3519
3520
3521
3522
3523
3524
3525
3526
3527
3528
3529
3530
3531
3532
3533
3534
3535
3536
3537
3538
3539
3540
3541
3542
3543
3544
3545
3546
3547
3548
3549
3550
3551
3552
3553
3554
3555
3556
3557
3558
3559
3560
3561
3562
3563
3564
3565
3566
3567
3568
3569
3570
3571
3572
3573
3574
3575
3576
3577
3578
3579
3580
3581
3582
3583
3584
3585
3586
3587
3588
3589
3590
3591
3592
3593
3594
3595
3596
3597
3598
3599
3600
3601
3602
3603
3604
3605
3606
3607
3608
3609
3610
3611
3612
3613
3614
3615
3616
3617
3618
3619
3620
3621
3622
3623
3624
3625
3626
3627
3628
3629
3630
3631
3632
3633
3634
3635
3636
3637
3638
3639
3640
3641
3642
3643
3644
3645
3646
3647
3648
3649
3650
3651
3652
3653
3654
3655
3656
3657
3658
3659
3660
3661
3662
3663
3664
3665
3666
3667
3668
3669
3670
3671
3672
3673
3674
3675
3676
3677
3678
3679
3680
3681
3682
3683
3684
3685
3686
3687
3688
3689
3690
3691
3692
3693
3694
3695
3696
3697
3698
3699
3700
3701
3702
3703
3704
3705
3706
3707
3708
3709
3710
3711
3712
3713
3714
3715
3716
3717
3718
3719
3720
3721
3722
3723
3724
3725
3726
3727
3728
3729
3730
3731
3732
3733
3734
3735
3736
3737
3738
3739
3740
3741
3742
3743
3744
3745
3746
3747
3748
3749
3750
3751
3752
3753
3754
3755
3756
3757
3758
3759
3760
3761
3762
3763
3764
3765
3766
3767
3768
3769
3770
3771
3772
3773
3774
3775
3776
3777
3778
3779
3780
3781
3782
3783
3784
3785
3786
3787
3788
3789
3790
3791
3792
3793
3794
3795
3796
3797
3798
3799
3800
3801
3802
3803
3804
3805
3806
3807
3808
3809
3810
3811
3812
3813
3814
3815
3816
3817
3818
3819
3820
3821
3822
3823
3824
3825
3826
3827
3828
3829
3830
3831
3832
3833
3834
3835
3836
3837
3838
3839
3840
3841
3842
3843
3844
3845
3846
3847
3848
3849
3850
3851
3852
3853
3854
3855
3856
3857
3858
3859
3860
3861
3862
3863
3864
3865
3866
3867
3868
3869
3870
3871
3872
3873
3874
3875
3876
3877
3878
3879
3880
3881
3882
3883
3884
3885
3886
3887
3888
3889
3890
3891
3892
3893
3894
3895
3896
3897
3898
3899
3900
3901
3902
3903
3904
3905
3906
3907
3908
3909
3910
3911
3912
3913
3914
3915
3916
3917
3918
3919
3920
3921
3922
3923
3924
3925
3926
3927
3928
3929
3930
3931
3932
3933
3934
3935
3936
3937
3938
3939
3940
3941
3942
3943
3944
3945
3946
3947
3948
3949
3950
3951
3952
3953
3954
3955
3956
3957
3958
3959
3960
3961
3962
3963
3964
3965
3966
3967
3968
3969
3970
3971
3972
3973
3974
3975
3976
3977
3978
3979
3980
3981
3982
3983
3984
3985
3986
3987
3988
3989
3990
3991
3992
3993
3994
3995
3996
3997
3998
3999
4000
4001
4002
4003
4004
4005
4006
4007
4008
4009
4010
4011
4012
4013
4014
4015
4016
4017
4018
4019
4020
4021
4022
4023
4024
4025
4026
4027
4028
4029
4030
4031
4032
4033
4034
4035
4036
4037
4038
4039
4040
4041
4042
4043
4044
4045
4046
4047
4048
4049
4050
4051
4052
4053
4054
4055
4056
4057
4058
4059
4060
4061
4062
4063
4064
4065
4066
4067
4068
4069
4070
4071
4072
4073
4074
4075
4076
4077
4078
4079
4080
4081
4082
4083
4084
4085
4086
4087
4088
4089
4090
4091
4092
4093
4094
4095
4096
4097
4098
4099
4100
4101
4102
4103
4104
4105
4106
4107
4108
4109
4110
4111
4112
4113
4114
4115
4116
4117
4118
4119
4120
4121
4122
4123
4124
4125
4126
4127
4128
4129
4130
4131
4132
4133
4134
4135
4136
4137
4138
4139
4140
4141
4142
4143
4144
4145
4146
4147
4148
4149
4150
4151
4152
4153
4154
4155
4156
4157
4158
4159
4160
4161
4162
4163
4164
4165
4166
4167
4168
4169
4170
4171
4172
4173
4174
4175
4176
4177
4178
4179
4180
4181
4182
4183
4184
4185
4186
4187
4188
4189
4190
4191
4192
4193
4194
4195
4196
4197
4198
4199
4200
4201
4202
4203
4204
4205
4206
4207
4208
4209
4210
4211
4212
4213
4214
4215
4216
4217
4218
4219
4220
4221
4222
4223
4224
4225
4226
4227
4228
4229
4230
4231
4232
4233
4234
4235
4236
4237
4238
4239
4240
4241
4242
4243
4244
4245
4246
4247
4248
4249
4250
4251
4252
4253
4254
4255
4256
4257
4258
4259
4260
4261
4262
4263
4264
4265
4266
4267
4268
4269
4270
4271
4272
4273
4274
4275
4276
4277
4278
4279
4280
4281
4282
4283
4284
4285
4286
4287
4288
4289
4290
4291
4292
4293
4294
4295
4296
4297
4298
4299
4300
4301
4302
4303
4304
4305
4306
4307
4308
4309
4310
4311
4312
4313
4314
4315
4316
4317
4318
4319
4320
4321
4322
4323
4324
4325
4326
4327
4328
4329
4330
4331
4332
4333
4334
4335
4336
4337
4338
4339
4340
4341
4342
4343
4344
4345
4346
4347
4348
4349
4350
4351
4352
4353
4354
4355
4356
4357
4358
4359
4360
4361
4362
4363
4364
4365
4366
4367
4368
4369
4370
4371
4372
4373
4374
4375
4376
4377
4378
4379
4380
4381
4382
4383
4384
4385
4386
4387
4388
4389
4390
4391
4392
4393
4394
4395
4396
4397
4398
4399
4400
4401
4402
4403
4404
4405
4406
4407
4408
4409
4410
4411
4412
4413
4414
4415
4416
4417
4418
4419
4420
4421
4422
4423
4424
4425
4426
4427
4428
4429
4430
4431
4432
4433
4434
4435
4436
4437
4438
4439
4440
4441
4442
4443
4444
4445
4446
4447
4448
4449
4450
4451
4452
4453
4454
4455
4456
4457
4458
4459
4460
4461
4462
4463
4464
4465
4466
4467
4468
4469
4470
4471
4472
4473
4474
4475
4476
4477
4478
4479
4480
4481
4482
4483
4484
4485
4486
4487
4488
4489
4490
4491
4492
4493
4494
4495
4496
4497
4498
4499
4500
4501
4502
4503
4504
4505
4506
4507
4508
4509
4510
4511
4512
4513
4514
4515
4516
4517
4518
4519
4520
4521
4522
4523
4524
4525
4526
4527
4528
4529
4530
4531
4532
4533
4534
4535
4536
4537
4538
4539
4540
4541
4542
4543
4544
4545
4546
4547
4548
4549
4550
4551
4552
4553
4554
4555
4556
4557
4558
4559
4560
4561
4562
4563
4564
4565
4566
4567
4568
4569
4570
4571
4572
4573
4574
4575
4576
4577
4578
4579
4580
4581
4582
4583
4584
4585
4586
4587
4588
4589
4590
4591
4592
4593
4594
4595
4596
4597
4598
4599
4600
4601
4602
4603
4604
4605
4606
4607
4608
4609
4610
4611
4612
4613
4614
4615
4616
4617
4618
4619
4620
4621
4622
4623
4624
4625
4626
4627
4628
4629
4630
4631
4632
4633
4634
4635
4636
4637
4638
4639
4640
4641
4642
4643
4644
4645
4646
4647
4648
4649
4650
4651
4652
4653
4654
4655
4656
4657
4658
4659
4660
4661
4662
4663
4664
4665
4666
4667
4668
4669
4670
4671
4672
4673
4674
4675
4676
4677
4678
4679
4680
4681
4682
4683
4684
4685
4686
4687
4688
4689
4690
4691
4692
4693
4694
4695
4696
4697
4698
4699
4700
4701
4702
4703
4704
4705
4706
4707
4708
4709
4710
4711
4712
4713
4714
4715
4716
4717
4718
4719
4720
4721
4722
4723
4724
4725
4726
4727
4728
4729
4730
4731
4732
4733
4734
4735
4736
4737
4738
4739
4740
4741
4742
4743
4744
4745
4746
4747
4748
4749
4750
4751
4752
4753
4754
4755
4756
4757
4758
4759
4760
4761
4762
4763
4764
4765
4766
4767
4768
4769
4770
4771
4772
4773
4774
4775
4776
4777
4778
4779
4780
4781
4782
4783
4784
4785
4786
4787
4788
4789
4790
4791
4792
4793
4794
4795
4796
4797
4798
4799
4800
4801
4802
4803
4804
4805
4806
4807
4808
4809
4810
4811
4812
4813
4814
4815
4816
4817
4818
4819
4820
4821
4822
4823
4824
4825
4826
4827
4828
4829
4830
4831
4832
4833
4834
4835
4836
4837
4838
4839
4840
4841
4842
4843
4844
4845
4846
4847
4848
4849
4850
4851
4852
4853
4854
4855
4856
4857
4858
4859
4860
4861
4862
4863
4864
4865
4866
4867
4868
4869
4870
4871
4872
4873
4874
4875
4876
4877
4878
4879
4880
4881
4882
4883
4884
4885
4886
4887
4888
4889
4890
4891
4892
4893
4894
4895
4896
4897
4898
4899
4900
4901
4902
4903
4904
4905
4906
4907
4908
4909
4910
4911
4912
4913
4914
4915
4916
4917
4918
4919
4920
4921
4922
4923
4924
4925
4926
4927
4928
4929
4930
4931
4932
4933
4934
4935
4936
4937
4938
4939
4940
4941
4942
4943
4944
4945
4946
4947
4948
4949
4950
4951
4952
4953
4954
4955
4956
4957
4958
4959
4960
4961
4962
4963
4964
4965
4966
4967
4968
4969
4970
4971
4972
4973
4974
4975
4976
4977
4978
4979
4980
4981
4982
4983
4984
4985
4986
4987
4988
4989
4990
4991
4992
4993
4994
4995
4996
4997
4998
4999
5000
5001
5002
5003
5004
5005
5006
5007
5008
5009
5010
5011
5012
5013
5014
5015
5016
5017
5018
5019
5020
5021
5022
5023
5024
5025
5026
5027
5028
5029
5030
5031
5032
5033
5034
5035
5036
5037
5038
5039
5040
5041
5042
5043
5044
5045
5046
5047
5048
5049
5050
5051
5052
5053
5054
5055
5056
5057
5058
5059
5060
5061
5062
5063
5064
5065
5066
5067
5068
5069
5070
5071
5072
5073
5074
5075
5076
5077
5078
5079
5080
5081
5082
5083
5084
5085
5086
5087
5088
5089
5090
5091
5092
5093
5094
5095
5096
5097
5098
5099
5100
5101
5102
5103
5104
5105
5106
5107
5108
5109
5110
5111
5112
5113
5114
5115
5116
5117
5118
5119
5120
5121
5122
5123
5124
5125
5126
5127
5128
5129
5130
5131
5132
5133
5134
5135
5136
5137
5138
5139
5140
5141
5142
5143
5144
5145
5146
5147
5148
5149
5150
5151
5152
5153
5154
5155
5156
5157
5158
5159
5160
5161
5162
5163
5164
5165
5166
5167
5168
5169
5170
5171
5172
5173
5174
5175
5176
5177
5178
5179
5180
5181
5182
5183
5184
5185
5186
5187
5188
5189
5190
5191
5192
5193
5194
5195
5196
5197
5198
5199
5200
5201
5202
5203
5204
5205
5206
5207
5208
5209
5210
5211
5212
5213
5214
5215
5216
5217
5218
5219
5220
5221
5222
5223
5224
5225
5226
5227
5228
5229
5230
5231
5232
5233
5234
5235
5236
5237
5238
5239
5240
5241
5242
5243
5244
5245
5246
5247
5248
5249
5250
5251
5252
5253
5254
5255
5256
5257
5258
5259
5260
5261
5262
5263
5264
5265
5266
5267
5268
5269
5270
5271
5272
5273
5274
5275
5276
5277
5278
5279
5280
5281
5282
5283
5284
5285
5286
5287
5288
5289
5290
5291
5292
5293
5294
5295
5296
5297
5298
5299
5300
5301
5302
5303
5304
5305
5306
5307
5308
5309
5310
5311
5312
5313
5314
5315
5316
5317
5318
5319
5320
5321
5322
5323
5324
5325
5326
5327
5328
5329
5330
5331
5332
5333
5334
5335
5336
5337
5338
5339
5340
5341
5342
5343
5344
5345
5346
5347
5348
5349
5350
5351
5352
5353
5354
5355
5356
5357
5358
5359
5360
5361
5362
5363
5364
5365
5366
5367
5368
5369
5370
5371
5372
5373
5374
5375
5376
5377
5378
5379
5380
5381
5382
5383
5384
5385
5386
5387
5388
5389
5390
5391
5392
5393
5394
5395
5396
5397
5398
5399
5400
5401
5402
5403
5404
5405
5406
5407
5408
5409
5410
5411
5412
5413
5414
5415
5416
5417
5418
5419
5420
5421
5422
5423
5424
5425
5426
5427
5428
5429
5430
5431
5432
5433
5434
5435
5436
5437
5438
5439
5440
5441
5442
5443
5444
5445
5446
5447
5448
5449
5450
5451
5452
5453
5454
5455
5456
5457
5458
5459
5460
5461
5462
5463
5464
5465
5466
5467
5468
5469
5470
5471
5472
5473
5474
5475
5476
5477
5478
5479
5480
5481
5482
5483
5484
5485
5486
5487
5488
5489
5490
5491
5492
5493
5494
5495
5496
5497
5498
5499
5500
5501
5502
5503
5504
5505
5506
5507
5508
5509
5510
5511
5512
5513
5514
5515
5516
5517
5518
5519
5520
5521
5522
5523
5524
5525
5526
5527
5528
5529
5530
5531
5532
5533
5534
5535
5536
5537
5538
5539
5540
5541
5542
5543
5544
5545
5546
5547
5548
5549
5550
5551
5552
5553
5554
5555
5556
5557
5558
5559
5560
5561
5562
5563
5564
5565
5566
5567
5568
5569
5570
5571
5572
5573
5574
5575
5576
5577
5578
5579
5580
5581
5582
5583
5584
5585
5586
5587
5588
5589
5590
5591
5592
5593
5594
5595
5596
5597
5598
5599
5600
5601
5602
5603
5604
5605
5606
5607
5608
5609
5610
5611
5612
5613
5614
5615
5616
5617
5618
5619
5620
5621
5622
5623
5624
5625
5626
5627
5628
5629
5630
5631
5632
5633
5634
5635
5636
5637
5638
5639
5640
5641
5642
5643
5644
5645
5646
5647
5648
5649
5650
5651
5652
5653
5654
5655
5656
5657
5658
5659
5660
5661
5662
5663
5664
5665
5666
5667
5668
5669
5670
5671
5672
5673
5674
5675
5676
5677
5678
5679
5680
5681
5682
5683
5684
5685
5686
5687
5688
5689
5690
5691
5692
5693
5694
5695
5696
5697
5698
5699
5700
5701
5702
5703
5704
5705
5706
5707
5708
5709
5710
5711
5712
5713
5714
5715
5716
5717
5718
5719
5720
5721
5722
5723
5724
5725
5726
5727
5728
5729
5730
5731
5732
5733
5734
5735
5736
5737
5738
5739
5740
5741
5742
5743
5744
5745
5746
5747
5748
5749
5750
5751
5752
5753
5754
5755
5756
5757
5758
5759
5760
5761
5762
5763
5764
5765
5766
5767
5768
5769
5770
5771
5772
5773
5774
5775
5776
5777
5778
5779
5780
5781
5782
5783
5784
5785
5786
5787
5788
5789
5790
5791
5792
5793
5794
5795
5796
5797
5798
5799
5800
5801
5802
5803
5804
5805
5806
5807
5808
5809
5810
5811
5812
5813
5814
5815
5816
5817
5818
5819
5820
5821
5822
5823
5824
5825
5826
5827
5828
5829
5830
5831
5832
5833
5834
5835
5836
5837
5838
5839
5840
5841
5842
5843
5844
5845
5846
5847
5848
5849
5850
5851
5852
5853
5854
5855
5856
5857
5858
5859
5860
5861
5862
5863
5864
5865
5866
5867
5868
5869
5870
5871
5872
5873
5874
5875
5876
5877
5878
5879
5880
5881
5882
5883
5884
5885
5886
5887
5888
5889
5890
5891
5892
5893
5894
5895
5896
5897
5898
5899
5900
5901
5902
5903
5904
5905
5906
5907
5908
5909
5910
5911
5912
5913
5914
5915
5916
5917
5918
5919
5920
5921
5922
5923
5924
5925
5926
5927
5928
5929
5930
5931
5932
5933
5934
5935
5936
5937
5938
5939
5940
5941
5942
5943
5944
5945
5946
5947
5948
5949
5950
5951
5952
5953
5954
5955
5956
5957
5958
5959
5960
5961
5962
5963
5964
5965
5966
5967
5968
5969
5970
5971
5972
5973
5974
5975
5976
5977
5978
5979
5980
5981
5982
5983
5984
5985
5986
5987
5988
5989
5990
5991
5992
5993
5994
5995
5996
5997
5998
5999
6000
6001
6002
6003
6004
6005
6006
6007
6008
6009
6010
6011
6012
6013
6014
6015
6016
6017
6018
6019
6020
6021
6022
6023
6024
6025
6026
6027
6028
6029
6030
6031
6032
6033
6034
6035
6036
6037
6038
6039
6040
6041
6042
6043
6044
6045
6046
6047
6048
6049
6050
6051
6052
6053
6054
6055
6056
6057
6058
6059
6060
6061
6062
6063
6064
6065
6066
6067
6068
6069
6070
6071
6072
6073
6074
6075
6076
6077
6078
6079
6080
6081
6082
6083
6084
6085
6086
6087
6088
6089
6090
6091
6092
6093
6094
6095
6096
6097
6098
6099
6100
6101
6102
6103
6104
6105
6106
6107
6108
6109
6110
6111
6112
6113
6114
6115
6116
6117
6118
6119
6120
6121
6122
6123
6124
6125
6126
6127
6128
6129
6130
6131
6132
6133
6134
6135
6136
6137
6138
6139
6140
6141
6142
6143
6144
6145
6146
6147
6148
6149
6150
6151
6152
6153
6154
6155
6156
6157
6158
6159
6160
6161
6162
6163
6164
6165
6166
6167
6168
6169
6170
6171
6172
6173
6174
6175
6176
6177
6178
6179
6180
6181
6182
6183
6184
6185
6186
6187
6188
6189
6190
6191
6192
6193
6194
6195
6196
6197
6198
6199
6200
6201
6202
6203
6204
6205
6206
6207
6208
6209
6210
6211
6212
6213
6214
6215
6216
6217
6218
6219
6220
6221
6222
6223
6224
6225
6226
6227
6228
6229
6230
6231
6232
6233
6234
6235
6236
6237
6238
6239
6240
6241
6242
6243
6244
6245
6246
6247
6248
6249
6250
6251
6252
6253
6254
6255
6256
6257
6258
6259
6260
6261
6262
6263
6264
6265
6266
6267
6268
6269
6270
6271
6272
6273
6274
6275
6276
6277
6278
6279
6280
6281
6282
6283
6284
6285
6286
6287
6288
6289
6290
6291
6292
6293
6294
6295
6296
6297
6298
6299
6300
6301
6302
6303
6304
6305
6306
6307
6308
6309
6310
6311
6312
6313
6314
6315
6316
6317
6318
6319
6320
6321
6322
6323
6324
6325
6326
6327
6328
6329
6330
6331
6332
6333
6334
6335
6336
6337
6338
6339
6340
6341
6342
6343
6344
6345
6346
6347
6348
6349
6350
6351
6352
6353
6354
6355
6356
6357
6358
6359
6360
6361
6362
6363
6364
6365
6366
6367
6368
6369
6370
6371
6372
6373
6374
6375
6376
6377
6378
6379
6380
6381
6382
6383
6384
6385
6386
6387
6388
6389
6390
6391
6392
6393
6394
6395
6396
6397
6398
6399
6400
6401
6402
6403
6404
6405
6406
6407
6408
6409
6410
6411
6412
6413
6414
6415
6416
6417
6418
6419
6420
6421
6422
6423
6424
6425
6426
6427
6428
6429
6430
6431
6432
6433
6434
6435
6436
6437
6438
6439
6440
6441
6442
6443
6444
6445
6446
6447
6448
6449
6450
6451
6452
6453
6454
6455
6456
6457
6458
6459
6460
6461
6462
6463
6464
6465
6466
6467
6468
6469
6470
6471
6472
6473
6474
6475
6476
6477
6478
6479
6480
6481
6482
6483
6484
6485
6486
6487
6488
6489
6490
6491
6492
6493
6494
6495
6496
6497
6498
6499
6500
6501
6502
6503
6504
6505
6506
6507
6508
6509
6510
6511
6512
6513
6514
6515
6516
6517
6518
6519
6520
6521
6522
6523
6524
6525
6526
6527
6528
6529
6530
6531
6532
6533
6534
6535
6536
6537
6538
6539
6540
6541
6542
6543
6544
6545
6546
6547
6548
6549
6550
6551
6552
6553
6554
6555
6556
6557
6558
6559
6560
6561
6562
6563
6564
6565
6566
6567
6568
6569
6570
6571
6572
6573
6574
6575
6576
6577
6578
6579
6580
6581
6582
6583
6584
6585
6586
6587
6588
6589
6590
6591
6592
6593
6594
6595
6596
6597
6598
6599
6600
6601
6602
6603
6604
6605
6606
6607
6608
6609
6610
6611
6612
6613
6614
6615
6616
6617
6618
6619
6620
6621
6622
6623
6624
6625
6626
6627
6628
6629
6630
6631
6632
6633
6634
6635
6636
6637
6638
6639
6640
6641
6642
6643
6644
6645
6646
6647
6648
6649
6650
6651
6652
6653
6654
6655
6656
6657
6658
6659
6660
6661
6662
6663
6664
6665
6666
6667
6668
6669
6670
6671
6672
6673
6674
6675
6676
6677
6678
6679
6680
6681
6682
6683
6684
6685
6686
6687
6688
6689
6690
6691
6692
6693
6694
6695
6696
6697
6698
6699
6700
6701
6702
6703
6704
6705
6706
6707
6708
6709
6710
6711
6712
6713
6714
6715
6716
6717
6718
6719
6720
6721
6722
6723
6724
6725
6726
6727
6728
6729
6730
6731
6732
6733
6734
6735
6736
6737
6738
6739
6740
6741
6742
6743
6744
6745
6746
6747
6748
6749
6750
6751
6752
6753
6754
6755
6756
6757
6758
6759
6760
6761
6762
6763
6764
6765
6766
6767
6768
6769
6770
6771
6772
6773
6774
6775
6776
6777
6778
6779
6780
6781
6782
6783
6784
6785
6786
6787
6788
6789
6790
6791
6792
6793
6794
6795
6796
6797
6798
6799
6800
6801
6802
6803
6804
6805
6806
6807
6808
6809
6810
6811
6812
6813
6814
6815
6816
6817
6818
6819
6820
6821
6822
6823
6824
6825
6826
6827
6828
6829
6830
6831
6832
6833
6834
6835
6836
6837
6838
6839
6840
6841
6842
6843
6844
6845
6846
6847
6848
6849
6850
6851
6852
6853
6854
6855
6856
6857
6858
6859
6860
6861
6862
6863
6864
6865
6866
6867
6868
6869
6870
6871
6872
6873
6874
6875
6876
6877
6878
6879
6880
6881
6882
6883
6884
6885
6886
6887
6888
6889
6890
6891
6892
6893
6894
6895
6896
6897
6898
6899
6900
6901
6902
6903
6904
6905
6906
6907
6908
6909
6910
6911
6912
6913
6914
6915
6916
6917
6918
6919
6920
6921
6922
6923
6924
6925
6926
6927
6928
6929
6930
6931
6932
6933
6934
6935
6936
6937
6938
6939
6940
6941
6942
6943
6944
6945
6946
6947
6948
6949
6950
6951
6952
6953
6954
6955
6956
6957
6958
6959
6960
6961
6962
6963
6964
6965
6966
6967
6968
6969
6970
6971
6972
6973
6974
6975
6976
6977
6978
6979
6980
6981
6982
6983
6984
6985
6986
6987
6988
6989
6990
6991
6992
6993
6994
6995
6996
6997
6998
6999
7000
7001
7002
7003
7004
7005
7006
7007
7008
7009
7010
7011
7012
7013
7014
7015
7016
7017
7018
7019
7020
7021
7022
7023
7024
7025
7026
7027
7028
7029
7030
7031
7032
7033
7034
7035
7036
7037
7038
7039
7040
7041
7042
7043
7044
7045
7046
7047
7048
7049
7050
7051
7052
7053
7054
7055
7056
7057
7058
7059
7060
7061
7062
7063
7064
7065
7066
7067
7068
7069
7070
7071
7072
7073
7074
7075
7076
7077
7078
7079
7080
7081
7082
7083
7084
7085
7086
7087
7088
7089
7090
7091
7092
7093
7094
7095
7096
7097
7098
7099
7100
7101
7102
7103
7104
7105
7106
7107
7108
7109
7110
7111
7112
7113
7114
7115
7116
7117
7118
7119
7120
7121
7122
7123
7124
7125
7126
7127
7128
7129
7130
7131
7132
7133
7134
7135
7136
7137
7138
7139
7140
7141
7142
7143
7144
7145
7146
7147
7148
7149
7150
7151
7152
7153
7154
7155
7156
7157
7158
7159
7160
7161
7162
7163
7164
7165
7166
7167
7168
7169
7170
7171
7172
7173
7174
7175
7176
7177
7178
7179
7180
7181
7182
7183
7184
7185
7186
7187
7188
7189
7190
7191
7192
7193
7194
7195
7196
7197
7198
7199
7200
7201
7202
7203
7204
7205
7206
7207
7208
7209
7210
7211
7212
7213
7214
7215
7216
7217
7218
7219
7220
7221
7222
7223
7224
7225
7226
7227
7228
7229
7230
7231
7232
7233
7234
7235
7236
7237
7238
7239
7240
7241
7242
7243
7244
7245
7246
7247
7248
7249
7250
7251
7252
7253
7254
7255
7256
7257
7258
7259
7260
7261
7262
7263
7264
7265
7266
7267
7268
7269
7270
7271
7272
7273
7274
7275
7276
7277
7278
7279
7280
7281
7282
7283
7284
7285
7286
7287
7288
7289
7290
7291
7292
7293
7294
7295
7296
7297
7298
7299
7300
7301
7302
7303
7304
7305
7306
7307
7308
7309
7310
7311
7312
7313
7314
7315
7316
7317
7318
7319
7320
7321
7322
7323
7324
7325
7326
7327
7328
7329
7330
7331
7332
7333
7334
7335
7336
7337
7338
7339
7340
7341
7342
7343
7344
7345
7346
7347
7348
7349
7350
7351
7352
7353
7354
7355
7356
7357
7358
7359
7360
7361
7362
7363
7364
7365
7366
7367
7368
7369
7370
7371
7372
7373
7374
7375
7376
7377
7378
7379
7380
7381
7382
7383
7384
7385
7386
7387
7388
7389
7390
7391
7392
7393
7394
7395
7396
7397
7398
7399
7400
7401
7402
7403
7404
7405
7406
7407
7408
7409
7410
7411
7412
7413
7414
7415
7416
7417
7418
7419
7420
7421
7422
7423
7424
7425
7426
7427
7428
7429
7430
7431
7432
7433
7434
7435
7436
7437
7438
7439
7440
7441
7442
7443
7444
7445
7446
7447
7448
7449
7450
7451
7452
7453
7454
7455
7456
7457
7458
7459
7460
7461
7462
7463
7464
7465
7466
7467
7468
7469
7470
7471
7472
7473
7474
7475
7476
7477
7478
7479
7480
7481
7482
7483
7484
7485
7486
7487
7488
7489
7490
7491
7492
7493
7494
7495
7496
7497
7498
7499
7500
7501
7502
7503
7504
7505
7506
7507
7508
7509
7510
7511
7512
7513
7514
7515
7516
7517
7518
7519
7520
7521
7522
7523
7524
7525
7526
7527
7528
7529
7530
7531
7532
7533
7534
7535
7536
7537
7538
7539
7540
7541
7542
7543
7544
7545
7546
7547
7548
7549
7550
7551
7552
7553
7554
7555
7556
7557
7558
7559
7560
7561
7562
7563
7564
7565
7566
7567
7568
7569
7570
7571
7572
7573
7574
7575
7576
7577
7578
7579
7580
7581
7582
7583
7584
7585
7586
7587
7588
7589
7590
7591
7592
7593
7594
7595
7596
7597
7598
7599
7600
7601
7602
7603
7604
7605
7606
7607
7608
7609
7610
7611
7612
7613
7614
7615
7616
7617
7618
7619
7620
7621
7622
7623
7624
7625
7626
7627
7628
7629
7630
7631
7632
7633
7634
7635
7636
7637
7638
7639
7640
7641
7642
7643
7644
7645
7646
7647
7648
7649
7650
7651
7652
7653
7654
7655
7656
7657
7658
7659
7660
7661
7662
7663
7664
7665
7666
7667
7668
7669
7670
7671
7672
7673
7674
7675
7676
7677
7678
7679
7680
7681
7682
7683
7684
7685
7686
7687
7688
7689
7690
7691
7692
7693
7694
7695
7696
7697
7698
7699
7700
7701
7702
7703
7704
7705
7706
7707
7708
7709
7710
7711
7712
7713
7714
7715
7716
7717
7718
7719
7720
7721
7722
7723
7724
7725
7726
7727
7728
7729
7730
7731
7732
7733
7734
7735
7736
7737
7738
7739
7740
7741
7742
7743
7744
7745
7746
7747
7748
7749
7750
7751
7752
7753
7754
7755
7756
7757
7758
7759
7760
7761
7762
7763
7764
7765
7766
7767
7768
7769
7770
7771
7772
7773
7774
7775
7776
7777
7778
7779
7780
7781
7782
7783
7784
7785
7786
7787
7788
7789
7790
7791
7792
7793
7794
7795
7796
7797
7798
7799
7800
7801
7802
7803
7804
7805
7806
7807
7808
7809
7810
7811
7812
7813
7814
7815
7816
7817
7818
7819
7820
7821
7822
7823
7824
7825
7826
7827
7828
7829
7830
7831
7832
7833
7834
7835
7836
7837
7838
7839
7840
7841
7842
7843
7844
7845
7846
7847
7848
7849
7850
7851
7852
7853
7854
7855
7856
7857
7858
7859
7860
7861
7862
7863
7864
7865
7866
7867
7868
7869
7870
7871
7872
7873
7874
7875
7876
7877
7878
7879
7880
7881
7882
7883
7884
7885
7886
7887
7888
7889
7890
7891
7892
7893
7894
7895
7896
7897
7898
7899
7900
7901
7902
7903
7904
7905
7906
7907
7908
7909
7910
7911
7912
7913
7914
7915
7916
7917
7918
7919
7920
7921
7922
7923
7924
7925
7926
7927
7928
7929
7930
7931
7932
7933
7934
7935
7936
7937
7938
7939
7940
7941
7942
7943
7944
7945
7946
7947
7948
7949
7950
7951
7952
7953
7954
7955
7956
7957
7958
7959
7960
7961
7962
7963
7964
7965
7966
7967
7968
7969
7970
7971
7972
7973
7974
7975
7976
7977
7978
7979
7980
7981
7982
7983
7984
7985
7986
7987
7988
7989
7990
7991
7992
7993
7994
7995
7996
7997
7998
7999
8000
8001
8002
8003
8004
8005
8006
8007
8008
8009
8010
8011
8012
8013
8014
8015
8016
8017
8018
8019
8020
8021
8022
8023
8024
8025
8026
8027
8028
8029
8030
8031
8032
8033
8034
8035
8036
8037
8038
8039
8040
8041
8042
8043
8044
8045
8046
8047
8048
8049
8050
8051
8052
8053
8054
8055
8056
8057
8058
8059
8060
8061
8062
8063
8064
8065
8066
8067
8068
8069
8070
8071
8072
8073
8074
8075
8076
8077
8078
8079
8080
8081
8082
8083
8084
8085
8086
8087
8088
8089
8090
8091
8092
8093
8094
8095
8096
8097
8098
8099
8100
8101
8102
8103
8104
8105
8106
8107
8108
8109
8110
8111
8112
8113
8114
8115
8116
8117
8118
8119
8120
8121
8122
8123
8124
8125
8126
8127
8128
8129
8130
8131
8132
8133
8134
8135
8136
8137
8138
8139
8140
8141
8142
8143
8144
8145
8146
8147
8148
8149
8150
8151
8152
8153
8154
8155
8156
8157
8158
8159
8160
8161
8162
8163
8164
8165
8166
8167
8168
8169
8170
8171
8172
8173
8174
8175
8176
8177
8178
8179
8180
8181
8182
8183
8184
8185
8186
8187
8188
8189
8190
8191
8192
8193
8194
8195
8196
8197
8198
8199
8200
8201
8202
8203
8204
8205
8206
8207
8208
8209
8210
8211
8212
8213
8214
8215
8216
8217
8218
8219
8220
8221
8222
8223
8224
8225
8226
8227
8228
8229
8230
8231
8232
8233
8234
8235
8236
8237
8238
8239
8240
8241
8242
8243
8244
8245
8246
8247
8248
8249
8250
8251
8252
8253
8254
8255
8256
8257
8258
8259
8260
8261
8262
8263
8264
8265
8266
8267
8268
8269
8270
8271
8272
8273
8274
8275
8276
8277
8278
8279
8280
8281
8282
8283
8284
8285
8286
8287
8288
8289
8290
8291
8292
8293
8294
8295
8296
8297
8298
8299
8300
8301
8302
8303
8304
8305
8306
8307
8308
8309
8310
8311
8312
8313
8314
8315
8316
8317
8318
8319
8320
8321
8322
8323
8324
8325
8326
8327
8328
8329
8330
8331
8332
8333
8334
8335
8336
8337
8338
8339
8340
8341
8342
8343
8344
8345
8346
8347
8348
8349
8350
8351
8352
8353
8354
8355
8356
8357
8358
8359
8360
8361
8362
8363
8364
8365
8366
8367
8368
8369
8370
8371
8372
8373
8374
8375
8376
8377
8378
8379
8380
8381
8382
8383
8384
8385
8386
8387
8388
8389
8390
8391
8392
8393
8394
8395
8396
8397
8398
8399
8400
8401
8402
8403
8404
8405
8406
8407
8408
8409
8410
8411
8412
8413
8414
8415
8416
8417
8418
8419
8420
8421
8422
8423
8424
8425
8426
8427
8428
8429
8430
8431
8432
8433
8434
8435
8436
8437
8438
8439
8440
8441
8442
8443
8444
8445
8446
8447
8448
8449
8450
8451
8452
8453
8454
8455
8456
8457
8458
8459
8460
8461
8462
8463
8464
8465
8466
8467
8468
8469
8470
8471
8472
8473
8474
8475
8476
8477
8478
8479
8480
8481
8482
8483
8484
8485
8486
8487
8488
8489
8490
8491
8492
8493
8494
8495
8496
8497
8498
8499
8500
8501
8502
8503
8504
8505
8506
8507
8508
8509
8510
8511
8512
8513
8514
8515
8516
8517
8518
8519
8520
8521
8522
8523
8524
8525
8526
8527
8528
8529
8530
8531
8532
8533
8534
8535
8536
8537
8538
8539
8540
8541
8542
8543
8544
8545
8546
8547
8548
8549
8550
8551
8552
8553
8554
8555
8556
8557
8558
8559
8560
8561
8562
8563
8564
8565
8566
8567
8568
8569
8570
8571
8572
8573
8574
8575
8576
8577
8578
8579
8580
8581
8582
8583
8584
8585
8586
8587
8588
8589
8590
8591
8592
8593
8594
8595
8596
8597
8598
8599
8600
8601
8602
8603
8604
8605
8606
8607
8608
8609
8610
8611
8612
8613
8614
8615
8616
8617
8618
8619
8620
8621
8622
8623
8624
8625
8626
8627
8628
8629
8630
8631
8632
8633
8634
8635
8636
8637
8638
8639
8640
8641
8642
8643
8644
8645
8646
8647
8648
8649
8650
8651
8652
8653
8654
8655
8656
8657
8658
8659
8660
8661
8662
8663
8664
8665
8666
8667
8668
8669
8670
8671
8672
8673
8674
8675
8676
8677
8678
8679
8680
8681
8682
8683
8684
8685
8686
8687
8688
8689
8690
8691
8692
8693
8694
8695
8696
8697
8698
8699
8700
8701
8702
8703
8704
8705
8706
8707
8708
8709
8710
8711
8712
8713
8714
8715
8716
8717
8718
8719
8720
8721
8722
8723
8724
8725
8726
8727
8728
8729
8730
8731
8732
8733
8734
8735
8736
8737
8738
8739
8740
8741
8742
8743
8744
8745
8746
8747
8748
8749
8750
8751
8752
8753
8754
8755
8756
8757
8758
8759
8760
8761
8762
8763
8764
8765
8766
8767
8768
8769
8770
8771
8772
8773
8774
8775
8776
8777
8778
8779
8780
8781
8782
8783
8784
8785
8786
8787
8788
8789
8790
8791
8792
8793
8794
8795
8796
8797
8798
8799
8800
8801
8802
8803
8804
8805
8806
8807
8808
8809
8810
8811
8812
8813
8814
8815
8816
8817
8818
8819
8820
8821
8822
8823
8824
8825
8826
8827
8828
8829
8830
8831
8832
8833
8834
8835
8836
8837
8838
8839
8840
8841
8842
8843
8844
8845
8846
8847
8848
8849
8850
8851
8852
8853
8854
8855
8856
8857
8858
8859
8860
8861
8862
8863
8864
8865
8866
8867
8868
8869
8870
8871
8872
8873
8874
8875
8876
8877
8878
8879
8880
8881
8882
8883
8884
8885
8886
8887
8888
8889
8890
8891
8892
8893
8894
8895
8896
8897
8898
8899
8900
8901
8902
8903
8904
8905
8906
8907
8908
8909
8910
8911
8912
8913
8914
8915
8916
8917
8918
8919
8920
8921
8922
8923
8924
8925
8926
8927
8928
8929
8930
8931
8932
8933
8934
8935
8936
8937
8938
8939
8940
8941
8942
8943
8944
8945
8946
8947
8948
8949
8950
8951
8952
8953
8954
8955
8956
8957
8958
8959
8960
8961
8962
8963
8964
8965
8966
8967
8968
8969
8970
8971
8972
8973
8974
8975
8976
8977
8978
8979
8980
8981
8982
8983
8984
8985
8986
8987
8988
8989
8990
8991
8992
8993
8994
8995
8996
8997
8998
8999
9000
9001
9002
9003
9004
9005
9006
9007
9008
9009
9010
9011
9012
9013
9014
9015
9016
9017
9018
9019
9020
9021
9022
9023
9024
9025
9026
9027
9028
9029
9030
9031
9032
9033
9034
9035
9036
9037
9038
9039
9040
9041
9042
9043
9044
9045
9046
9047
9048
9049
9050
9051
9052
9053
9054
9055
9056
9057
9058
9059
9060
9061
9062
9063
9064
9065
9066
9067
9068
9069
9070
9071
9072
9073
9074
9075
9076
9077
9078
9079
9080
9081
9082
9083
9084
9085
9086
9087
9088
9089
9090
9091
9092
9093
9094
9095
9096
9097
9098
9099
9100
9101
9102
9103
9104
9105
9106
9107
9108
9109
9110
9111
9112
9113
9114
9115
9116
9117
9118
9119
9120
9121
9122
9123
9124
9125
9126
9127
9128
9129
9130
9131
9132
9133
9134
9135
9136
9137
9138
9139
9140
9141
9142
9143
9144
9145
9146
9147
9148
9149
9150
9151
9152
9153
9154
9155
9156
9157
9158
9159
9160
9161
9162
9163
9164
9165
9166
9167
9168
9169
9170
9171
9172
9173
9174
9175
9176
9177
9178
9179
9180
9181
9182
9183
9184
9185
9186
9187
9188
9189
9190
9191
9192
9193
9194
9195
9196
9197
9198
9199
9200
9201
9202
9203
9204
9205
9206
9207
9208
9209
9210
9211
9212
9213
9214
9215
9216
9217
9218
9219
9220
9221
9222
9223
9224
9225
9226
9227
9228
9229
9230
9231
9232
9233
9234
9235
9236
9237
9238
9239
9240
9241
9242
9243
9244
9245
9246
9247
9248
9249
9250
9251
9252
9253
9254
9255
9256
9257
9258
9259
9260
9261
9262
9263
9264
9265
9266
9267
9268
9269
9270
9271
9272
9273
9274
9275
9276
9277
9278
9279
9280
9281
9282
9283
9284
9285
9286
9287
9288
9289
9290
9291
9292
9293
9294
9295
9296
9297
9298
9299
9300
9301
9302
9303
9304
9305
9306
9307
9308
9309
9310
9311
9312
9313
9314
9315
9316
9317
9318
9319
9320
9321
9322
9323
9324
9325
9326
9327
9328
9329
9330
9331
9332
9333
9334
9335
9336
9337
9338
9339
9340
9341
9342
9343
9344
9345
9346
9347
9348
9349
9350
9351
9352
9353
9354
9355
9356
9357
9358
9359
9360
9361
9362
9363
9364
9365
9366
9367
9368
9369
9370
9371
9372
9373
9374
9375
9376
9377
9378
9379
9380
9381
9382
9383
9384
9385
9386
9387
9388
9389
9390
9391
9392
9393
9394
9395
9396
9397
9398
9399
9400
9401
9402
9403
9404
9405
9406
9407
9408
9409
9410
9411
9412
9413
9414
9415
9416
9417
9418
9419
9420
9421
9422
9423
9424
9425
9426
9427
9428
9429
9430
9431
9432
9433
9434
9435
9436
9437
9438
9439
9440
9441
9442
9443
9444
9445
9446
9447
9448
9449
9450
9451
9452
9453
9454
9455
9456
9457
9458
9459
9460
9461
9462
9463
9464
9465
9466
9467
9468
9469
9470
9471
9472
9473
9474
9475
9476
9477
9478
9479
9480
9481
9482
44.87500000006128 0.2165063509417824 0
43.3750000000708 0.2165063509377048 0
41.87500000007996 0.2165063509335554 0
39.8750000000921 0.2165063509293198 0
38.12500000010341 0.2165063509270362 0
36.37500000010262 0.2165063509349387 0
34.87500000011094 0.2165063509294027 0
33.3750000001249 0.2165063509299887 0
31.87500000012788 0.2165063509452959 0
6.876191327096169 9.774891962077472 0
8.374490300245574 9.778017229684737 0
9.876721239507017 9.784754227863976 0
11.37445624381818 9.769790441524421 0
12.876156561398 9.774831746179554 0
14.37449030021575 9.778017229686684 0
19.87449030020213 9.778017229688521 0
21.62499999991732 9.783493649054247 0
23.12021784739039 9.77740811174111 0
25.12550969966237 9.778017229710136 0
28.87499999993533 9.770195279939674 0
26.62413938377232 9.765294171314565 0
30.37431530518762 9.776462790584011 0
18.37615656137933 9.774831746184983 0
5.124999999991125 9.779682966630912 0
15.86927661610212 9.780189251862637 0
17.12500000012137 0.2165063509478126 0
27.6250000001291 0.2165063509461081 0
40.87512349725192 9.769861342905088 0
24.1250000001291 0.2165063509461066 0
20.625000000134 0.2165063509429146 0
37.36967026428898 9.770011610916157 0
39.11946015097638 9.770565344250397 0
44.12499999996783 9.783493649052708 0
5.875000000045021 0.2165063509448296 0
19.12500000012918 0.2165063509460919 0
42.66048847699271 9.793267657348077 0
22.37500000013538 0.2165063509459288 0
25.87500000012911 0.2165063509461066 0
29.62500000013198 0.2165063509466077 0
35.57690539625168 9.804353439352369 0
7.625000000054084 0.2165063509477518 0
34.1249999999131 9.783493649052708 0
9.125000000064748 0.2165063509480098 0
10.62500000007542 0.2165063509479781 0
12.12500000008609 0.2165063509479815 0
32.62499999990476 9.792899404547111 0
13.62500000009675 0.2165063509479089 0
15.12500000010742 0.2165063509479818 0
49.7623935517835 5.157818242415063 0
0.2165063509464377 4.874999999992198 0
45.62245707798908 9.77364806193051 0
4.375000000053358 0.2165063509379015 0
49.78349364905391 3.875000000000101 0
17.12986686909919 9.786303537282276 0
0.2338890704089439 6.101830961618416 0
3.876131679682492 9.767389334473132 0
46.12500000002757 0.2165063509445651 0
49.79364451966597 6.37510587451048 0
0.2234224414988564 3.619016935833647 0
3.125000000045187 0.2165063509375809 0
46.87499999999476 9.779682966638639 0
49.77139631423661 2.614589367618374 0
0.2206893353906612 7.370113614282307 0
2.630604064122299 9.766363399574324 0
47.37500000002618 0.2165063509378829 0
30.87500000013134 0.2165063509455591 0
31.62499999990112 9.783493649054078 0
16.12500000011455 0.2165063509478123 0
27.87675471234173 9.783556940685461 0
28.62500000013515 0.216506350944663 0
24.12543908981434 9.777975406352688 0
49.7747597827428 7.3690925423647 0
40.87500000008602 0.2165063509311384 0
18.12500000012828 0.2165063509468464 0
0.2274589291815685 2.615245812445059 0
2.125000000010646 0.2165063509450503 0
47.8865939088843 9.786541479946873 0
49.78349364905389 1.625000000000015 0
0.2230856489001091 8.371206889307754 0
0.2165063509454771 1.624999999997914 0
49.78309285975187 8.387660315719856 0
1.625000000012496 9.769921359627521 0
48.37500000001144 0.2165063509445713 0
36.6230304293269 9.7733698855537 0
38.36419787288396 9.767378517785632 0
34.87499999991724 9.783493649052705 0
40.1249999999733 9.769921359657896 0
41.62512349724683 9.770135263197082 0
6.125000000002821 9.770195279917274 0
6.875000000048832 0.216506350947642 0
8.375000000059408 0.2165063509479249 0
33.39792258212967 9.752110105306281 0
12.87500000009142 0.2165063509479424 0
11.37500000008079 0.2165063509478951 0
9.875000000070088 0.2165063509479873 0
5.12500000003643 0.216506350947648 0
14.37500000010208 0.2165063509479668 0
43.37499999996376 9.783493649052708 0
26.87500000013529 0.2165063509453667 0
25.12500000013352 0.2165063509451561 0
25.87515667170928 9.777373091885423 0
44.8249021324983 9.807536437060341 0
21.62500000013083 0.2165063509431707 0
19.87500000012912 0.2165063509461035 0
29.63118519151134 9.766193539102884 0
23.37500000013075 0.2165063509461211 0
19.12672123946908 9.784754227864648 0
20.6259628079478 9.774716982895207 0
22.37499999994919 9.765712410341875 0
37.12500000010312 0.2165063509338283 0
34.12500000011659 0.2165063509293982 0
39.12500000008954 0.2165063509296031 0
9.126156561416323 9.774831746175195 0
10.62449030023439 9.778017229685439 0
7.626721239519066 9.784754227863534 0
12.12449030022691 9.778017229685927 0
13.62672123948698 9.78475422786458 0
44.12500000006622 0.2165063509397759 0
42.62500000005916 0.2165063509316607 0
32.62500000012481 0.216506350935884 0
35.62500000011934 0.2165063509235679 0
15.1141509491765 9.7556280192006 0
1.375000000032649 0.2165063509365805 0
48.61917452995085 9.781825996848974 0
49.77780090672169 0.8724334225160164 0
0.2115985651685271 9.124999999998646 0
0.2221998639077612 0.872430185449519 0
49.7814521822886 9.126487206046464 0
0.8755775906678036 9.770411703101404 0
49.1250000000062 0.2165063509445713 0
31.37500000012879 0.2165063509457522 0
16.38632404781567 9.77368297039235 0
30.37500000013086 0.2165063509451053 0
32.12499999990217 9.783493649053142 0
0.8750000000315531 0.216506350937661 0
17.62506300874709 9.779852318234811 0
46.36753837005691 9.770870490112932 0
49.12499999999506 9.783493649052708 0
17.6250000001257 0.2165063509478865 0
2.625000000041991 0.2165063509374789 0
47.37543908988213 9.77797540635601 0
49.76062090051365 2.1459889192076 0
3.625000000048432 0.2165063509377038 0
36.12228305011661 9.748655142033632 0
42.12718614783848 9.746784300308352 0
0.2165063509463048 4.374999999991203 0
49.81258708341942 3.123338894342299 0
37.87499999993365 9.783493649052708 0
39.6249999999708 9.770195279936019 0
0.2212563652080336 6.888801380811056 0
0.237560335290161 7.838850130996211 0
16.62500000011799 0.2165063509477253 0
15.62500000011102 0.2165063509477874 0
6.375000000045362 0.2165063509476616 0
49.75213349640094 4.362420026902443 0
0.2239956541719679 5.627400330962018 0
21.12586703685593 9.776143127808892 0
3.375000000007113 9.769921359628761 0
45.62500000005704 0.2165063509438321 0
29.12500000013241 0.2165063509451855 0
27.1253640711539 9.77972167620314 0
18.62500000013094 0.2165063509446596 0
28.37465059438491 9.779901771140514 0
26.37500000012918 0.2165063509460886 0
5.625000000000597 9.770193272005393 0
21.12500000013225 0.216506350943963 0
23.6245609100523 9.777975406329524 0
24.62499999991243 9.783493649054245 0
49.77777780801109 5.626484206848033 0
30.87456091004129 9.777975406331937 0
28.1250000001364 0.2165063509446074 0
37.62500000010645 0.2165063509264135 0
49.7678630114028 6.894531844024756 0
22.87500000013538 0.2165063509459815 0
4.621177930055365 9.774983519361601 0
24.6250000001291 0.2165063509461133 0
41.37500000008304 0.2165063509323688 0
38.62500000008686 0.2165063509353913 0
40.37500000008895 0.2165063509303499 0
2.12500000000487 9.770467192319247 0
49.76388966654008 7.838850131029593 0
46.62500000002409 0.2165063509445651 0
0.2392768224681342 3.087400780017364 0
0.2383822904487979 2.145093568077467 0
47.87500000002994 0.2165063509454419 0
0.3846687836989606 0.2109240760954187 0
49.7735756881652 0.397956404769246 0
49.61533121634876 9.789075923894917 0
0.1947119545692906 9.648737212421446 0
31.12500000013012 0.2165063509453441 0
31.25000000013086 0.433012701890212 0
31.50000000012851 0.4330127018912716 0
31.37500000012982 0.6495190528358631 0
31.62500000012765 0.6495190528369607 0
31.50000000012776 0.8660254037821098 0
31.75000000012664 0.8660254037826018 0
31.62500000012673 1.082531754727763 0
31.87500000012587 1.082531754728163 0
31.75000000012604 1.299038105673378 0
31.50000000012679 1.299038105672957 0
31.62500000012614 1.515544456618552 0
31.87500000012522 1.515544456618872 0
31.75000000012543 1.732050807564118 0
32.00000000012473 1.732050807564375 0
31.87500000012474 1.948557158509668 0
32.12500000013027 1.948557158506348 0
32.0000000001251 2.165063509454675 0
32.25000000013084 2.165063509451264 0
32.12500000012482 2.381569860399741 0
32.37500000013428 2.381569860394513 0
31.87500000012406 2.381569860400627 0
32.25000000012627 2.598076211344066 0
32.50000000013468 2.598076211339592 0
32.37500000012609 2.814582562289861 0
32.62500000012934 2.814582562288106 0
32.50000000012341 3.03108891323694 0
32.75000000012762 3.031088913234556 0
32.62500000012226 3.24759526418308 0
32.8750000001289 3.247595264176637 0
32.75000000012181 3.464101615128478 0
33.00000000013365 3.464101615113592 0
32.50000000012061 3.464101615129446 0
32.87500000012214 3.680607966072849 0
33.12500000011914 3.68060796607616 0
33.00000000011943 3.89711431702129 0
33.25000000012817 3.897114317017993 0
33.12500000012012 4.113620667967027 0
33.3750000001301 4.113620667963629 0
33.25000000012025 4.330127018912998 0
33.50000000012075 4.330127018913722 0
33.37500000011817 4.546633369859824 0
33.12500000011823 4.546633369859424 0
33.62500000011796 4.546633369860253 0
33.75000000011822 4.330127018914768 0
33.87500000011737 4.546633369860318 0
34.00000000011753 4.330127018904664 0
34.12500000011703 4.546633369858344 0
34.25000000011723 4.330127018902902 0
34.37500000011681 4.546633369858434 0
34.50000000012086 4.330127018905424 0
34.62500000011725 4.546633369859011 0
34.75000000012333 4.330127018897443 0
34.87500000011758 4.546633369857361 0
35.0000000001198 4.330127018903863 0
35.12500000011685 4.546633369859046 0
35.25000000011693 4.330127018914185 0
35.37500000011613 4.546633369861174 0
35.50000000011614 4.3301270189165 0
35.62500000011568 4.546633369862161 0
35.75000000011578 4.330127018917345 0
35.87500000011531 4.546633369862584 0
36.00000000011543 4.330127018917771 0
36.12500000011501 4.546633369862971 0
36.25000000011509 4.330127018918103 0
36.37500000011466 4.546633369864211 0
36.50000000011487 4.330127018918768 0
36.6250000001144 4.546633369863714 0
36.75000000011455 4.330127018918969 0
36.87500000011413 4.546633369863947 0
37.00000000011421 4.330127018919286 0
37.12500000011384 4.546633369864239 0
37.25000000011388 4.330127018919645 0
37.3750000001135 4.546633369864599 0
37.50000000011357 4.330127018920026 0
37.62500000011313 4.546633369864843 0
37.75000000011327 4.33012701892036 0
37.87500000011281 4.546633369865207 0
38.0000000001129 4.330127018920614 0
38.12500000011244 4.546633369866818 0
38.25000000011264 4.330127018921537 0
38.3750000001121 4.546633369866214 0
38.500000000111 4.330127018922505 0
38.62500000011151 4.546633369866566 0
38.7500000001104 4.330127018923021 0
38.87500000011107 4.54663336986687 0
39.00000000011131 4.330127018919718 0
39.12500000011099 4.546633369867951 0
39.25000000011121 4.33012701891966 0
39.37500000011064 4.546633369867142 0
39.5000000001109 4.330127018923799 0
39.62500000011038 4.5466333698695 0
39.75000000011424 4.330127018916865 0
39.87500000011063 4.546633369869059 0
40.00000000011214 4.330127018919429 0
40.12500000011001 4.546633369868077 0
40.25000000011023 4.330127018921024 0
40.37500000010935 4.546633369868499 0
40.50000000010955 4.330127018921677 0
40.62500000010894 4.546633369868853 0
40.75000000010908 4.330127018925018 0
40.87500000010851 4.546633369871124 0
41.00000000010871 4.330127018926287 0
41.12500000010809 4.54663336987068 0
41.25000000010837 4.330127018926223 0
41.37500000010774 4.546633369872681 0
41.50000000010798 4.330127018926866 0
41.62500000010739 4.546633369873615 0
41.75000000010756 4.330127018927964 0
41.87500000010704 4.546633369872194 0
42.00000000010721 4.330127018928225 0
42.12500000010667 4.546633369873531 0
42.25000000010688 4.330127018928776 0
42.3750000001063 4.546633369872927 0
42.50000000010652 4.330127018929092 0
42.62500000010593 4.546633369875098 0
42.75000000010617 4.330127018929907 0
42.87500000010557 4.546633369875919 0
43.00000000010766 4.330127018929652 0
43.12500000010544 4.546633369874398 0
43.25000000010857 4.330127018928659 0
43.37500000010481 4.546633369877037 0
43.5000000001065 4.33012701893008 0
43.62500000010468 4.546633369875211 0
43.75000000010493 4.330127018931357 0
43.87500000010414 4.546633369875296 0
44.00000000010424 4.330127018931972 0
44.12500000010365 4.546633369877114 0
44.25000000010375 4.330127018932629 0
44.37500000010323 4.546633369876434 0
44.50000000010337 4.330127018932759 0
44.62500000010282 4.546633369876606 0
44.75000000010293 4.330127018933128 0
44.87500000010245 4.546633369876975 0
45.00000000010261 4.330127018933585 0
35.2500000001218 4.763139720807549 0
37.00000000012041 4.763139720809194 0
33.75000000011998 4.763139720806228 0
38.75000000011841 4.763139720810839 0
40.50000000011684 4.763139720812413 0
43.00000000011049 4.763139720816882 0
44.50000000011259 4.763139720819017 0
41.75000000011216 4.763139720816654 0
45.12500000010215 4.546633369879537 0
45.2500000001023 4.330127018934304 0
45.37500000010179 4.546633369880396 0
45.50000000010201 4.330127018934927 0
31.37500000012685 1.515544456618198 0
45.62500000010147 4.546633369881015 0
45.50000000010119 4.763139720826643 0
45.75000000010162 4.330127018935269 0
45.75000000010085 4.763139720826954 0
45.62500000010063 4.979646071772849 0
45.87500000010044 4.97964607177321 0
45.75000000010031 5.196152422718932 0
46.00000000010005 5.196152422719294 0
45.87500000009977 5.412658773665147 0
45.12500000010358 4.113620667988841 0
43.62500000010756 4.113620667983923 0
42.12500000010736 4.11362066798281 0
39.37500000011825 4.113620667965068 0
36.62500000012047 4.113620667959342 0
41.12500000011079 4.113620667979406 0
38.37500000010824 4.113620667972883 0
35.12500000012706 4.113620667944755 0
46.12500000009969 5.412658773665559 0
46.00000000009919 5.629165124611449 0
46.2500000000985 5.629165124611382 0
46.12500000009729 5.845671475556721 0
46.25000000009967 5.196152422719535 0
33.00000000013318 3.031088913224307 0
45.87500000009846 5.845671475557204 0
46.0000000000983 6.062177826503722 0
45.75000000009849 6.062177826503297 0
46.25000000009515 6.062177826500776 0
45.8750000000981 6.278684177449961 0
45.62500000009803 6.278684177449389 0
45.75000000009744 6.495190528395806 0
45.50000000009742 6.495190528395218 0
45.62500000009676 6.711696879341823 0
45.3750000000968 6.711696879341355 0
45.50000000009629 6.928203230287902 0
45.25000000009602 6.928203230287558 0
45.75000000009583 6.928203230287957 0
45.3750000000957 7.144709581234121 0
45.12500000009531 7.144709581233733 0
45.00000000009555 6.928203230287121 0
44.87500000009484 7.144709581233325 0
44.75000000009503 6.928203230286642 0
44.6250000000944 7.144709581232929 0
44.50000000009452 6.928203230286231 0
44.37500000009405 7.144709581230296 0
44.25000000009408 6.928203230285503 0
44.12500000009361 7.144709581230949 0
44.00000000009366 6.928203230285295 0
43.87500000009312 7.144709581229442 0
43.75000000009327 6.928203230284746 0
43.62500000009271 7.1447095812309 0
43.50000000009285 6.928203230284685 0
43.37500000009221 7.144709581227882 0
43.25000000009237 6.928203230284009 0
43.12500000009178 7.144709581227262 0
43.00000000009192 6.928203230283581 0
42.87500000009138 7.144709581229801 0
42.75000000009144 6.928203230283562 0
42.62500000009097 7.144709581227073 0
42.50000000009101 6.928203230282894 0
42.37500000009055 7.144709581226389 0
42.25000000009209 6.928203230283508 0
42.12500000009038 7.144709581226214 0
42.00000000009194 6.928203230283374 0
41.87500000009003 7.144709581225944 0
41.75000000008996 6.928203230282094 0
41.62500000008929 7.144709581225521 0
41.50000000008917 6.928203230281626 0
41.37500000008875 7.144709581225129 0
41.25000000008876 6.928203230281314 0
41.12500000008828 7.144709581224792 0
41.00000000008998 6.928203230281807 0
40.87500000008788 7.14470958122625 0
40.75000000008986 6.928203230281804 0
40.62500000008761 7.144709581224435 0
40.50000000008755 6.928203230280572 0
40.37500000008698 7.144709581223677 0
40.25000000008712 6.928203230279619 0
40.12500000008648 7.144709581224842 0
40.00000000008659 6.928203230279312 0
39.87500000008601 7.144709581222956 0
39.75000000008609 6.928203230278671 0
39.62500000008562 7.144709581222131 0
39.50000000008571 6.928203230278083 0
39.37500000008518 7.144709581221606 0
39.25000000008531 6.928203230277614 0
39.1250000000847 7.14470958122395 0
39.00000000008477 6.92820323027766 0
38.87500000008426 7.144709581224088 0
38.75000000008427 6.928203230277405 0
38.62500000008382 7.144709581220216 0
38.50000000008385 6.928203230276562 0
38.37500000008334 7.144709581221507 0
38.25000000008544 6.928203230277591 0
38.12500000008315 7.144709581219454 0
38.00000000008953 6.928203230277241 0
37.87500000008362 7.144709581218974 0
37.75000000008797 6.928203230275679 0
37.62500000008311 7.144709581218391 0
37.50000000008317 6.928203230275004 0
37.37500000008189 7.144709581218189 0
37.25000000008187 6.928203230274623 0
37.12500000008119 7.144709581217858 0
37.0000000000835 6.928203230275521 0
36.87500000008104 7.144709581220848 0
36.75000000008343 6.92820323027593 0
36.62500000008063 7.14470958121812 0
36.50000000008522 6.928203230271476 0
36.37500000008049 7.144709581216626 0
36.25000000007973 6.928203230273878 0
36.12500000007928 7.144709581219464 0
36.00000000008828 6.928203230270695 0
35.87500000008017 7.144709581219095 0
35.75000000008059 6.928203230272377 0
35.6250000000787 7.14470958121909 0
35.50000000007874 6.928203230272308 0
35.3750000000778 7.144709581218722 0
35.25000000007787 6.928203230271919 0
35.12500000007714 7.144709581215211 0
35.00000000007734 6.928203230270878 0
34.87500000007655 7.144709581215878 0
34.75000000007677 6.928203230270258 0
34.62500000007597 7.14470958121364 0
34.50000000007619 6.928203230269345 0
34.37500000007546 7.144709581212525 0
34.25000000007572 6.928203230268695 0
34.12500000007503 7.144709581213908 0
34.00000000007525 6.928203230268537 0
33.87500000007461 7.144709581211716 0
33.75000000007476 6.928203230271102 0
33.62500000006893 7.144709581214434 0
33.50000000007348 6.928203230271554 0
33.37500000006497 7.144709581213016 0
33.2500000000724 6.928203230271002 0
33.12500000006904 7.144709581212287 0
33.00000000007267 6.928203230270421 0
32.87500000006718 7.144709581213123 0
32.75000000007221 6.928203230266765 0
32.62500000006415 7.144709581210834 0
32.50000000007312 6.928203230265464 0
32.37500000007051 7.144709581210591 0
32.25000000007269 6.928203230264778 0
32.12500000006966 7.144709581209199 0
32.00000000007368 6.928203230266623 0
31.8750000000697 7.144709581208835 0
31.75000000007293 6.928203230263635 0
31.62500000007193 7.144709581206714 0
31.500000000077 6.928203230260204 0
31.37500000006297 7.144709581203642 0
31.25000000006994 6.92820323025983 0
31.37500000007779 6.711696879313398 0
31.12500000007376 6.711696879318422 0
31.00000000007042 6.928203230260499 0
30.87500000007323 6.711696879318962 0
30.75000000007278 6.928203230261436 0
30.62500000007361 6.711696879315474 0
30.75000000008396 6.495190528374107 0
30.50000000007591 6.495190528369414 0
30.37500000007414 6.711696879314513 0
30.25000000007474 6.495190528368134 0
30.3750000000752 6.278684177422344 0
30.1250000000751 6.278684177421669 0
30.25000000008544 6.062177826473587 0
30.00000000007723 6.062177826474876 0
29.87500000007539 6.278684177420936 0
29.75000000007592 6.062177826474585 0
29.62500000007528 6.278684177420296 0
29.50000000007583 6.062177826474027 0
29.62500000008552 5.84567147553008 0
29.37500000008412 5.845671475528076 0
29.25000000006838 6.062177826476338 0
29.12500000007222 5.84567147552944 0
29.25000000009587 5.629165124581255 0
29.00000000008928 5.629165124578955 0
28.87500000007134 5.845671475529057 0
28.75000000007735 5.629165124580124 0
28.87500000009999 5.412658773631975 0
28.62500000009133 5.412658773631188 0
28.50000000007903 5.629165124578621 0
28.37500000008063 5.412658773635965 0
28.25000000007763 5.629165124578713 0
28.12500000007845 5.412658773635107 0
28.0000000000764 5.62916512457855 0
27.87500000007825 5.4126587736357 0
27.75000000007796 5.629165124577455 0
27.62500000007859 5.41265877363506 0
27.50000000007812 5.629165124576799 0
27.37500000007879 5.412658773634409 0
27.25000000007832 5.629165124576817 0
27.12500000007898 5.412658773633895 0
27.0000000000785 5.629165124576287 0
26.87500000007915 5.41265877363328 0
26.75000000007799 5.629165124575207 0
26.62500000007923 5.412658773632467 0
26.50000000007883 5.62916512457412 0
26.37500000007951 5.412658773631712 0
26.25000000007904 5.629165124574109 0
26.12500000007969 5.412658773627943 0
26.00000000007924 5.629165124573043 0
25.87500000007987 5.412658773626703 0
25.75000000007869 5.629165124571816 0
25.62500000007995 5.412658773625855 0
25.50000000007875 5.629165124571033 0
25.37500000008011 5.412658773628296 0
25.25000000007537 5.629165124572893 0
25.12500000008028 5.412658773626452 0
25.00000000007284 5.629165124574431 0
24.87500000007944 5.412658773628129 0
24.75000000007669 5.629165124572918 0
24.62500000008008 5.41265877362771 0
24.50000000007812 5.629165124570215 0
24.37500000008057 5.412658773626763 0
24.25000000008065 5.629165124568265 0
24.12500000008121 5.412658773625893 0
24.00000000008086 5.629165124567616 0
23.87500000008148 5.412658773625211 0
23.75000000008025 5.629165124567159 0
23.62500000008158 5.412658773621377 0
23.50000000008031 5.629165124566009 0
23.37500000008174 5.412658773620116 0
23.25000000008133 5.629165124565644 0
23.1250000000821 5.412658773622505 0
23.0000000000817 5.629165124565544 0
22.87500000008238 5.412658773622448 0
22.75000000008194 5.629165124565081 0
22.6250000000826 5.41265877362194 0
22.50000000008216 5.629165124564475 0
22.37500000008283 5.412658773619263 0
22.25000000008236 5.629165124563457 0
22.12500000008306 5.412658773620274 0
22.00000000008258 5.629165124563011 0
21.87500000008609 5.412658773618425 0
21.75000000008328 5.629165124562168 0
21.62500000009257 5.412658773617563 0
21.5000000000846 5.629165124561439 0
21.37500000009117 5.412658773615208 0
21.25000000008469 5.629165124560508 0
21.12500000008838 5.412658773615918 0
21.00000000008434 5.629165124560053 0
20.87500000008795 5.412658773615494 0
20.75000000008431 5.629165124559468 0
20.6250000000875 5.412658773614599 0
20.50000000008428 5.629165124558765 0
20.37500000008746 5.412658773613861 0
20.2500000000843 5.62916512455809 0
20.12500000008746 5.412658773613149 0
20.0000000000843 5.629165124557422 0
19.87500000008744 5.41265877361245 0
19.75000000008426 5.629165124556782 0
19.62500000008747 5.412658773611788 0
19.50000000008421 5.629165124556133 0
19.37500000009278 5.412658773611129 0
19.25000000008503 5.629165124555458 0
19.12500000009106 5.412658773608926 0
19.00000000008481 5.62916512455454 0
18.87500000008785 5.41265877360942 0
18.75000000008413 5.629165124554023 0
18.6250000000871 5.412658773611916 0
18.50000000008357 5.629165124553667 0
18.3750000000842 5.412658773610329 0
18.25000000008312 5.629165124553143 0
18.12500000008605 5.412658773608019 0
18.00000000008322 5.629165124552232 0
17.87500000008625 5.412658773609914 0
17.75000000008254 5.629165124551066 0
17.62500000008355 5.412658773608134 0
17.50000000008245 5.629165124550995 0
17.37500000008296 5.412658773607298 0
17.2500000000822 5.629165124550412 0
17.12500000008269 5.41265877360474 0
17.00000000008201 5.629165124549428 0
16.87500000008251 5.412658773605537 0
16.75000000008185 5.629165124548924 0
16.62500000008235 5.4126587736051 0
16.50000000008171 5.62916512454834 0
16.37500000008218 5.412658773602697 0
16.25000000008155 5.629165124547397 0
16.12500000008203 5.412658773603466 0
16.0000000000814 5.629165124546927 0
15.87500000008189 5.412658773603013 0
15.75000000008127 5.629165124546323 0
15.62500000008176 5.412658773600651 0
15.50000000008112 5.62916512454536 0
15.37500000008163 5.412658773601365 0
15.25000000008098 5.629165124544901 0
15.12500000008149 5.412658773600931 0
15.00000000008088 5.629165124544362 0
14.87500000008137 5.412658773600325 0
14.75000000008076 5.629165124543693 0
14.62500000008125 5.412658773599508 0
14.50000000008065 5.62916512454292 0
14.37500000008114 5.412658773597185 0
14.25000000008049 5.629165124541945 0
14.12500000008102 5.41265877359777 0
14.00000000008035 5.629165124541448 0
13.8750000000809 5.412658773597288 0
13.75000000008028 5.629165124540851 0
13.6250000000808 5.412658773595122 0
13.50000000008018 5.629165124539941 0
13.3750000000807 5.412658773595684 0
13.25000000008007 5.629165124539432 0
13.12500000008059 5.412658773595188 0
13.00000000007999 5.62916512453881 0
12.87500000008049 5.412658773593069 0
12.75000000007989 5.629165124537903 0
12.62500000008041 5.412658773593589 0
12.50000000007977 5.629165124537396 0
12.37500000008029 5.412658773592966 0
12.25000000007968 5.629165124536763 0
12.1250000000802 5.412658773590945 0
12.00000000007958 5.629165124535874 0
11.87500000008011 5.412658773591364 0
11.75000000007948 5.629165124535348 0
11.62500000008001 5.41265877359085 0
11.50000000007941 5.62916512453472 0
11.37500000007992 5.412658773588905 0
11.25000000007932 5.629165124533846 0
11.12500000007983 5.41265877358929 0
11.00000000007921 5.629165124533341 0
10.87500000007974 5.412658773588735 0
10.75000000007913 5.629165124532731 0
10.62500000007965 5.412658773586862 0
10.50000000007905 5.629165124531878 0
10.37500000007957 5.412658773587177 0
10.25000000007895 5.629165124531345 0
10.12500000007948 5.412658773586647 0
10.00000000007883 5.629165124530921 0
9.875000000079389 5.412658773584844 0
9.750000000078739 5.629165124530232 0
9.625000000079293 5.412658773585173 0
9.500000000078678 5.629165124529543 0
9.375000000079215 5.412658773584522 0
9.250000000078579 5.62916512452895 0
9.125000000079131 5.412658773582777 0
9.000000000078481 5.629165124528233 0
8.875000000079037 5.412658773583006 0
8.750000000078415 5.629165124527532 0
8.625000000078945 5.412658773582438 0
8.500000000078295 5.629165124526878 0
8.375000000078852 5.412658773580759 0
8.25000000007817 5.629165124526115 0
8.125000000078735 5.412658773580926 0
8.00000000007809 5.629165124525486 0
7.875000000078615 5.412658773580341 0
7.750000000077977 5.629165124524802 0
7.625000000078491 5.412658773578732 0
7.50000000007784 5.629165124523992 0
7.375000000078341 5.412658773578832 0
7.250000000077695 5.629165124523446 0
7.125000000078181 5.412658773578176 0
7.000000000077549 5.62916512452281 0
6.875000000078009 5.412658773576668 0
6.750000000077376 5.629165124522012 0
6.625000000077834 5.412658773576682 0
6.500000000077193 5.629165124521446 0
6.375000000077677 5.412658773576095 0
6.250000000077057 5.629165124520817 0
6.125000000077557 5.412658773575476 0
6.000000000076955 5.629165124520158 0
5.875000000077475 5.412658773574721 0
5.750000000076824 5.629165124519442 0
5.625000000077414 5.412658773574052 0
5.500000000076769 5.629165124518772 0
5.375000000077373 5.412658773573328 0
5.250000000076792 5.62916512451814 0
5.125000000077346 5.412658773572671 0
5.000000000076767 5.629165124517499 0
27.25000000009564 5.196152422692634 0
25.50000000008549 5.196152422686085 0
23.75000000009179 5.196152422679829 0
22.00000000010647 5.196152422674479 0
20.25000000010891 5.196152422667823 0
14.75000000009647 5.196152422655739 0
13.25000000009516 5.196152422650857 0
11.75000000009368 5.196152422645949 0
10.25000000009255 5.196152422641235 0
8.750000000091141 5.196152422636443 0
7.250000000089738 5.196152422631781 0
5.500000000080609 5.196152422626187 0
28.50000000011029 5.196152422687662 0
19.00000000011285 5.196152422662316 0
17.5000000000992 5.196152422664364 0
16.00000000009763 5.196152422659543 0
4.875000000077309 5.412658773571573 0
4.750000000076724 5.629165124516793 0
4.625000000077264 5.412658773570843 0
4.500000000076676 5.629165124516129 0
4.375000000077208 5.412658773569639 0
4.500000000080073 5.196152422624104 0
4.250000000076689 5.629165124515418 0
4.250000000078099 5.196152422623095 0
4.375000000078335 4.979646071677137 0
4.125000000078275 4.979646071676481 0
4.250000000078847 4.763139720730569 0
4.000000000078707 4.763139720729899 0
4.125000000079382 4.546633369783981 0
6.375000000076538 5.8456714754671 0
7.875000000077375 5.845671475471169 0
9.375000000077979 5.845671475475233 0
10.8750000000786 5.845671475478806 0
12.37500000007914 5.845671475482805 0
13.87500000007974 5.845671475486812 0
15.37500000008049 5.845671475491039 0
4.375000000076099 5.845671475461856 0
4.125000000076124 5.845671475461221 0
5.375000000075662 5.845671475464969 0
16.62500000008121 5.845671475494291 0
17.87500000008215 5.845671475497704 0
19.37500000008328 5.845671475501748 0
21.87500000008222 5.845671475508105 0
25.37500000006464 5.845671475520989 0
27.37500000007028 5.845671475526062 0
20.3750000000833 5.84567147550422 0
22.8750000000813 5.845671475510732 0
23.87500000007768 5.845671475513593 0
26.37500000007109 5.845671475523245 0
3.875000000079171 4.546633369783298 0
4.000000000079883 4.330127018837337 0
3.750000000079626 4.330127018836674 0
3.875000000080301 4.113620667890659 0
4.250000000075522 6.062177826407641 0
4.000000000075553 6.062177826407018 0
4.12500000008063 4.113620667891325 0
4.000000000081014 3.897114316944595 0
4.25000000008138 3.897114316945255 0
3.750000000080675 3.897114316943942 0
3.625000000078964 4.546633369782647 0
4.125000000074941 6.278684177353423 0
3.875000000075004 6.278684177352805 0
3.875000000081416 3.680607965997839 0
3.625000000081024 3.68060796599719 0
4.000000000074381 6.495190528299197 0
3.750000000074424 6.495190528298544 0
3.750000000081802 3.464101615051042 0
3.500000000081343 3.464101615050402 0
3.87500000007385 6.711696879244917 0
3.625000000073907 6.711696879244283 0
3.500000000074458 6.495190528297904 0
3.375000000073912 6.711696879243673 0
3.250000000074488 6.495190528297269 0
3.12500000007394 6.711696879243046 0
3.625000000082121 3.247595264104238 0
3.37500000008168 3.247595264103601 0
3.250000000080945 3.464101615049751 0
3.12500000008128 3.247595264102993 0
3.000000000080564 3.464101615049103 0
3.000000000074522 6.495190528296606 0
3.500000000073355 6.928203230190069 0
2.875000000080926 3.247595264102411 0
2.875000000073915 6.711696879242448 0
4.125000000073752 6.711696879245569 0
3.250000000081963 3.031088913156958 0
2.750000000080249 3.464101615048471 0
2.750000000074482 6.495190528295952 0
2.625000000073881 6.711696879241817 0
2.625000000080628 3.247595264101818 0
32.50000000014557 2.165063509436155 0
37.62500000011368 4.113620667974577 0
34.37500000012641 4.113620667942757 0
40.12500000011391 4.113620667971563 0
32.12500000007675 6.711696879320724 0
13.12500000007943 5.845671475484791 0
18.62500000008286 5.845671475499767 0
7.125000000077062 5.845671475469067 0
10.12500000007807 5.845671475477649 0
14.62500000008009 5.845671475489016 0
11.62500000007886 5.845671475480757 0
35.8750000001233 4.113620667958278 0
8.625000000077671 5.845671475473271 0
6.500000000088886 5.196152422629244 0
2.750000000073343 6.928203230188274 0
42.8750000001106 4.113620667982866 0
24.75000000009751 5.19615242268538 0
26.25000000008969 5.196152422689639 0
44.3750000001036 4.113620667987284 0
21.12500000008311 5.845671475506102 0
24.62500000006647 5.845671475520199 0
28.12500000007302 5.845671475525286 0
22.75000000009986 5.196152422679505 0
18.25000000010543 5.196152422663525 0
11.00000000009309 5.196152422643659 0
9.500000000091898 5.196152422638864 0
21.25000000011457 5.19615242266948 0
16.75000000009833 5.196152422661816 0
14.0000000000957 5.196152422653155 0
12.50000000009445 5.196152422648435 0
8.000000000090591 5.196152422634139 0
3.875000000082631 3.247595264104861 0
2.500000000079986 3.464101615047833 0
33.00000000004843 7.361215932157852 0
33.75000000005559 7.361215932155794 0
34.50000000006389 7.361215932153046 0
35.2500000000704 7.361215932159494 0
37.00000000007761 7.361215932159274 0
38.75000000007738 7.361215932158896 0
40.50000000007856 7.361215932163736 0
41.25000000008026 7.361215932164446 0
43.00000000008846 7.36121593216909 0
43.75000000009019 7.361215932172049 0
44.50000000009084 7.361215932175865 0
45.25000000009511 7.36121593218049 0
2.500000000074392 6.495190528295336 0
2.500000000073342 6.928203230187638 0
2.625000000072795 7.144709581134056 0
31.75000000005316 7.361215932152724 0
36.25000000007576 7.361215932158314 0
38.00000000007259 7.361215932157141 0
39.75000000007687 7.361215932162239 0
42.25000000008266 7.361215932165007 0
2.375000000072832 7.144709581133442 0
2.500000000072293 7.361215932079817 0
2.37500000008038 3.247595264101209 0
2.500000000081036 3.031088913155216 0
2.625000000075008 6.278684177349453 0
2.375000000074887 6.278684177348836 0
2.500000000075486 6.062177826402955 0
2.250000000079682 3.464101615047174 0
2.375000000079315 3.680607965993792 0
32.87500000009317 6.71169687932286 0
2.250000000080766 3.031088913154607 0
2.375000000081438 2.814582562208608 0
38.00000000011728 4.763139720811498 0
39.50000000011468 4.763139720812968 0
36.25000000011889 4.763139720809534 0
43.75000000011374 4.763139720817819 0
34.50000000012214 4.763139720806835 0
2.250000000075362 6.062177826402317 0
2.375000000075976 5.845671475456408 0
2.250000000072342 7.361215932079205 0
2.37500000007178 7.577722283025544 0
42.37500000009691 6.711696879334288 0
41.12500000009657 6.711696879334372 0
2.125000000075828 5.845671475455774 0
2.125000000079084 3.680607965993118 0
2.125000000081192 2.814582562207994 0
2.250000000081853 2.598076211261969 0
2.125000000071969 7.577722283024988 0
35.87500000009932 6.711696879323389 0
37.62500000009673 6.71169687932907 0
40.12500000008725 6.711696879333357 0
44.12500000009409 6.711696879339116 0
43.3750000000929 6.711696879338115 0
39.12500000008536 6.711696879331315 0
38.37500000009064 6.711696879328731 0
36.62500000010741 6.711696879323513 0
34.87500000007765 6.711696879324334 0
34.12500000007584 6.711696879322549 0
2.250000000071308 7.794228633971239 0
2.500000000071132 7.794228633971851 0
2.000000000075214 6.062177826401716 0
2.250000000078662 3.897114316939704 0
2.000000000071757 7.79422863397074 0
2.000000000072593 7.36121593207874 0
2.00000000007852 3.897114316939057 0
2.000000000081597 2.598076211261366 0
2.125000000082244 2.381569860315265 0
2.375000000082628 2.381569860315863 0
2.250000000082884 2.165063509368992 0
2.500000000083466 2.165063509369664 0
2.000000000082474 2.165063509368496 0
2.375000000070684 8.010734984917468 0
2.625000000070401 8.010734984918098 0
45.37500000010139 6.278684177446184 0
1.875000000079012 3.680607965992516 0
1.875000000075662 5.845671475455143 0
2.375000000083638 1.94855715842266 0
2.625000000084357 1.948557158423312 0
2.125000000078043 4.113620667885529 0
1.875000000077906 4.113620667884956 0
1.750000000075027 6.062177826401109 0
3.875000000076311 5.845671475460502 0
2.500000000069993 8.227241335863656 0
2.75000000006969 8.227241335864258 0
33.37500000013711 3.680607966055556 0
2.250000000076454 5.62916512450985 0
2.500000000076603 5.629165124510488 0
4.500000000088853 4.76313972072993 0
45.50000000010042 5.19615242271869 0
2.500000000084549 1.73205080747632 0
2.750000000085306 1.732050807476908 0
1.625000000075469 5.845671475454498 0
1.500000000074817 6.062177826400466 0
2.875000000070083 8.010734984918759 0
3.000000000069351 8.227241335864907 0
3.125000000069743 8.01073498491942 0
3.250000000068999 8.227241335865546 0
3.375000000069388 8.010734984920079 0
3.500000000068635 8.227241335866193 0
3.62500000006902 8.010734984920742 0
3.750000000068254 8.227241335866839 0
3.875000000068632 8.010734984921401 0
4.000000000067859 8.227241335867488 0
4.125000000068235 8.01073498492206 0
4.250000000067461 8.22724133586814 0
4.375000000067817 8.010734984922781 0
4.500000000067044 8.22724133586879 0
4.62500000006739 8.01073498492344 0
4.750000000066597 8.227241335869437 0
4.875000000066942 8.010734984924092 0
5.000000000066156 8.227241335870076 0
5.125000000066482 8.01073498492471 0
5.250000000065695 8.227241335870703 0
5.375000000066001 8.010734984925364 0
5.500000000065201 8.227241335871341 0
5.6250000000655 8.010734984926009 0
5.750000000064666 8.227241335871987 0
5.875000000064976 8.010734984926662 0
5.750000000065804 7.794228633980656 0
6.000000000065304 7.794228633981331 0
6.125000000064617 8.010734984927238 0
6.250000000064821 7.794228633981996 0
6.375000000064137 8.010734984927895 0
6.50000000006428 7.794228633982702 0
6.625000000066109 8.01073498492865 0
6.750000000063736 7.794228633983388 0
6.875000000067296 8.010734984928577 0
7.000000000063908 7.794228633984005 0
7.125000000063856 8.01073498492938 0
7.250000000062601 7.794228633984758 0
7.375000000062007 8.010734984930604 0
7.500000000062066 7.794228633985492 0
7.625000000061238 8.010734984931393 0
7.750000000061444 7.794228633986236 0
7.875000000060576 8.01073498493208 0
8.000000000060815 7.794228633986872 0
8.125000000059931 8.01073498493273 0
8.250000000060197 7.794228633987602 0
8.375000000059309 8.010734984933398 0
8.500000000059581 7.794228633988325 0
8.62500000005868 8.010734984934079 0
8.750000000058954 7.794228633988924 0
8.875000000058034 8.010734984934757 0
9.000000000058316 7.794228633989687 0
9.125000000057424 8.010734984935404 0
9.250000000057687 7.794228633990405 0
9.375000000056783 8.010734984936086 0
9.500000000057053 7.79422863399097 0
9.625000000056152 8.010734984936743 0
9.750000000056412 7.794228633991755 0
9.875000000055511 8.010734984937413 0
10.00000000005577 7.794228633992483 0
10.12500000005485 8.010734984938125 0
10.25000000005512 7.79422863399301 0
10.37500000005423 8.01073498493874 0
10.50000000005448 7.794228633993816 0
10.62500000005358 8.010734984939404 0
10.75000000005384 7.794228633994548 0
10.87500000005292 8.010734984940138 0
11.00000000005319 7.794228633995045 0
11.12500000005228 8.01073498494077 0
11.25000000005254 7.794228633995886 0
11.37500000005161 8.010734984941463 0
11.50000000005189 7.794228633996621 0
11.62500000005097 8.01073498494214 0
11.75000000005125 7.794228633997059 0
11.87500000005033 8.010734984942774 0
12.00000000005061 7.794228633997935 0
12.12500000004968 8.010734984943438 0
12.25000000004995 7.794228633998681 0
12.37500000004903 8.010734984944147 0
12.50000000004931 7.794228633999081 0
12.62500000004843 8.010734984944747 0
12.75000000004867 7.794228633999978 0
12.87500000004779 8.010734984945433 0
13.00000000004803 7.794228634000735 0
13.12500000004714 8.010734984946113 0
13.25000000004739 7.79422863400109 0
13.37500000004649 8.01073498494673 0
13.50000000004675 7.794228634002028 0
13.62500000004584 8.010734984947428 0
13.7500000000461 7.794228634002781 0
13.87500000004521 8.010734984948105 0
14.00000000004547 7.794228634003072 0
14.12500000004461 8.010734984948698 0
14.25000000004486 7.794228634004026 0
14.37500000004402 8.010734984949394 0
14.50000000004428 7.794228634004785 0
14.62500000004344 8.01073498495008 0
14.7500000000437 7.794228634005029 0
14.87500000004286 8.010734984950668 0
15.00000000004313 7.794228634006022 0
15.12500000004231 8.010734984951364 0
15.25000000004262 7.794228634006769 0
15.37500000004179 8.010734984952041 0
15.50000000004211 7.794228634007422 0
15.62500000004131 8.010734984952707 0
15.75000000004163 7.794228634008105 0
15.87500000004085 8.010734984953373 0
16.00000000004118 7.794228634008745 0
16.12500000004041 8.010734984954016 0
16.25000000004077 7.794228634009432 0
16.37500000003999 8.01073498495469 0
16.50000000004039 7.794228634010097 0
16.6250000000396 8.010734984955393 0
16.75000000004 7.79422863401083 0
16.87500000003925 8.010734984956111 0
17.00000000003965 7.794228634010929 0
17.12500000003892 8.010734984956709 0
17.25000000003935 7.794228634012065 0
17.37500000003862 8.010734984957452 0
17.50000000003907 7.794228634012875 0
17.62500000003834 8.010734984958168 0
17.7500000000388 7.794228634013573 0
17.87500000003808 8.01073498495886 0
18.00000000003854 7.794228634014269 0
18.12500000003811 8.01073498495931 0
18.25000000003835 7.794228634014904 0
18.37500000003847 8.010734984959637 0
18.50000000003825 7.794228634015512 0
18.62500000003809 8.010734984960493 0
18.75000000003791 7.794228634015648 0
18.87500000003729 8.010734984961418 0
19.00000000003767 7.794228634016859 0
19.12500000003698 8.010734984962221 0
19.25000000003744 7.794228634017674 0
19.37500000003672 8.010734984962953 0
19.5000000000372 7.794228634017744 0
19.62500000003648 8.010734984963431 0
19.75000000003697 7.794228634018951 0
19.87500000003653 8.010734984963934 0
20.0000000000368 7.794228634018721 0
20.1250000000365 8.010734984964554 0
20.25000000003661 7.794228634019278 0
20.37500000003584 8.010734984965524 0
20.50000000003711 7.79422863402052 0
20.62500000003564 8.010734984966369 0
20.75000000003696 7.794228634021351 0
20.87500000003539 8.010734984967115 0
21.00000000003589 7.794228634022567 0
21.12500000003497 8.010734984967922 0
21.25000000003543 7.794228634023385 0
21.37500000003465 8.010734984968666 0
21.50000000003509 7.794228634023177 0
21.62500000003435 8.01073498496924 0
21.7500000000348 7.794228634024645 0
21.87500000003403 8.010734984970053 0
22.00000000003529 7.794228634025963 0
22.12500000003386 8.01073498497087 0
22.25000000003513 7.794228634025858 0
22.3750000000336 8.010734984971453 0
22.50000000003404 7.794228634025922 0
22.62500000003311 8.010734984971949 0
22.75000000003357 7.79422863402646 0
22.8750000000328 8.010734984972615 0
23.0000000000332 7.794228634028055 0
23.12500000003248 8.010734984973421 0
23.25000000003287 7.794228634028892 0
23.37500000003219 8.010734984974153 0
23.5000000000326 7.794228634029577 0
23.62500000003192 8.010734984974809 0
23.75000000003229 7.794228634030215 0
23.87500000003158 8.010734984975384 0
24.00000000003195 7.794228634029908 0
24.12500000003125 8.010734984975835 0
24.25000000003162 7.794228634030333 0
24.37500000003095 8.010734984976388 0
24.50000000003129 7.794228634030846 0
24.62500000003064 8.010734984976976 0
24.75000000003099 7.794228634031432 0
24.87500000003035 8.010734984977535 0
25.00000000003067 7.794228634031997 0
25.12500000003007 8.010734984978102 0
25.25000000003035 7.794228634033511 0
25.37500000002976 8.0107349849788 0
25.50000000003002 7.794228634033617 0
25.62500000002944 8.010734984979219 0
25.75000000002969 7.794228634034662 0
25.87500000002911 8.010734984979798 0
26.00000000002941 7.794228634035349 0
26.12500000002881 8.010734984980378 0
26.25000000002911 7.794228634035901 0
26.37500000002857 8.010734984980909 0
26.50000000002877 7.794228634036449 0
26.62500000002829 8.01073498498139 0
26.75000000002846 7.79422863403696 0
26.87500000002792 8.010734984981896 0
27.00000000002819 7.794228634036324 0
27.12500000002758 8.010734984982236 0
27.25000000002786 7.794228634036571 0
27.37500000002728 8.010734984982673 0
27.50000000002755 7.794228634038323 0
27.62500000002699 8.010734984983399 0
27.75000000002726 7.794228634039079 0
27.87500000002671 8.010734984983987 0
28.00000000002697 7.794228634039655 0
28.12500000002641 8.010734984984625 0
28.25000000002669 7.794228634039352 0
28.37500000002611 8.010734984985042 0
28.50000000002644 7.794228634040627 0
28.62500000002582 8.010734984985618 0
28.75000000002614 7.794228634040016 0
28.87500000002553 8.010734984986001 0
17.3750000000438 7.577722283068167 0
16.12500000004526 7.577722283064562 0
5.875000000066132 7.577722283035286 0
22.37500000003627 7.577722283080607 0
23.3750000000383 7.577722283084474 0
19.87500000003884 7.577722283074252 0
25.87500000003495 7.577722283090876 0
26.87500000003022 7.5777222830922 0
29.00000000002587 7.79422863404033 0
29.12500000002526 8.010734984986456 0
24.37500000003191 7.577722283085684 0
25.12500000003387 7.577722283087882 0
21.62500000003828 7.577722283078842 0
20.87500000004293 7.577722283076666 0
27.87500000003246 7.577722283095945 0
19.12500000004252 7.57772228307301 0
15.12500000004689 7.577722283061733 0
14.37500000004836 7.577722283059639 0
18.37500000004306 7.577722283070893 0
13.62500000004993 7.577722283057537 0
12.87500000005157 7.577722283055353 0
12.12500000005324 7.577722283053181 0
11.37500000005488 7.577722283051028 0
10.62500000005656 7.577722283048872 0
9.875000000058201 7.577722283046723 0
9.125000000059831 7.577722283044569 0
8.375000000061416 7.57772228304243 0
7.625000000062986 7.577722283040268 0
6.875000000064546 7.577722283038121 0
28.62500000002924 7.577722283096405 0
5.000000000067168 7.794228633978783 0
6.500000000069669 8.227241335872664 0
7.250000000061423 8.227241335875943 0
8.000000000059698 8.227241335877945 0
8.750000000057748 8.22724133587994 0
9.500000000055836 8.227241335881951 0
10.25000000005391 8.227241335883956 0
11.00000000005198 8.227241335885951 0
11.75000000005003 8.227241335887943 0
12.50000000004813 8.227241335889936 0
13.25000000004623 8.227241335891865 0
14.00000000004561 8.227241335893826 0
14.75000000004364 8.227241335895796 0
15.50000000004187 8.227241335897787 0
16.75000000003947 8.227241335901212 0
18.00000000003735 8.227241335904871 0
18.75000000003864 8.227241335906122 0
19.50000000003703 8.227241335908477 0
20.25000000003696 8.227241335910382 0
22.00000000003426 8.227241335915888 0
22.75000000003327 8.22724133591794 0
25.5000000000292 8.227241335924731 0
26.25000000002848 8.227241335926326 0
27.5000000000267 8.227241335928765 0
29.25000000002559 7.794228634040827 0
29.37500000002501 8.010734984986968 0
29.25000000002472 8.227241335932581 0
29.50000000002449 8.22724133593309 0
29.62500000002474 8.010734984987458 0
29.75000000002424 8.227241335933599 0
21.25000000003524 8.227241335913705 0
23.75000000003196 8.227241335920635 0
24.75000000003018 8.227241335922926 0
28.5000000000256 8.227241335931248 0
29.87500000002452 8.01073498498798 0
30.00000000002394 8.227241335934057 0
30.12500000002425 8.010734984988416 0
30.25000000002373 8.227241335934567 0
2.875000000085129 1.94855715842399 0
3.000000000086127 1.732050807477595 0
3.125000000085987 1.948557158424703 0
3.250000000087002 1.732050807478241 0
3.375000000086896 1.948557158425395 0
3.500000000087929 1.732050807478947 0
3.625000000087546 1.948557158425908 0
3.750000000088851 1.732050807479569 0
3.875000000088026 1.948557158426475 0
4.000000000089768 1.732050807480243 0
4.125000000089249 1.948557158427303 0
4.250000000090916 1.732050807480826 0
4.375000000090429 1.948557158427844 0
4.500000000091937 1.732050807481552 0
4.62500000009083 1.948557158428455 0
4.750000000092912 1.732050807488239 0
4.875000000093106 1.948557158429398 0
5.000000000096119 1.732050807503438 0
5.125000000094447 1.948557158436947 0
5.00000000009173 2.165063509377376 0
5.250000000094024 2.165063509378682 0
5.375000000097303 1.94855715845161 0
5.500000000095472 2.165063509385128 0
5.37500000009419 2.381569860326164 0
5.62500000009522 2.381569860326909 0
5.75000000009836 2.165063509399512 0
5.875000000096441 2.381569860333157 0
5.750000000095119 2.598076211274243 0
6.000000000096088 2.598076211274976 0
6.125000000097208 2.381569860330478 0
6.250000000097039 2.598076211275155 0
6.375000000098197 2.381569860334404 0
6.500000000098053 2.598076211276355 0
6.625000000099203 2.381569860335659 0
6.750000000099062 2.598076211277269 0
6.875000000100208 2.38156986033267 0
7.000000000100044 2.59807621127742 0
7.125000000101213 2.381569860336504 0
7.250000000101008 2.598076211278587 0
7.375000000102219 2.381569860337731 0
7.500000000102028 2.598076211279495 0
7.625000000103238 2.381569860334829 0
7.750000000102952 2.598076211279818 0
7.875000000104227 2.381569860338566 0
8.000000000103682 2.598076211282941 0
8.125000000105189 2.381569860340117 0
8.250000000104873 2.598076211283021 0
8.375000000106265 2.381569860337037 0
8.500000000106663 2.598076211283737 0
8.625000000107381 2.381569860340874 0
8.750000000108109 2.598076211286685 0
8.875000000108482 2.381569860342431 0
9.000000000108635 2.598076211286328 0
9.125000000109353 2.381569860339245 0
9.250000000109722 2.598076211285931 0
9.375000000110434 2.381569860342923 0
9.500000000110994 2.598076211288396 0
9.625000000111504 2.381569860344382 0
9.750000000111598 2.598076211288179 0
9.875000000112392 2.381569860341391 0
10.00000000011266 2.598076211287856 0
10.12500000011346 2.381569860344943 0
10.25000000011387 2.598076211290027 0
10.37500000011452 2.381569860346318 0
10.50000000011456 2.598076211289998 0
10.62500000011543 2.381569860343522 0
10.7500000001156 2.598076211289769 0
10.87500000011648 2.381569860346937 0
11.00000000011676 2.59807621129166 0
11.12500000011753 2.381569860348236 0
11.25000000011753 2.598076211291815 0
11.37500000011847 2.381569860345632 0
11.50000000011853 2.598076211291671 0
11.62500000011951 2.38156986034891 0
11.75000000011963 2.598076211293283 0
11.87500000012054 2.381569860350133 0
12.0000000001205 2.598076211293618 0
12.12500000012152 2.381569860347725 0
12.25000000012145 2.598076211293552 0
12.37500000012254 2.38156986035087 0
12.50000000012248 2.598076211294856 0
12.62500000012357 2.381569860352043 0
12.75000000012345 2.598076211295399 0
12.87500000012458 2.381569860349861 0
13.00000000012447 2.598076211295365 0
13.1250000001256 2.381569860352871 0
13.2500000001255 2.598076211296375 0
13.37500000012663 2.381569860353965 0
13.5000000001265 2.598076211297213 0
13.62500000012764 2.381569860352003 0
13.75000000012756 2.598076211297526 0
13.87500000012867 2.381569860354887 0
14.00000000012862 2.598076211298559 0
14.12500000012971 2.381569860355962 0
14.2500000001296 2.598076211299407 0
14.37500000013073 2.381569860354126 0
14.50000000013061 2.598076211299744 0
14.62500000013176 2.381569860356897 0
14.75000000013164 2.598076211300759 0
14.87500000013279 2.381569860354173 0
15.00000000013266 2.598076211300976 0
15.12500000013383 2.381569860354252 0
15.2500000001337 2.598076211301525 0
15.37500000013486 2.381569860354841 0
15.50000000013473 2.598076211302206 0
15.6250000001359 2.381569860355556 0
15.75000000013577 2.598076211302934 0
15.87500000013694 2.381569860356294 0
16.00000000013679 2.59807621130366 0
16.12500000013798 2.38156986035704 0
16.25000000013782 2.598076211304396 0
16.37500000013901 2.381569860357802 0
16.50000000013885 2.598076211305142 0
16.62500000014001 2.381569860358578 0
16.75000000013983 2.598076211305854 0
16.87500000014098 2.381569860359341 0
17.00000000014076 2.598076211306584 0
17.12500000014187 2.381569860360137 0
17.25000000014161 2.598076211307353 0
17.3750000001427 2.381569860360943 0
17.50000000014238 2.598076211308142 0
17.62500000014344 2.381569860361772 0
17.75000000014307 2.598076211308901 0
17.87500000014408 2.381569860362616 0
18.00000000014368 2.598076211309689 0
18.12500000014465 2.38156986036346 0
18.25000000014417 2.598076211310531 0
18.37500000014513 2.381569860364312 0
18.50000000014465 2.598076211311199 0
18.62500000014554 2.381569860365139 0
18.75000000014503 2.598076211312099 0
18.87500000014591 2.381569860365908 0
19.00000000014534 2.598076211312888 0
19.12500000014619 2.381569860366783 0
19.25000000014562 2.598076211313667 0
19.37500000014645 2.381569860367629 0
19.50000000014585 2.598076211314448 0
19.62500000014663 2.38156986036841 0
19.75000000014603 2.598076211315222 0
19.87500000014682 2.381569860369183 0
20.00000000014618 2.598076211315994 0
20.12500000014694 2.381569860369993 0
20.25000000014629 2.598076211316778 0
20.37500000014702 2.381569860370826 0
20.50000000014638 2.59807621131756 0
20.62500000014708 2.381569860371646 0
20.75000000014643 2.59807621131836 0
20.87500000014713 2.381569860372445 0
21.00000000014645 2.598076211319159 0
21.12500000014716 2.381569860373265 0
21.25000000014646 2.598076211319887 0
21.37500000014717 2.381569860374063 0
21.50000000014644 2.598076211320688 0
21.62500000014716 2.381569860374914 0
21.75000000014642 2.598076211321421 0
21.87500000014712 2.381569860375749 0
22.00000000014639 2.598076211322213 0
22.12500000014707 2.381569860376556 0
22.25000000014635 2.598076211323011 0
22.37500000014701 2.381569860377358 0
22.5000000001463 2.598076211323807 0
22.62500000014695 2.381569860378159 0
22.75000000014623 2.598076211324601 0
22.8750000001469 2.381569860378935 0
23.00000000014618 2.598076211325383 0
23.12500000014683 2.381569860379704 0
23.25000000014613 2.598076211326159 0
23.37500000014676 2.381569860380491 0
23.50000000014607 2.598076211326951 0
23.62500000014669 2.381569860381295 0
23.750000000146 2.598076211327754 0
23.87500000014663 2.381569860382103 0
24.00000000014591 2.598076211328566 0
24.12500000014656 2.381569860382918 0
24.25000000014582 2.598076211329373 0
24.37500000014646 2.381569860383733 0
24.50000000014575 2.598076211330171 0
24.6250000001464 2.381569860384508 0
24.75000000014564 2.598076211330953 0
24.87500000014629 2.38156986038534 0
25.00000000014554 2.598076211331757 0
25.12500000014619 2.38156986038616 0
25.25000000014558 2.59807621133267 0
25.37500000014613 2.381569860386991 0
25.50000000014538 2.598076211333429 0
25.62500000014606 2.381569860387795 0
25.75000000014536 2.59807621133442 0
25.87500000014599 2.381569860388646 0
26.0000000001452 2.598076211335082 0
26.12500000014588 2.381569860389452 0
26.25000000014514 2.598076211335907 0
26.37500000014581 2.381569860390288 0
26.50000000014509 2.598076211336764 0
26.62500000014572 2.38156986039114 0
26.75000000014492 2.598076211337518 0
26.87500000014563 2.381569860391902 0
27.00000000014489 2.598076211338325 0
27.12500000014553 2.381569860392692 0
27.25000000014488 2.598076211339074 0
27.37500000014545 2.381569860393457 0
27.50000000014472 2.598076211339937 0
27.62500000014536 2.381569860394245 0
27.75000000014464 2.598076211340723 0
27.87500000014529 2.381569860395036 0
28.00000000014457 2.598076211341497 0
28.1250000001452 2.381569860396161 0
28.25000000014447 2.598076211342322 0
28.37500000014532 2.381569860397183 0
28.50000000014441 2.598076211343086 0
28.62500000014525 2.381569860397644 0
28.75000000014433 2.598076211343775 0
28.87500000014489 2.381569860398149 0
29.00000000014413 2.598076211344456 0
19.62500000014518 2.814582562261453 0
15.37500000013356 2.814582562248809 0
27.87500000014408 2.814582562287005 0
23.12500000014562 2.814582562271807 0
24.12500000014515 2.814582562275003 0
20.62500000014563 2.814582562264502 0
26.62500000014435 2.814582562283168 0
28.87500000014359 2.814582562290034 0
29.1250000001434 2.814582562290735 0
5.875000000094921 2.814582562220189 0
6.875000000098883 2.814582562223555 0
7.625000000101831 2.814582562225625 0
8.375000000106672 2.814582562235501 0
9.125000000109488 2.814582562234981 0
9.875000000112262 2.814582562236424 0
29.12500000014464 2.381569860399015 0
10.62500000011505 2.814582562237852 0
11.37500000011782 2.814582562239298 0
12.12500000012059 2.814582562240702 0
21.62500000014557 2.814582562267437 0
12.87500000012348 2.814582562242267 0
22.37500000014552 2.814582562269525 0
13.62500000012642 2.81458256224369 0
25.12500000014504 2.814582562278364 0
14.37500000012948 2.81458256224598 0
18.62500000014409 2.814582562258352 0
25.87500000014477 2.814582562281034 0
17.87500000014264 2.814582562256124 0
17.1250000001405 2.814582562253767 0
16.37500000013763 2.814582562251724 0
29.0000000001429 3.031088913236307 0
29.25000000014269 3.031088913237006 0
29.12500000014225 3.24759526418261 0
29.37500000014208 3.247595264183287 0
29.50000000014246 3.031088913237685 0
29.62500000014181 3.247595264183885 0
29.75000000014219 3.03108891323832 0
29.87500000014152 3.247595264184464 0
29.75000000014119 3.464101615130061 0
30.00000000014089 3.464101615130606 0
29.87500000014057 3.680607966076206 0
30.12500000014029 3.68060796607676 0
30.00000000013995 3.897114317022354 0
30.25000000013968 3.897114317022914 0
30.37500000014002 3.680607966077336 0
30.5000000001395 3.897114317023334 0
30.0000000001419 3.031088913238912 0
27.25000000014614 2.165063509447041 0
25.5000000001468 2.16506350944135 0
23.75000000014737 2.165063509435656 0
22.00000000014781 2.165063509430067 0
20.25000000014769 2.165063509424212 0
19.50000000014723 2.165063509421696 0
14.75000000013021 2.165063509416016 0
14.00000000012838 2.165063509424709 0
13.25000000012496 2.165063509423356 0
12.50000000012155 2.16506350942186 0
11.75000000011819 2.165063509420519 0
11.00000000011485 2.165063509419091 0
10.25000000011154 2.165063509417676 0
9.500000000108226 2.165063509416218 0
8.750000000104954 2.165063509414912 0
8.000000000101487 2.165063509413479 0
7.250000000098031 2.165063509411929 0
30.37500000013905 4.113620667969077 0
30.62500000013891 4.113620667969249 0
28.7500000001457 2.165063509452278 0
28.00000000014611 2.165063509450438 0
26.50000000014649 2.165063509445043 0
24.75000000014705 2.165063509438893 0
23.00000000014752 2.165063509433272 0
21.25000000014787 2.165063509427505 0
18.75000000014639 2.165063509419128 0
17.75000000014449 2.165063509415529 0
16.75000000014118 2.165063509412026 0
15.75000000013705 2.165063509408883 0
6.50000000009463 2.165063509410206 0
29.75000000014021 3.8971143170218 0
30.62500000013979 3.680607966077846 0
30.50000000013843 4.330127018915214 0
30.75000000013822 4.330127018915496 0
30.62500000013786 4.546633369861369 0
30.87500000013763 4.546633369861858 0
31.00000000013796 4.330127018915783 0
31.12500000013743 4.546633369862263 0
31.00000000013714 4.763139720808041 0
31.25000000013695 4.763139720808466 0
30.37500000013809 4.546633369860852 0
31.12500000013668 4.979646071754173 0
31.37500000013648 4.979646071754612 0
31.50000000013675 4.763139720808928 0
31.62500000013625 4.979646071755122 0
31.50000000013591 5.196152422700788 0
31.75000000013569 5.196152422701315 0
28.87500000014241 3.247595264181888 0
31.75000000013658 4.763139720809447 0
2.875000000069158 8.443747686810273 0
4.125000000067207 8.443747686813492 0
4.875000000065882 8.443747686815414 0
29.87500000002365 8.443747686879721 0
30.37500000002407 8.010734984988867 0
30.50000000002362 8.227241335935043 0
31.62500000013533 5.412658773647031 0
31.87500000013518 5.412658773647527 0
2.375000000078479 4.11362066788638 0
2.000000000077416 4.330127018831528 0
1.750000000077648 4.330127018831008 0
4.625000000088225 1.515544456545521 0
3.875000000090543 1.515544456533346 0
2.875000000086475 1.515544456530532 0
5.6250000000644 8.443747686817275 0
29.00000000014177 3.464101615128197 0
28.75000000014188 3.464101615127478 0
28.8750000001412 3.680607966073762 0
28.62500000014138 3.680607966073083 0
28.75000000014064 3.897114317019382 0
28.50000000014082 3.897114317018663 0
1.875000000080982 2.814582562207362 0
29.87500000014257 2.814582562292784 0
30.12500000014223 2.814582562293355 0
30.0000000001429 2.598076211347262 0
30.25000000014252 2.598076211347765 0
30.12500000014316 2.381569860401744 0
30.37500000014275 2.381569860402208 0
30.25000000014333 2.165063509456211 0
30.50000000014215 2.598076211348188 0
1.375000000075253 5.845671475453845 0
1.500000000075925 5.629165124507893 0
30.00000000002475 7.794228634042256 0
30.62500000002392 8.01073498498927 0
30.75000000002352 8.227241335935521 0
30.62500000002311 8.443747686881313 0
30.87500000002311 8.443747686881865 0
31.00000000002351 8.227241335935883 0
31.12500000002326 8.44374768688219 0
2.375000000077082 5.412658773563926 0
2.625000000077232 5.412658773564571 0
1.625000000074384 6.278684177347078 0
1.375000000074177 6.278684177346439 0
4.25000000008825 2.165063509374166 0
30.62500000014234 2.381569860402403 0
30.75000000014177 2.598076211348477 0
31.75000000013482 5.629165124593298 0
32.0000000001347 5.629165124593751 0
32.12500000013502 5.412658773647958 0
32.25000000013465 5.629165124594168 0
31.50000000013495 5.629165124592763 0
32.37500000013493 5.41265877364834 0
32.50000000013463 5.629165124594568 0
31.00000000002281 8.660254037828281 0
31.25000000002301 8.660254037828558 0
31.37500000002342 8.443747686882467 0
31.50000000002322 8.660254037828832 0
31.62500000002366 8.443747686882679 0
31.75000000002362 8.660254037829137 0
31.87500000002405 8.443747686882844 0
32.00000000002405 8.660254037829464 0
32.12500000002449 8.443747686883111 0
32.25000000002458 8.660254037829763 0
32.37500000002499 8.443747686883324 0
32.50000000002516 8.66025403783004 0
32.62500000002564 8.443747686883521 0
32.7500000000258 8.660254037830327 0
32.87500000002635 8.443747686883796 0
33.0000000000265 8.660254037830612 0
33.12500000002699 8.44374768688402 0
33.25000000002728 8.660254037830864 0
33.37500000002779 8.44374768688418 0
33.50000000002809 8.660254037831113 0
33.62500000002863 8.443747686884443 0
33.74247220333002 8.655907862380786 0
33.87374536724624 8.443023324309502 0
33.99637046280183 8.687721291680681 0
34.12418597169509 8.448204835430284 0
34.25200518100107 8.654890638440829 0
34.37500000003132 8.443747686884606 0
34.49430468560357 8.655878997986107 0
34.62405078096078 8.443018513576977 0
34.74580080787172 8.648305488567287 0
34.87414193149443 8.441634733122818 0
35.00209486459574 8.650293746869075 0
35.12520613270482 8.441735479431181 0
35.24619401926968 8.655839823848581 0
35.37440002535283 8.442676616646022 0
35.49865833259065 8.654579120658186 0
35.62467639301495 8.442623355650223 0
35.75276792608077 8.654508957338539 0
35.87540738654099 8.442602784931214 0
36.00000000003717 8.66025403783339 0
36.12506789778853 8.443556869894213 0
36.25001131632987 8.660222235001701 0
36.37501320237926 8.443710583582963 0
36.50000208495672 8.660248178468777 0
36.62500254791621 8.443740526442408 0
36.75000055156303 8.660252487856992 0
36.87500051660724 8.443746235150565 0
37.00000000004086 8.660254037834731 0
37.12500008613603 8.443747444931825 0
37.25000001439085 8.660253997509155 0
37.37500001678315 8.443747639841439 0
37.50000000268638 8.660254030405945 0
37.62500000327417 8.443747677809423 0
37.75000000074296 8.660254035870583 0
37.87500000069963 8.443747685047725 0
38.00000000004456 8.660254037836328 0
38.12500000015486 8.44374768658089 0
38.2500000000637 8.659592001678163 0
38.37500000006766 8.443637347477743 0
38.50000000005296 8.659463272468251 0
38.62500000005184 8.443597502758896 0
38.75000000004917 8.660097212921023 0
38.87500000004921 8.44369651871488 0
39.0000000000488 8.660219372322851 0
39.12500000004929 8.443733381276367 0
39.25000000004938 8.660245875983541 0
39.37500000004994 8.443743942313596 0
39.50000000005007 8.660252053433272 0
39.62500000005071 8.443746732061433 0
39.75000000005094 8.660253547966414 0
39.87500000005151 8.443747446108388 0
40.00000000005188 8.660253916063198 0
40.12500000005247 8.443747626465981 0
40.25000000005275 8.660254007472503 0
40.3750000000535 8.44374767176074 0
40.50000000005363 8.660254030256954 0
40.62500000005441 8.443747683107418 0
40.75000000005459 8.660254035945568 0
40.87500000005537 8.443747685946983 0
41.00000000005555 8.660254037367277 0
41.12500000005638 8.443747686657524 0
41.25000000005634 8.660254037722883 0
41.37500000005734 8.443747686835604 0
41.50000000005727 8.660254037811891 0
41.62500000005828 8.443747686880261 0
41.75000000005827 8.660254037834806 0
41.87500000005922 8.443747686891841 0
42.00000000005924 8.659796599583018 0
42.12500000005999 8.443671447185118 0
42.25000000006011 8.6597076532569 0
42.3750000000606 8.443643916179189 0
42.50000000006092 8.66014567862668 0
42.62500000006156 8.443712331907467 0
42.75000000006185 8.660230085476655 0
42.87500000006253 8.443737802337139 0
42.99293073407759 8.656166955737387 0
43.12382178906557 8.443064859118104 0
43.24686228992851 8.690606474156963 0
43.37428067987533 8.448692621652892 0
43.50217799372768 8.656484948246073 0
43.62500000006548 8.44374768689911 0
43.74491109707708 8.656478199197942 0
43.87415184956825 8.443118380458191 0
43.99654010288942 8.649762013060526 0
44.12428199212142 8.441894131695436 0
44.25228519621668 8.651586264292462 0
44.37526119810209 8.441994132107219 0
44.49691670611075 8.656491982298636 0
44.62452965074849 8.442828418510555 0
44.74926301606054 8.655666229627633 0
44.87479877784853 8.442829840799789 0
45.00291182162076 8.65571888543391 0
45.12545176662932 8.442838853816237 0
45.24928262297952 8.658608867659115 0
45.37495573165487 8.443322019691369 0
45.50000000007184 8.660254037850407 0
45.62499262200514 8.443676742369679 0
45.75212228531066 8.659016201853825 0
45.8753524846023 8.443529556816104 0
46.00041246170139 8.660011376837694 0
46.12503318703493 8.443727695621398 0
46.25007427483894 8.660210262469381 0
46.37501791036298 8.443737059128235 0
46.25000851628401 8.227236232782005 0
46.50000440449278 8.227238714134232 0
46.62500371919356 8.443745478639762 0
46.7500003525147 8.227241126408797 0
46.87500067866956 8.443747283938269 0
47.00000017191653 8.22724123387475 0
46.87500008745791 8.010734933074826 0
47.12500004328217 8.010734959344198 0
47.00000002184317 7.794228621132771 0
47.2500000109079 7.794228627634288 0
47.37500000908492 8.010734979664988 0
47.50000000094136 7.794228633558374 0
47.62500000172594 8.010734984040319 0
47.37500000202884 7.577722281964547 0
47.62500000055034 7.577722282845259 0
47.50000000048446 7.361215931936948 0
47.75000000012019 7.361215932154867 0
47.62500000015624 7.144709581186808 0
47.87500000010176 7.144709581220253 0
47.75000000009909 6.928203230275351 0
48.00000000008609 6.928203230284116 0
47.87500000008746 6.711696879336904 0
48.00000000009297 7.361215932172898 0
48.12500000008521 6.711696879339106 0
48.00000000008584 6.495190528392418 0
48.25000000008551 6.49519052839338 0
48.12500000008616 6.278684177446757 0
47.87500000008447 6.278684177444789 0
48.00000000008564 6.062177826499427 0
48.2500000000865 6.062177826500788 0
48.12500000008718 5.845671475554211 0
47.8750000000843 5.845671475551655 0
48.00000000008632 5.629165124606759 0
48.25000000008765 5.629165124608342 0
48.12500000008835 5.412658773661808 0
47.8750000000877 5.412658773660504 0
48.00000000008931 5.196152422715265 0
48.25000000008959 5.196152422716235 0
48.12500000008996 4.979646071769725 0
47.87500000009015 4.979646071768888 0
48.00000000009045 4.763139720823377 0
47.75000000009062 4.763139720822656 0
47.87500000009096 4.546633369877036 0
47.62500000009187 4.546633369876631 0
47.7500000000918 4.330127018930632 0
47.50000000009394 4.330127018931055 0
47.62500000009351 4.11362066798384 0
47.87500000009243 4.113620667984839 0
47.75000000009334 3.897114317038471 0
47.50000000009426 3.897114317037211 0
47.62500000009419 3.680607966092184 0
47.37500000009513 3.68060796609103 0
47.50000000009496 3.464101615146006 0
47.25000000009602 3.464101615144906 0
47.37500000009579 3.247595264199925 0
47.12500000009663 3.247595264199067 0
47.25000000009663 3.031088913254 0
47.00000000009751 3.031088913253092 0
47.12500000009723 2.814582562308274 0
46.87500000009827 2.814582562307297 0
47.37500000009597 2.814582562309403 0
47.00000000009806 2.598076211362553 0
46.75000000009932 2.598076211361402 0
46.87500000009953 2.381569860416611 0
46.62500000010056 2.381569860415669 0
47.75000000009418 3.464101615146744 0
46.50000000010019 2.598076211360371 0
46.37500000010148 2.381569860414549 0
46.25000000010097 2.598076211359275 0
46.12500000010241 2.381569860413352 0
46.75000000010101 2.165063509470861 0
47.00000000009993 2.165063509471796 0
46.00000000010307 2.598076211357415 0
45.87500000010347 2.381569860412056 0
45.75000000010679 2.598076211359555 0
45.62500000010483 2.381569860411388 0
45.50000000010701 2.598076211359698 0
45.37500000010569 2.381569860410556 0
45.75000000010468 2.165063509466279 0
45.25000000010522 2.598076211355403 0
45.12500000010619 2.381569860409002 0
45.00000000010563 2.598076211353681 0
44.87500000010699 2.381569860407743 0
44.75000000010602 2.598076211356893 0
44.62500000010787 2.381569860407317 0
44.50000000010554 2.598076211356573 0
44.37500000010853 2.381569860406105 0
44.50000000010938 2.165063509460997 0
44.25000000011039 2.165063509459665 0
44.12500000010986 2.381569860404027 0
44.00000000011145 2.165063509458177 0
43.87500000011097 2.381569860402812 0
43.75000000011251 2.16506350945684 0
43.62500000011201 2.381569860401559 0
43.50000000011404 2.165063509454083 0
43.3750000001131 2.381569860399959 0
43.25000000011603 2.165063509451132 0
43.1250000001154 2.381569860397736 0
43.00000000011699 2.165063509450948 0
42.8750000001188 2.381569860399496 0
42.75000000011737 2.165063509449814 0
42.62500000011904 2.381569860399314 0
42.50000000011811 2.165063509448637 0
42.37500000011772 2.381569860395245 0
42.25000000011887 2.165063509448995 0
42.12500000011831 2.381569860393768 0
42.00000000011987 2.165063509447868 0
41.87500000011934 2.381569860392509 0
41.75000000012091 2.165063509446675 0
41.62500000012041 2.381569860391301 0
41.500000000122 2.165063509445537 0
41.37500000012149 2.381569860390223 0
41.25000000012305 2.165063509444408 0
41.12500000012252 2.381569860389096 0
41.00000000012398 2.165063509443295 0
40.87500000012358 2.381569860387891 0
40.75000000012504 2.165063509442138 0
40.62500000012464 2.381569860386731 0
40.50000000012611 2.165063509440979 0
40.37500000012645 2.381569860385153 0
40.25000000012729 2.165063509439793 0
40.12500000012918 2.381569860386068 0
40.00000000012864 2.165063509438897 0
39.87500000012982 2.381569860385792 0
39.75000000012969 2.165063509437803 0
39.62500000012925 2.381569860382688 0
39.50000000013049 2.16506350943642 0
39.37500000012998 2.381569860381137 0
39.25000000013151 2.165063509435244 0
39.12500000013097 2.3815698603798 0
39.0000000001325 2.165063509434074 0
38.87500000013203 2.381569860378657 0
38.75000000013353 2.165063509432978 0
38.62500000013363 2.381569860377319 0
38.50000000013468 2.165063509431854 0
38.37500000013587 2.381569860377254 0
38.25000000013596 2.16506350943089 0
38.12500000013661 2.381569860376672 0
38.00000000013699 2.16506350942988 0
37.87500000013648 2.381569860374514 0
37.75000000013776 2.165063509428628 0
37.62500000013723 2.381569860373205 0
37.50000000013869 2.16506350942747 0
37.37500000013827 2.381569860372092 0
37.25000000013975 2.165063509426357 0
37.12500000013932 2.381569860371007 0
37.00000000014077 2.165063509425315 0
36.87500000014029 2.381569860369956 0
36.7500000001418 2.16506350942422 0
36.62500000014124 2.381569860368799 0
36.50000000014317 2.165063509423169 0
36.37500000014237 2.38156986036764 0
36.25000000014494 2.16506350942195 0
36.12500000014349 2.381569860366463 0
36.00000000014577 2.165063509420578 0
35.87500000014438 2.381569860365209 0
35.75000000014644 2.165063509419603 0
35.62500000014537 2.381569860363983 0
35.50000000014812 2.165063509418407 0
35.37500000014658 2.381569860362738 0
35.25000000014889 2.165063509416967 0
35.12500000014759 2.381569860361382 0
35.00000000015008 2.16506350941632 0
34.87500000014862 2.381569860360357 0
34.7500000001511 2.165063509415258 0
34.6250000001497 2.381569860359289 0
34.5000000001512 2.16506350941346 0
46.87500000010148 1.948557158525959 0
47.12500000010047 1.948557158526969 0
44.37500000011099 1.94855715851506 0
43.62500000011439 1.948557158510265 0
42.87500000012021 1.948557158500463 0
42.12500000012034 1.948557158503265 0
39.37500000013187 1.948557158490417 0
36.6250000001451 1.948557158476934 0
35.87500000014828 1.948557158474306 0
35.1250000001565 1.948557158469748 0
41.12500000012442 1.948557158498699 0
40.1250000001296 1.948557158494533 0
38.37500000013623 1.948557158486141 0
37.37500000014015 1.948557158481719 0
48.25000000009044 4.763139720823848 0
37.00000000013901 2.598076211315773 0
38.75000000013321 2.598076211324482 0
40.50000000012722 2.598076211334381 0
34.75000000014825 2.598076211304936 0
34.50000000014896 2.598076211303796 0
35.5000000001447 2.598076211308626 0
36.25000000014184 2.598076211312302 0
41.50000000012 2.598076211335993 0
38.00000000013789 2.598076211323094 0
39.75000000013182 2.598076211333899 0
42.50000000012169 2.598076211349175 0
43.25000000011705 2.598076211346439 0
46.12500000010034 2.81458256230406 0
47.00000000010198 1.732050807581221 0
47.25000000010078 1.732050807582246 0
47.37500000016144 7.144709581181891 0
47.00000000009828 3.4641016151466 0
46.75000000010303 1.732050807580194 0
48.37500000008524 6.711696879340011 0
34.62500000014776 2.814582562249833 0
34.37500000014833 2.814582562248909 0
46.8750000001036 1.515544456635526 0
46.62500000010479 1.515544456634307 0
44.87500000010937 2.814582562310204 0
47.50000000008896 4.76313972082238 0
47.37500000009931 1.948557158528323 0
47.50000000009975 1.73205080758309 0
47.62500000009858 1.948557158528696 0
47.75000000009875 1.732050807583761 0
47.87500000009769 1.948557158529377 0
48.00000000009777 1.732050807584233 0
48.12500000009685 1.948557158529939 0
48.25000000009687 1.732050807584701 0
48.3750000000961 1.948557158530477 0
48.25000000009585 2.165063509475868 0
48.50000000009621 1.732050807585138 0
48.50000000009519 2.165063509476309 0
48.37500000009507 2.381569860421795 0
47.62500000009992 1.515544456638489 0
48.37500000009684 1.515544456639492 0
48.62500777089438 1.515548943112387 0
48.62500000009442 2.381569860422079 0
48.50000000009449 2.598076211367477 0
1.250000000075684 5.629165124507217 0
1.375000000076383 5.412658773561278 0
48.74970073370086 2.59790342983535 0
48.62495012236157 2.814553765391303 0
34.5000000001469 3.031088913194888 0
34.7500000001464 3.031088913195933 0
34.25000000014758 3.031088913193643 0
34.12500000014884 2.814582562247519 0
48.50000129523016 1.299038853439714 0
48.75000928188308 1.299043464537205 0
46.75000000010553 1.29903810568977 0
46.50000000010679 1.299038105688268 0
28.62500000014004 4.113620667964975 0
28.37500000014024 4.113620667964187 0
28.25000000014099 3.897114317017904 0
28.1250000001404 4.113620667963463 0
28.00000000014113 3.897114317017138 0
27.87500000014052 4.113620667962754 0
27.75000000014128 3.897114317016372 0
27.62500000014065 4.113620667961979 0
27.50000000014145 3.897114317015552 0
27.37500000014082 4.113620667961134 0
27.2500000001416 3.897114317014722 0
27.12500000014095 4.113620667960271 0
27.00000000014174 3.897114317013893 0
26.87500000014111 4.113620667959459 0
26.7500000001419 3.89711431701301 0
26.62500000014125 4.113620667958575 0
26.50000000014204 3.897114317012081 0
26.37500000014132 4.1136206679576 0
26.25000000014216 3.897114317011156 0
26.12500000014141 4.113620667956689 0
26.00000000014229 3.897114317010348 0
25.87500000014157 4.113620667955844 0
25.75000000014242 3.897114317009665 0
25.62500000014175 4.113620667955002 0
25.50000000014257 3.89711431700879 0
25.37500000014191 4.113620667954146 0
25.25000000014274 3.897114317007754 0
25.12500000014207 4.11362066795332 0
25.00000000014288 3.897114317006896 0
24.8750000001422 4.113620667952501 0
24.75000000014302 3.897114317006076 0
24.62500000014235 4.113620667951675 0
24.50000000014315 3.897114317005261 0
24.37500000014251 4.113620667950937 0
24.25000000014315 3.897114317004573 0
24.12500000014264 4.113620667950178 0
24.00000000014327 3.897114317003799 0
23.87500000014277 4.113620667949466 0
23.75000000014352 3.897114317002883 0
23.62500000014292 4.113620667948627 0
23.5000000001437 3.897114317002034 0
23.37500000014307 4.113620667947553 0
23.25000000014384 3.897114317001189 0
23.12500000014329 4.113620667946753 0
23.00000000014398 3.897114317000412 0
22.87500000014344 4.113620667946051 0
22.75000000014416 3.897114316999652 0
22.62500000014361 4.113620667945375 0
22.50000000014428 3.897114316999102 0
22.37500000014366 4.113620667944479 0
22.25000000014439 3.897114316998226 0
22.12500000014378 4.113620667943819 0
22.0000000001445 3.897114316997604 0
21.87500000014389 4.113620667943394 0
21.7500000001446 3.897114316996677 0
21.62500000014399 4.113620667942599 0
21.50000000014471 3.8971143169959 0
21.37500000014409 4.113620667942152 0
21.2500000001448 3.897114316995157 0
21.12500000014415 4.113620667941456 0
21.00000000014484 3.897114316994403 0
20.87500000014419 4.113620667941042 0
20.75000000014485 3.897114316993695 0
20.62500000014422 4.113620667940364 0
20.50000000014485 3.897114316992948 0
20.3750000001442 4.113620667938702 0
20.25000000014485 3.897114316991977 0
20.12500000014416 4.113620667937754 0
20.00000000014481 3.897114316991181 0
19.87500000014406 4.113620667936965 0
19.75000000014474 3.897114316990356 0
19.62500000014394 4.113620667936155 0
19.50000000014463 3.897114316989508 0
19.37500000014381 4.113620667935383 0
19.25000000014448 3.897114316988658 0
19.12500000014365 4.113620667934573 0
19.00000000014429 3.897114316987811 0
18.87500000014344 4.113620667933692 0
18.75000000014407 3.897114316987365 0
18.62500000014319 4.113620667932905 0
18.50000000014383 3.897114316986326 0
18.37500000014291 4.113620667931995 0
18.25000000014354 3.897114316985713 0
18.12500000014261 4.113620667931157 0
18.00000000014322 3.897114316984785 0
17.87500000014225 4.113620667930281 0
17.75000000014283 3.897114316983708 0
17.62500000014185 4.113620667929355 0
17.5000000001424 3.897114316983052 0
17.37500000014143 4.113620667928517 0
17.25000000014196 3.897114316982088 0
17.12500000014095 4.113620667927615 0
17.00000000014146 3.897114316980993 0
16.87500000014044 4.113620667926646 0
16.75000000014094 3.897114316980414 0
16.62500000013989 4.113620667925802 0
16.50000000014039 3.897114316978826 0
16.37500000013934 4.113620667924831 0
16.25000000013983 3.897114316977821 0
16.1250000001388 4.113620667923968 0
16.00000000013928 3.897114316976939 0
15.87500000013826 4.11362066792312 0
15.75000000013871 3.897114316976103 0
15.6250000001377 4.113620667922277 0
15.50000000013815 3.897114316975245 0
15.37500000013713 4.11362066792143 0
15.25000000013757 3.897114316974402 0
15.12500000013655 4.11362066792058 0
15.000000000137 3.897114316973576 0
14.87500000013599 4.113620667919743 0
14.75000000013642 3.897114316972742 0
14.62500000013545 4.113620667919034 0
14.50000000013586 3.897114316972139 0
14.37500000013488 4.113620667918275 0
14.25000000013528 3.897114316972506 0
14.12500000013424 4.113620667917537 0
14.0000000001347 3.897114316971678 0
13.87500000013365 4.113620667916728 0
13.75000000013412 3.897114316970869 0
13.62500000013311 4.113620667915908 0
13.50000000013357 3.897114316969306 0
13.37500000013258 4.113620667914962 0
13.25000000013301 3.897114316969117 0
13.12500000013207 4.113620667914224 0
13.00000000013246 3.897114316968482 0
12.87500000013149 4.113620667913419 0
12.75000000013189 3.897114316966854 0
12.62500000013088 4.113620667912421 0
12.50000000013133 3.897114316966748 0
12.37500000013031 4.113620667911674 0
12.25000000013077 3.897114316966174 0
12.12500000012976 4.113620667910892 0
12.00000000013021 3.897114316964427 0
11.87500000012915 4.113620667909901 0
11.75000000012965 3.897114316964422 0
11.62500000012857 4.113620667909155 0
11.50000000012909 3.897114316963872 0
11.37500000012806 4.113620667908382 0
11.25000000012855 3.897114316962005 0
11.12500000012755 4.113620667907393 0
11.000000000128 3.8971143169621 0
10.87500000012698 4.11362066790668 0
10.75000000012744 3.897114316961549 0
10.62500000012641 4.113620667905895 0
10.50000000012689 3.897114316959557 0
10.37500000012589 4.113620667904852 0
10.25000000012634 3.897114316959744 0
10.12500000012538 4.113620667904136 0
10.0000000001258 3.897114316959212 0
9.875000000124825 4.113620667903366 0
9.750000000125237 3.897114316957103 0
9.625000000124238 4.113620667902321 0
9.500000000124682 3.897114316957396 0
9.375000000123695 4.11362066790163 0
9.250000000124134 3.897114316956892 0
9.125000000123134 4.113620667900861 0
9.000000000123578 3.897114316954651 0
8.875000000122508 4.113620667899783 0
8.750000000123014 3.897114316955038 0
8.625000000121918 4.11362066789909 0
8.500000000122441 3.897114316954538 0
8.3750000001214 4.113620667898325 0
8.250000000121892 3.897114316952181 0
8.125000000120874 4.113620667897243 0
8.000000000121329 3.89711431695266 0
7.875000000120298 4.113620667896568 0
7.750000000120759 3.897114316951527 0
7.625000000119707 4.113620667895686 0
7.500000000120179 3.897114316949308 0
7.375000000119128 4.113620667894589 0
7.250000000119603 3.897114316949502 0
7.125000000118554 4.113620667893857 0
7.000000000119035 3.897114316948875 0
6.875000000117997 4.113620667893046 0
6.750000000118476 3.897114316948059 0
6.625000000117426 4.113620667892184 0
6.500000000117918 3.897114316947262 0
6.375000000116877 4.113620667891324 0
6.250000000117375 3.897114316946413 0
6.125000000116366 4.113620667890461 0
6.00000000011685 3.8971143169456 0
5.875000000115847 4.113620667889595 0
5.750000000116339 3.89711431694475 0
5.625000000115314 4.113620667888716 0
5.500000000115834 3.897114316941756 0
5.375000000114817 4.113620667887485 0
5.250000000115339 3.897114316940483 0
32.62500000013465 5.412658773648944 0
32.75000000013458 5.629165124594983 0
47.12500014181655 8.443747602732865 0
47.00000013679855 8.660253956664445 0
47.2500000464878 8.660254010295294 0
33.37500000009096 6.711696879329328 0
45.25000000010635 2.165063509464006 0
44.62500000009513 6.711696879339963 0
28.87500000013986 4.113620667965763 0
48.74995790806192 1.73204347248741 0
4.250000000068812 7.794228633976708 0
40.62500000012642 1.94855715849642 0
41.62500000012238 1.948557158500802 0
2.500000000077714 5.196152422618006 0
38.87500000010544 4.113620667974148 0
30.50000000013751 4.763139720807064 0
30.25000000013776 4.76313972080655 0
30.3750000001372 4.979646071752732 0
30.12500000013742 4.979646071752233 0
37.87500000013814 1.94855715848393 0
16.12500000008092 5.845671475493075 0
38.87500000013402 1.948557158488345 0
4.375000000074236 6.278684177354799 0
17.25000000014302 2.165063509413739 0
34.62500000015473 1.94855715847063 0
34.37500000015307 1.948557158467907 0
34.50000000015559 1.732050807524489 0
34.25000000015454 1.732050807522194 0
34.37500000015486 1.515544456577609 0
34.12500000015564 1.5155444565764 0
34.00000000015518 1.732050807520978 0
33.87500000015658 1.51554445657546 0
33.75000000015644 1.732050807520026 0
33.62500000015768 1.515544456574662 0
33.75000000015795 1.29903810562987 0
33.50000000015908 1.299038105629074 0
33.37500000015881 1.515544456573718 0
33.25000000016018 1.299038105628208 0
34.62500000015584 1.515544456579806 0
34.50000000015518 1.299038105633086 0
34.75000000015394 1.299038105634053 0
31.62500000013705 4.546633369863221 0
31.8750000001368 4.546633369863669 0
31.75000000013732 4.330127018917523 0
37.12500000008909 6.711696879326817 0
3.125000000080184 3.680607965995844 0
41.87500000009017 6.711696879336404 0
17.37500000008169 5.84567147549641 0
3.625000000067884 8.443747686812261 0
2.250000000070328 8.227241335863036 0
2.375000000069625 8.443747686809132 0
2.125000000070012 8.443747686808532 0
2.250000000070155 8.660254037754864 0
2.000000000070089 8.660254037754179 0
44.00000000010954 2.598076211346802 0
42.8750000000921 6.711696879337333 0
48.00000000009294 3.897114317039206 0
5.625000000094014 2.81458256221967 0
30.00000000013795 4.763139720806031 0
40.62500000011129 4.113620667977359 0
3.87500000007807 4.97964607167581 0
16.0000000000419 8.227241335898976 0
32.25000000013785 1.732050807549949 0
30.50000000010677 6.062177826475757 0
27.00000000002743 8.227241335927838 0
17.25000000003819 8.227241335902447 0
26.37500000003436 7.577722283092105 0
1.50000000007374 6.495190528293032 0
1.250000000073542 6.495190528292406 0
1.375000000073101 6.711696879238987 0
5.875000000075419 5.845671475466124 0
29.75000000007464 6.495190528366679 0
20.75000000014779 2.165063509425875 0
23.25000000003263 8.22724133591937 0
1.625000000077837 4.113620667884375 0
1.500000000077243 4.330127018830266 0
1.375000000077687 4.113620667883765 0
1.250000000077109 4.330127018829611 0
23.37500000007766 5.84567147551344 0
37.1250000001143 4.113620667973789 0
22.37500000008168 5.845671475509509 0
19.87500000008331 5.845671475502993 0
22.8750000000368 7.57772228308321 0
24.25000000003133 8.227241335921832 0
2.750000000076751 5.629165124511123 0
16.62500000004463 7.577722283066057 0
25.87500000007362 5.845671475518836 0
26.00000000014666 2.165063509442998 0
39.6250000000862 6.71169687933223 0
18.25000000014766 2.165063509421482 0
29.37500000002426 8.443747686878693 0
41.25000000011266 4.763139720815565 0
26.87500000007291 5.845671475521826 0
41.62500000011175 4.113620667977212 0
47.25000000009724 3.897114317038437 0
16.25000000013914 2.165063509410399 0
20.75000000003587 8.227241335912199 0
32.75000000014424 2.598076211326453 0
27.37500000003121 7.57772228309434 0
24.25000000014725 2.165063509437292 0
45.62500000010219 4.113620667989307 0
45.87500000010181 4.113620667989787 0
45.75000000010316 3.897114317044553 0
29.50000000007471 6.495190528365935 0
29.62500000007403 6.711696879312314 0
29.3750000000737 6.711696879311573 0
2.250000000083734 1.732050807475677 0
2.250000000077563 5.196152422617363 0
1.750000000081391 2.598076211260826 0
1.625000000080819 2.814582562206716 0
1.500000000081275 2.598076211260286 0
1.375000000080756 2.814582562206088 0
1.250000000081237 2.598076211259718 0
22.50000000014767 2.165063509432447 0
6.000000000088474 5.196152422627649 0
46.00000000010132 4.330127018935673 0
46.12500000010144 4.113620667990162 0
46.25000000010098 4.330127018936054 0
17.87500000004341 7.577722283069588 0
1.375000000081734 2.3815698603139 0
45.50000000009558 7.361215932180749 0
6.375000000065265 7.577722283036728 0
35.75000000012123 4.763139720808194 0
20.37500000004074 7.577722283075624 0
45.37500000010908 2.81458256230714 0
15.62500000004603 7.577722283063143 0
1.875000000070479 8.44374768680796 0
1.750000000070167 8.660254037753479 0
1.625000000070804 8.443747686807336 0
1.500000000070444 8.660254037752908 0
1.375000000071078 8.443747686806711 0
1.250000000070708 8.66025403775231 0
23.87500000003417 7.577722283085555 0
42.50000000010856 4.763139720817152 0
28.00000000002617 8.227241335929801 0
2.375000000084706 1.515544456529206 0
2.125000000083795 1.515544456528619 0
31.25000000013225 0.8660254037810039 0
15.250000000135 2.165063509407406 0
3.375000000088435 1.515544456531951 0
35.37500000007858 6.711696879325649 0
32.2500000001272 3.031088913235562 0
46.37500215351466 8.010733697512332 0
40.62500000009802 6.711696879334568 0
27.12500000014234 3.680607966068196 0
37.50000000011995 4.763139720809598 0
41.00000000012567 2.598076211337304 0
47.62500000008692 6.711696879335303 0
2.875000000077376 5.412658773565213 0
40.00000000011421 4.763139720813564 0
30.00000000014374 2.165063509455762 0
30.1250000001439 1.948557158510205 0
29.87500000014427 1.948557158509785 0
30.00000000014441 1.732050807564195 0
29.7500000001447 1.732050807563788 0
29.87500000014487 1.515544456618171 0
29.62500000014522 1.515544456617825 0
30.12500000014455 1.515544456618543 0
30.000000000145 1.299038105672525 0
37.50000000013763 2.598076211318379 0
24.62500000014499 2.814582562276588 0
46.00000000009764 6.495190528396532 0
48.50000000008581 6.495190528394199 0
48.625000000085 6.711696879340908 0
48.75000000008589 6.495190528395082 0
42.00000000011773 2.59807621133837 0
23.62500000014557 2.81458256227332 0
21.12500000014566 2.814582562265965 0
39.25000000013218 2.59807621132782 0
20.12500000014548 2.814582562262961 0
3.750000000082921 3.031088913157961 0
19.12500000014474 2.81458256225997 0
4.000000000083497 3.031088913158598 0
15.87500000013565 2.814582562250288 0
14.87500000013151 2.814582562247476 0
32.87500000013391 5.412658773649422 0
33.00000000013452 5.629165124595402 0
15.25000000009706 5.196152422657264 0
31.62500000012615 1.948557158508974 0
20.7500000001109 5.196152422670326 0
30.37500000014363 1.948557158510413 0
30.25000000014465 1.299038105672882 0
23.25000000008743 5.196152422683267 0
19.50000000014315 4.330127018881946 0
32.25000000005072 7.361215932154741 0
32.75000000011938 3.897114317021405 0
24.25000000009818 5.196152422684 0
6.375000000096865 2.814582562221856 0
26.75000000009607 5.196152422691164 0
27.75000000009533 5.196152422694134 0
41.75000000008144 7.361215932164791 0
39.25000000008177 7.361215932163439 0
37.50000000007162 7.361215932157522 0
35.75000000007847 7.361215932162821 0
32.50000000013338 5.196152422701905 0
2.250000000084821 1.299038105582028 0
2.000000000083874 1.299038105581492 0
1.875000000082923 1.515544456528061 0
1.750000000082985 1.299038105580974 0
1.625000000082126 1.515544456527483 0
1.500000000082226 1.29903810558052 0
1.375000000081431 1.515544456526866 0
1.250000000081595 1.29903810558005 0
1.125000000076117 5.412658773560583 0
1.125000000077638 4.113620667883131 0
1.250000000078177 3.897114316937351 0
1.125000000080799 2.814582562205493 0
48.87428200342107 2.814299818041832 0
48.74987202102555 3.031036989727234 0
1.125000000071286 8.443747686806095 0
1.250000000071716 8.227241335860414 0
1.125000000074428 5.845671475453321 0
1.125000000080887 1.515544456526273 0
1.125000000081127 2.381569860312894 0
48.87445391415764 2.381392584960448 0
31.1250000000226 8.87676038877462 0
30.87500000002249 8.876760388774354 0
32.88286585347483 8.872219036171085 0
33.62050028955597 8.874162479725605 0
34.36553806081062 8.833774514965009 0
1.375000000070052 8.876760388698553 0
35.11967856663333 8.845137306153344 0
1.875000000069724 8.876760388699836 0
36.87678219983252 8.875879682600113 0
38.62500000004637 8.876760388784389 0
40.37500000005301 8.87676038246134 0
41.12500000005644 8.876760388688698 0
42.86953770042184 8.847993397618284 0
43.61687416963387 8.838186909247899 0
44.3712242850913 8.849504477781366 0
45.12624594965881 8.86267516954989 0
45.8793280806692 8.874407179537208 0
31.86700780541098 8.872167180529811 0
32.36450017658348 8.861524432548023 0
35.8768280254487 8.859909499053614 0
36.37780600375925 8.872523973818183 0
37.6250000006001 8.876760387216887 0
38.12119507149928 8.882023806445442 0
39.37500000004957 8.876758697742204 0
39.87500000005151 8.876760286844263 0
41.86539443752415 8.870680936704447 0
42.37084510069224 8.884230115073631 0
47.1250000305981 8.876760370677323 0
47.37500001289897 8.876760381189387 0
1.125000000070356 8.876760388697946 0
1.127115335052618 6.712918168458337 0
1.250352555902416 6.928406778388269 0
48.87500000008508 6.711696879341718 0
48.75000000008436 6.928203230287528 0
48.62500176291756 1.082532772513882 0
48.37500050975656 1.082532049001841 0
48.87500184086452 1.082532817518119 0
34.00000000014831 3.031088913192362 0
33.87500000014969 2.814582562246425 0
34.62500000014549 3.247595264140942 0
34.87500000014479 3.247595264142212 0
33.12500000016006 1.515544456572898 0
33.00000000016127 1.299038105627458 0
33.25000000015871 1.732050807518481 0
34.12500000014712 3.247595264138467 0
29.87500000013759 4.979646071751684 0
29.7500000001381 4.763139720805474 0
5.125000000114378 4.113620667886508 0
22.25000000014309 4.330127018890192 0
21.50000000014339 4.330127018889399 0
25.00000000014138 4.330127018898899 0
16.25000000013828 4.330127018870944 0
17.00000000013992 4.330127018873556 0
18.50000000014229 4.330127018878791 0
17.75000000014132 4.330127018876201 0
15.50000000013671 4.330127018868414 0
14.25000000013367 4.33012701886446 0
25.75000000013526 4.330127018901327 0
13.50000000013215 4.33012701886185 0
32.37500000013437 5.845671475540477 0
31.62500000013445 5.845671475539064 0
31.37500000013455 5.845671475535198 0
12.75000000013048 4.330127018859331 0
12.00000000012874 4.3301270188567 0
11.25000000012709 4.330127018854182 0
29.12500000002619 7.577722283094646 0
10.50000000012542 4.330127018851687 0
9.750000000123761 4.330127018849039 0
9.000000000122089 4.330127018846477 0
6.750000000116963 4.330127018838705 0
8.250000000120403 4.330127018844009 0
7.500000000118661 4.330127018841449 0
28.00000000013986 4.330127018909074 0
30.50000000002431 7.794228634043098 0
30.75000000002418 7.794228634043408 0
28.75000000013923 4.330127018911337 0
31.50000000002373 8.227241335936304 0
32.75000000002612 8.227241335936966 0
33.50000000002797 8.227241335937521 0
34.24986432864137 8.227984194028675 0
35.00000000003396 8.227241335938352 0
36.75000051078095 8.227239900576912 0
32.0000000001256 0.8660254037829744 0
38.50000000004925 8.227219182578274 0
46.37500000010594 1.515544456632779 0
46.25000000010809 1.299038105686632 0
3.250000000070143 7.794228633973933 0
40.25000000005313 8.227241323352695 0
7.125000000114146 3.680607966007651 0
3.750000000069868 7.794228633975019 0
7.875000000117574 3.680607966012194 0
28.5000000001421 3.464101615126795 0
41.00000000005605 8.227241335749545 0
21.87500000014503 3.680607966051634 0
4.000000000073253 6.928203230191253 0
4.250000000072519 6.928203230192528 0
26.12500000014296 3.680607966064857 0
22.62500000014452 3.680607966053765 0
25.37500000014339 3.680607966062662 0
8.625000000119542 3.680607966016034 0
42.75000000006152 8.227233796022128 0
48.25000000009504 2.598076211367289 0
9.375000000121414 3.680607966017726 0
43.4998801133659 8.228065491742068 0
27.62500000014209 3.680607966069558 0
3.000000000076896 5.629165124511763 0
10.12500000012329 3.68060796601937 0
27.37500000014426 2.814582562285386 0
1.625000000077473 4.546633369776942 0
44.25000000006809 8.22724133595333 0
10.87500000012514 3.680607966021038 0
2.625000000083168 2.381569860316579 0
11.62500000012699 3.680607966022721 0
45.0000000000712 8.227241335955187 0
24.37500000014349 3.680607966059346 0
24.87500000014371 3.68060796606051 0
23.87500000014387 3.680607966057613 0
23.37500000014442 3.680607966055532 0
12.37500000012888 3.680607966024317 0
21.37500000014546 3.680607966049378 0
13.12500000013081 3.680607966026005 0
20.8750000001455 3.680607966047801 0
18.12500000014339 3.680607966040566 0
20.3750000001455 3.680607966046421 0
13.87500000013268 3.68060796602803 0
19.8750000001455 3.680607966044569 0
17.37500000014206 3.680607966038064 0
3.500000000085748 2.165063509372193 0
19.37500000014534 3.680607966042813 0
16.62500000014135 3.680607966034299 0
18.87500000014433 3.680607966042569 0
46.37500000010112 4.113620667990264 0
46.25000000010147 3.8971143170445 0
46.50000000010067 4.330127018936444 0
33.12500000013487 5.412658773649486 0
33.25000000013457 5.629165124595578 0
5.250000000113832 4.330127018833387 0
30.12500000014515 1.082531754726886 0
29.87500000014547 1.082531754726537 0
16.12500000014029 3.680607966030739 0
5.750000000114818 4.330127018835159 0
15.62500000013918 3.680607966029043 0
15.12500000013799 3.680607966027357 0
6.250000000115869 4.330127018836936 0
14.62500000013679 3.680607966026595 0
30.37500000014475 1.082531754727257 0
30.50000000014426 1.299038105673179 0
33.62500000015948 1.082531754684353 0
45.75005751782112 8.227193156855364 0
6.625000000112808 3.680607966006135 0
46.37500000010899 1.082531754742485 0
46.1250000001103 1.082531754740524 0
46.00000000010946 1.299038105684596 0
45.87500000011159 1.082531754738603 0
45.75000000011077 1.299038105682639 0
45.62500000011298 1.082531754736698 0
45.50000000011215 1.299038105680756 0
45.37500000011435 1.082531754734857 0
45.25000000011355 1.299038105679 0
45.12500000011568 1.082531754733191 0
45.00000000011489 1.299038105677324 0
44.87500000011698 1.082531754731547 0
6.125000000111486 3.680607966004583 0
5.375000000116338 3.680607965994341 0
5.125000000115804 3.680607965993411 0
15.00000000013562 4.330127018866778 0
42.00000000005943 8.227228629327987 0
32.00000000002451 8.227241335936533 0
41.50000000005792 8.22724133593478 0
39.50000000005033 8.227240552710374 0
39.00000000004897 8.227230423642949 0
21.00000000014355 4.330127018888926 0
20.50000000014359 4.330127018885554 0
20.00000000014346 4.330127018883536 0
19.75000000010987 5.196152422665888 0
23.00000000014284 4.33012701889237 0
23.50000000014229 4.33012701889395 0
24.00000000014204 4.330127018896103 0
37.75000000069215 8.227241334120391 0
24.50000000014173 4.330127018897437 0
37.25000001718157 8.227241287774103 0
36.00007921408027 8.227018716115134 0
35.49995993071998 8.227146089102751 0
26.50000000014046 4.330127018904081 0
33.12500000013438 5.84567147554171 0
33.37500000013442 5.845671475541875 0
33.50000000013457 5.629165124595666 0
33.62500000013458 5.845671475541945 0
33.75000000013467 5.629165124595778 0
33.87500000013476 5.845671475538734 0
34.0000000001348 5.629165124595197 0
34.12500000013487 5.845671475540104 0
34.25000000013487 5.629165124595247 0
34.37500000013497 5.845671475538369 0
34.50000000013492 5.629165124594911 0
34.62500000013517 5.845671475538218 0
34.7500000001351 5.629165124594826 0
34.87500000013535 5.845671475538094 0
35.00000000013523 5.629165124594804 0
35.12500000013544 5.845671475538074 0
35.25000000013536 5.62916512459474 0
35.37500000013554 5.84567147553803 0
35.50000000013563 5.62916512459457 0
35.62500000013559 5.845671475540699 0
35.75000000013581 5.629165124595051 0
35.87500000013569 5.845671475541415 0
36.00000000013592 5.629165124595213 0
36.12500000013579 5.845671475541486 0
36.250000000136 5.62916512459523 0
36.37500000013586 5.845671475541698 0
36.50000000013603 5.629165124595387 0
36.625000000136 5.845671475541698 0
36.75000000013607 5.629165124595431 0
36.8750000001361 5.845671475541572 0
37.00000000013615 5.629165124595446 0
37.12500000013613 5.845671475541646 0
37.25000000013623 5.6291651245956 0
37.37500000013623 5.845671475541922 0
37.50000000013635 5.629165124595848 0
37.62500000013626 5.845671475542183 0
37.7500000001365 5.62916512459593 0
37.8750000001364 5.845671475542394 0
38.00000000013654 5.629165124596043 0
38.12500000013648 5.845671475542411 0
38.25000000013651 5.629165124596254 0
38.3750000001366 5.845671475540144 0
38.5000000001365 5.629165124595816 0
38.62500000013664 5.845671475539692 0
38.75000000013647 5.629165124595667 0
38.87500000013654 5.845671475539856 0
39.00000000013653 5.629165124595771 0
39.12500000013659 5.845671475539942 0
39.25000000013677 5.629165124595834 0
39.37500000013671 5.845671475540044 0
39.50000000013689 5.62916512459594 0
39.62500000013674 5.845671475540188 0
39.75000000013678 5.62916512459616 0
39.87500000013672 5.845671475540556 0
40.00000000013678 5.629165124596438 0
40.12500000013669 5.845671475540841 0
40.25000000013687 5.629165124596684 0
40.37500000013672 5.845671475543075 0
40.50000000013691 5.629165124597227 0
40.62500000013688 5.845671475543758 0
40.75000000013706 5.629165124597742 0
40.87500000013686 5.845671475544139 0
41.00000000013728 5.629165124598132 0
41.12500000013691 5.845671475544502 0
41.2500000001374 5.629165124598565 0
41.37500000013693 5.845671475544941 0
41.50000000013738 5.629165124598981 0
41.62500000013695 5.845671475545398 0
41.75000000013733 5.629165124599473 0
41.87500000013704 5.845671475545792 0
42.00000000013736 5.629165124599891 0
42.12500000013708 5.845671475546102 0
42.25000000013736 5.6291651246002 0
42.37500000013709 5.845671475546455 0
42.5000000001374 5.629165124600563 0
42.62500000013706 5.845671475545278 0
42.7500000001374 5.629165124600707 0
42.87500000013709 5.845671475545385 0
43.00000000013749 5.629165124601124 0
43.12500000013718 5.8456714755457 0
43.25000000013755 5.629165124601514 0
43.3750000001372 5.845671475547171 0
43.50000000013751 5.629165124602005 0
43.6250000001372 5.84567147554675 0
43.75000000013754 5.629165124602268 0
43.87500000013728 5.845671475546969 0
44.00000000013756 5.629165124602606 0
44.12500000013731 5.84567147554729 0
44.25000000013756 5.629165124602943 0
44.37500000013729 5.845671475547773 0
44.50000000013763 5.629165124603365 0
27.00000000014035 4.330127018905788 0
27.50000000013991 4.330127018907517 0
34.62500000015614 1.082531754687795 0
34.87500000015925 1.082531754687961 0
33.12500000016136 1.082531754682767 0
32.8750000001625 1.082531754682093 0
1.625000000083037 1.082531754634038 0
1.000000000081126 1.299038105579569 0
1.125000000081787 1.08253175463328 0
1.002526650186936 6.929661992308175 0
1.125479867729268 7.144986632852079 0
49.0000000000843 6.928203230288478 0
48.87500000008346 7.144709581234258 0
1.00450928064867 6.495436768784481 0
1.250000000080241 3.031088913151823 0
30.6250000001416 2.814582562294121 0
30.87500000014123 2.814582562294419 0
31.00000000014133 2.598076211348869 0
31.12500000014079 2.814582562294833 0
29.00000000013905 4.330127018912175 0
2.250000000073278 6.928203230187087 0
33.87500000015466 1.948557158465285 0
26.62500000014275 3.68060796606659 0
3.12500000007751 5.412658773565949 0
3.000000000077808 5.196152422619507 0
48.49997035729346 3.031075459849634 0
48.62497372978127 3.247584368047888 0
48.87497429186256 3.24758479425746 0
48.75000000009192 3.464101615151316 0
48.99999571538667 3.464099870160272 0
48.874999285974 3.680607675265112 0
19.00000000014275 4.330127018880766 0
30.25000000013687 5.196152422698399 0
32.00000000013701 4.330127018917972 0
31.87500000013756 4.113620667971897 0
44.62500000013732 5.845671475548198 0
44.75000000013773 5.629165124603595 0
2.125000000084827 1.082531754634799 0
2.37500000008589 1.082531754635372 0
1.000000000071792 8.227241335859798 0
1.125000000072313 8.010734984914263 0
49.00012897295855 1.299362394839671 0
1.250000000069735 9.093266739644118 0
1.00000000007822 3.897114316936453 0
1.002705816638486 9.091704535719376 0
1.000000000077042 4.33012701882895 0
1.125000000076516 4.546633369775479 0
0.8786041340337787 8.875248982010779 0
1.000000000080359 3.031088913151208 0
49.0000000000859 6.495190528395849 0
48.87500000008681 6.278684177449322 0
28.87500000013843 4.546633369857757 0
29.50000000006573 6.928203230260106 0
33.75000000014913 3.03108891319127 0
33.62500000015037 2.814582562245339 0
34.75000000014393 3.464101615087154 0
35.00000000014327 3.464101615088579 0
29.62500000013758 4.979646071751351 0
44.75000000011625 1.299038105675666 0
44.6250000001184 1.082531754729887 0
44.50000000011761 1.299038105674033 0
44.37500000011969 1.082531754728144 0
44.25000000011902 1.299038105672282 0
44.12500000012103 1.082531754726404 0
44.0000000001204 1.299038105670494 0
43.87500000012251 1.082531754724778 0
43.75000000012145 1.299038105669546 0
43.62500000012384 1.082531754723333 0
43.50000000012261 1.299038105667977 0
43.3750000001252 1.082531754721856 0
43.25000000012438 1.299038105665862 0
43.1250000001267 1.082531754720262 0
43.00000000012607 1.299038105664436 0
42.87500000012811 1.082531754718717 0
42.75000000012749 1.299038105662881 0
42.62500000012955 1.082531754717034 0
42.50000000012889 1.299038105661278 0
42.37500000013092 1.082531754715506 0
42.25000000013027 1.299038105659649 0
42.12500000013236 1.082531754713902 0
42.00000000013166 1.299038105658008 0
41.87500000013365 1.082531754712328 0
41.75000000013308 1.299038105656521 0
41.6250000001349 1.082531754710908 0
41.50000000013445 1.299038105655182 0
41.37500000013634 1.082531754709593 0
41.25000000013593 1.299038105653815 0
41.12500000013775 1.082531754708276 0
41.00000000013734 1.299038105652569 0
40.87500000013925 1.082531754707034 0
40.75000000013883 1.299038105651526 0
40.6250000001406 1.082531754705956 0
40.5000000001402 1.299038105650456 0
40.3750000001419 1.082531754705012 0
40.25000000014163 1.299038105649251 0
40.12500000014336 1.082531754703889 0
40.00000000014322 1.299038105650782 0
39.87500000014484 1.08253175470316 0
39.75000000014468 1.299038105650364 0
39.62500000014614 1.082531754702389 0
39.50000000014595 1.299038105647097 0
39.37500000014739 1.082531754701222 0
39.25000000014727 1.299038105645868 0
39.12500000014879 1.082531754700311 0
39.00000000014876 1.299038105644836 0
38.87500000015022 1.082531754699496 0
38.75000000015007 1.299038105644135 0
38.62500000015156 1.082531754698806 0
38.50000000015152 1.299038105643219 0
38.37500000015295 1.082531754697959 0
38.2500000001529 1.299038105642339 0
38.12500000015433 1.082531754696987 0
38.00000000015426 1.299038105641428 0
37.87500000015569 1.082531754696066 0
37.75000000015566 1.299038105640555 0
37.62500000015704 1.082531754695238 0
37.50000000015717 1.29903810563968 0
37.37500000015841 1.082531754694463 0
37.25000000015854 1.299038105638981 0
37.12500000015979 1.08253175469378 0
37.00000000015986 1.299038105638166 0
36.87500000016124 1.082531754692998 0
36.75000000016126 1.299038105637264 0
36.62500000016266 1.082531754692131 0
36.50000000016264 1.299038105636427 0
36.37500000016405 1.082531754691338 0
36.25000000016398 1.299038105635758 0
36.12500000016557 1.082531754690458 0
47.50000000995072 8.660254031995095 0
47.62500000007791 8.87676038880519 0
47.7500000017249 8.660254036881945 0
47.87826886631181 8.880094758211277 0
48.00054481139344 8.660809765931482 0
48.12664343809767 8.876826870298009 0
48.25036470830293 8.660357739454923 0
48.37533469110594 8.883573395398694 0
48.50062147619776 8.661698332238783 0
48.37500000008243 8.443747686915254 0
48.62531045361752 8.444019230492241 0
48.62511382947172 8.892281920992225 0
48.50005174233963 8.227286593232032 0
48.75585966051935 8.231155522311754 0
48.87690872466285 8.448542512776259 0
48.62598523386698 8.011394892290872 0
48.88194011025719 8.016429877110095 0
48.24669149413864 9.096783847666584 0
44.8750000001132 1.515544456623598 0
48.37517282942426 8.010852512443972 0
2.375000000078106 4.979646071671494 0
36.00000000016534 1.299038105634839 0
35.87500000016683 1.082531754689405 0
35.75000000016669 1.299038105633984 0
35.62500000016807 1.08253175468849 0
35.50000000016815 1.299038105633113 0
34.37500000015618 1.082531754687335 0
31.00000000014065 3.031088913240334 0
31.25000000014021 3.031088913240809 0
46.75000000009871 3.031088913253684 0
31.12500000014001 3.247595264186272 0
31.37500000013965 3.247595264186778 0
31.2500000001394 3.464101615132249 0
31.50000000013905 3.464101615132805 0
31.37500000013874 3.680607966078215 0
29.75000000007201 6.928203230259038 0
29.12500000002448 8.443747686878201 0
29.25000000002399 8.660254037824297 0
29.00000000002427 8.66025403782383 0
29.12500000002376 8.876760388769917 0
28.87500000002407 8.876760388769465 0
29.37500000002343 8.876760388770386 0
29.25000000002319 9.09326673971597 0
29.50000000002284 9.093266739716476 0
3.5000000000794 4.330127018836032 0
5.875000000064109 8.443747686817733 0
5.750000000063609 8.660254037763126 0
6.000000000063253 8.660254037763597 0
5.875000000062725 8.87676038870895 0
6.125000000065139 8.876760388709769 0
5.625000000063385 8.876760388708343 0
32.12500000012499 1.082531754728391 0
33.87500000012999 4.113620667937287 0
35.12500000014424 3.247595264143767 0
35.25000000014264 3.464101615090128 0
35.37500000014369 3.247595264145386 0
35.50000000014202 3.464101615091647 0
35.62500000014299 3.24759526414681 0
35.75000000014141 3.464101615093048 0
35.87500000014231 3.247595264148206 0
36.00000000014076 3.464101615094472 0
36.1250000001416 3.247595264149601 0
36.2500000001401 3.464101615095935 0
36.37500000014101 3.247595264151082 0
36.50000000013958 3.46410161509745 0
36.62500000014044 3.247595264152548 0
36.75000000013878 3.464101615098971 0
36.87500000013981 3.247595264154046 0
37.00000000013814 3.464101615100452 0
37.12500000013916 3.247595264155788 0
37.25000000013739 3.464101615102153 0
37.37500000013846 3.247595264157539 0
37.50000000013665 3.464101615104064 0
37.62500000013785 3.247595264159422 0
37.75000000013603 3.464101615105964 0
37.87500000013728 3.24759526416139 0
38.00000000013611 3.464101615114288 0
38.12500000013666 3.247595264164313 0
38.25000000013495 3.464101615111273 0
38.37500000013581 3.247595264165435 0
38.50000000013387 3.464101615108768 0
38.62500000013497 3.247595264166336 0
38.75000000013312 3.464101615112716 0
38.87500000013452 3.247595264169001 0
39.00000000013244 3.464101615115163 0
39.12500000013387 3.247595264171109 0
39.2500000001317 3.464101615117539 0
39.37500000013319 3.247595264173223 0
39.50000000013103 3.464101615119643 0
39.62500000013239 3.247595264175152 0
39.75000000013043 3.464101615121602 0
39.87500000013169 3.247595264177086 0
40.0000000001298 3.46410161512354 0
40.12500000013096 3.247595264179005 0
40.25000000012908 3.464101615125524 0
40.37500000013024 3.247595264180897 0
40.50000000012828 3.464101615127467 0
40.62500000012952 3.247595264182869 0
40.75000000012762 3.46410161512941 0
40.87500000012882 3.247595264184881 0
41.00000000012694 3.46410161513118 0
41.12500000012804 3.247595264186545 0
41.25000000012628 3.464101615132768 0
41.37500000012722 3.247595264188003 0
41.50000000012558 3.464101615134241 0
41.62500000012649 3.247595264189505 0
41.7500000001248 3.464101615135773 0
41.8750000001254 3.247595264191292 0
42.00000000012412 3.464101615137372 0
42.12500000012462 3.247595264192869 0
42.25000000012342 3.464101615138897 0
42.37500000012425 3.247595264194213 0
42.50000000012262 3.46410161514041 0
42.62500000012366 3.247595264195793 0
42.75000000012196 3.464101615142053 0
42.87500000012308 3.247595264197317 0
43.00000000012142 3.464101615143692 0
43.1250000001224 3.24759526419868 0
4.875000000076139 5.845671475463137 0
2.875000000072764 7.144709581134686 0
48.12500000009202 4.113620667985584 0
30.50000000013666 5.196152422698932 0
32.12500000013664 4.546633369864101 0
31.25000000013508 5.629165124591658 0
3.375000000075061 6.278684177351455 0
5.000000000084929 5.196152422625585 0
45.00000000010786 4.763139720821872 0
5.625000000066578 7.577722283034619 0
5.750000000066933 7.3612159320892 0
5.50000000006732 7.361215932088546 0
5.625000000067698 7.144709581143059 0
5.375000000067999 7.14470958114241 0
5.500000000068427 6.928203230196873 0
5.750000000068145 6.928203230197541 0
5.250000000068713 6.928203230196226 0
5.625000000068864 6.711696879251314 0
5.875000000068633 6.711696879251981 0
6.000000000067928 6.928203230198234 0
6.125000000068413 6.711696879252663 0
6.250000000067733 6.928203230198915 0
6.375000000068198 6.71169687925345 0
5.125000000068272 7.144709581141779 0
6.500000000067494 6.928203230199615 0
6.625000000067971 6.711696879254164 0
6.750000000067272 6.928203230200329 0
6.875000000067736 6.711696879254927 0
7.000000000067033 6.928203230201033 0
7.125000000067494 6.711696879255536 0
4.37500000008099 4.113620667892025 0
4.125000000083163 3.247595264105513 0
4.250000000084105 3.031088913159267 0
4.375000000083684 3.247595264106201 0
4.500000000084727 3.031088913159913 0
45.62500000010517 5.845671475552162 0
47.75000000009719 2.165063509475342 0
7.250000000066771 6.928203230201699 0
7.375000000067248 6.711696879256316 0
7.500000000066529 6.928203230202404 0
7.625000000066991 6.711696879257048 0
7.750000000066267 6.928203230203104 0
7.875000000066724 6.711696879257649 0
8.000000000066017 6.928203230203797 0
8.125000000066455 6.711696879258447 0
8.25000000006575 6.928203230204502 0
8.375000000066176 6.711696879259259 0
8.500000000065453 6.928203230205217 0
8.625000000065889 6.711696879259806 0
43.25000000012074 3.464101615145175 0
43.37500000012162 3.24759526420023 0
43.50000000011998 3.46410161514634 0
43.62500000012086 3.24759526420188 0
43.75000000011915 3.464101615147723 0
43.87500000012003 3.247595264199036 0
3.375000000078738 4.546633369782006 0
3.250000000079174 4.3301270188354 0
3.125000000078517 4.546633369781369 0
48.50019301060576 7.794358206523499 0
8.75000000006516 6.928203230205897 0
8.875000000065603 6.71169687926064 0
9.000000000064883 6.928203230206631 0
9.125000000065306 6.711696879261533 0
9.250000000064563 6.928203230207361 0
9.375000000065004 6.71169687926221 0
46.87500002794903 8.876760372249167 0
9.500000000064261 6.928203230208069 0
9.625000000064702 6.711696879262914 0
9.750000000063977 6.928203230208788 0
9.875000000064396 6.711696879263614 0
10.00000000006365 6.928203230209483 0
10.12500000006408 6.711696879264114 0
10.25000000006333 6.928203230210145 0
10.37500000006377 6.711696879265031 0
10.50000000006304 6.928203230210916 0
10.62500000006347 6.711696879265756 0
10.75000000006271 6.928203230211624 0
10.87500000006315 6.711696879266245 0
47.00000000010409 1.299038105691183 0
46.87500000010631 1.082531754745464 0
47.12500000010509 1.082531754747084 0
29.500000000145 1.732050807563402 0
29.37500000014549 1.515544456617427 0
11.00000000006239 6.928203230212281 0
11.12500000006284 6.711696879267141 0
11.2500000000621 6.928203230213047 0
11.37500000006254 6.711696879267928 0
11.50000000006177 6.928203230213775 0
11.62500000006222 6.711696879268424 0
11.75000000006144 6.92820323021445 0
11.87500000006191 6.711696879269356 0
12.00000000006115 6.928203230215212 0
12.12500000006161 6.711696879270157 0
12.25000000006084 6.928203230215961 0
12.3750000000613 6.711696879270632 0
6.750000000069534 6.495190528308227 0
12.50000000006052 6.92820323021664 0
12.62500000006099 6.711696879271579 0
12.75000000006021 6.928203230217386 0
12.87500000006068 6.711696879272383 0
13.0000000000599 6.928203230218124 0
13.12500000006037 6.711696879272822 0
3.875000000083754 2.814582562211621 0
13.25000000005962 6.928203230218804 0
13.37500000006007 6.711696879273791 0
13.50000000005935 6.92820323021958 0
13.62500000005977 6.711696879274574 0
13.75000000005904 6.928203230220284 0
13.87500000005947 6.71169687927496 0
7.500000000068358 6.495190528310453 0
44.00000000011842 3.464101615148333 0
44.12500000011933 3.24759526419965 0
44.25000000011777 3.464101615149475 0
5.00000000006897 6.928203230195576 0
5.125000000069394 6.711696879249992 0
4.875000000068549 7.14470958114115 0
14.00000000005876 6.92820323022093 0
14.12500000005919 6.711696879275936 0
14.25000000005849 6.928203230221682 0
14.37500000005891 6.711696879276691 0
14.50000000005819 6.928203230222396 0
14.62500000005864 6.711696879277053 0
32.25000000013318 0.8660254037762757 0
8.250000000067626 6.495190528312635 0
14.7500000000579 6.928203230223027 0
14.87500000005837 6.711696879278048 0
15.00000000005764 6.928203230223763 0
15.12500000005813 6.711696879278869 0
15.2500000000574 6.928203230224485 0
15.3750000000579 6.711696879279159 0
15.50000000005719 6.92820323022511 0
15.62500000005768 6.711696879280191 0
9.000000000069205 6.495190528314901 0
15.75000000005697 6.92820323022586 0
15.87500000005749 6.711696879280995 0
16.00000000005677 6.9282032302266 0
16.1250000000573 6.711696879281261 0
16.25000000005659 6.928203230227249 0
16.37500000005713 6.711696879282339 0
16.50000000005645 6.928203230228069 0
16.62500000005699 6.711696879283172 0
16.7500000000563 6.928203230228835 0
16.87500000005686 6.711696879283911 0
9.750000000065159 6.495190528316972 0
17.00000000005618 6.928203230229522 0
17.12500000005673 6.711696879284656 0
17.25000000005607 6.928203230230232 0
17.37500000005662 6.711696879284816 0
10.50000000006785 6.495190528318983 0
17.50000000005597 6.928203230230829 0
17.62500000005652 6.711696879285897 0
17.75000000005588 6.928203230231554 0
17.87500000005643 6.711696879286657 0
18.00000000005582 6.928203230232235 0
18.12500000005636 6.711696879287324 0
18.25000000005576 6.928203230232858 0
18.37500000005629 6.711696879288032 0
18.5000000000557 6.928203230233503 0
18.62500000005622 6.711696879288093 0
18.75000000005566 6.928203230234091 0
18.87500000005616 6.711696879289221 0
19.0000000000556 6.928203230234836 0
19.12500000005608 6.711696879289969 0
19.25000000005551 6.928203230235484 0
19.37500000005599 6.711696879290631 0
19.50000000005538 6.928203230236074 0
19.62500000005588 6.711696879290409 0
19.75000000005438 6.928203230236093 0
19.87500000005641 6.711696879291236 0
20.00000000005421 6.928203230236694 0
20.12500000005638 6.711696879291925 0
20.25000000005499 6.92820323023783 0
20.37500000005639 6.711696879292665 0
20.50000000005496 6.928203230238552 0
20.62500000005626 6.711696879293351 0
20.75000000005482 6.928203230239211 0
20.87500000005682 6.711696879293585 0
21.00000000005456 6.92820323023976 0
21.12500000005748 6.711696879294617 0
21.25000000005467 6.928203230239558 0
21.37500000005596 6.711696879295227 0
21.50000000005427 6.92820323024008 0
21.62500000005546 6.71169687929588 0
21.75000000005396 6.928203230241671 0
21.87500000005516 6.711696879297571 0
22.0000000000537 6.928203230242706 0
22.12500000005414 6.711696879298036 0
22.25000000005249 6.928203230242934 0
22.37500000005359 6.711696879298577 0
22.50000000005201 6.928203230243465 0
22.62500000005323 6.711696879299187 0
22.75000000005273 6.928203230244447 0
22.87500000005311 6.711696879299888 0
23.00000000005244 6.928203230245242 0
23.12500000005285 6.71169687930053 0
23.25000000005218 6.92820323024586 0
23.37500000005259 6.711696879300224 0
23.50000000005199 6.928203230246142 0
23.6250000000523 6.711696879300529 0
23.75000000005097 6.928203230246188 0
23.87500000005195 6.71169687930097 0
24.0000000000505 6.928203230246681 0
24.12500000005168 6.711696879301567 0
24.25000000005014 6.928203230247325 0
24.37500000005139 6.711696879302285 0
24.50000000004984 6.928203230248045 0
24.62500000005115 6.711696879303028 0
24.75000000004998 6.928203230248529 0
24.87500000005107 6.71169687930391 0
25.00000000004984 6.928203230250104 0
25.12500000005077 6.711696879304652 0
25.25000000004869 6.928203230251619 0
25.37500000005037 6.711696879305567 0
25.5000000000495 6.928203230251921 0
25.62500000005026 6.711696879306343 0
25.75000000004945 6.928203230252642 0
25.87500000005005 6.711696879307157 0
11.25000000006441 6.495190528321121 0
26.00000000004925 6.928203230253439 0
26.12500000004976 6.711696879307913 0
26.25000000004899 6.928203230254164 0
26.37500000004951 6.71169687930863 0
12.00000000006359 6.495190528323306 0
26.50000000004874 6.928203230254901 0
26.62500000004929 6.711696879309377 0
26.7500000000475 6.928203230255045 0
26.87500000004886 6.711696879310077 0
27.00000000004703 6.928203230255695 0
27.12500000004852 6.711696879310804 0
27.2500000000477 6.92820323025708 0
27.37500000004843 6.711696879311621 0
12.75000000006276 6.495190528325488 0
27.50000000004767 6.928203230257944 0
27.62500000004822 6.711696879312381 0
27.75000000004748 6.928203230258703 0
27.87500000004802 6.711696879313156 0
28.00000000004726 6.928203230259463 0
28.1250000000478 6.711696879313944 0
13.50000000006189 6.495190528327647 0
28.25000000004704 6.928203230260234 0
28.3750000000476 6.711696879314738 0
28.50000000004685 6.928203230261062 0
28.62500000004744 6.711696879315546 0
14.25000000006108 6.495190528329724 0
28.75000000004662 6.928203230261823 0
34.12500000013482 5.412658773649397 0
15.00000000006101 6.495190528331813 0
15.75000000006452 6.495190528333895 0
34.87500000013521 5.412658773649293 0
17.00000000006422 6.495190528337553 0
30.00000000014564 0.8660254037808613 0
29.7500000001459 0.8660254037805 0
18.25000000006409 6.495190528341075 0
19.00000000006405 6.495190528342988 0
28.50000000004825 6.495190528369226 0
21.50000000005792 6.495190528348937 0
29.37500000002592 7.577722283095248 0
20.75000000006153 6.495190528346306 0
27.75000000004879 6.495190528366834 0
25.0000000000516 6.495190528358402 0
24.2500000000523 6.49519052835609 0
36.62500000013623 5.412658773649063 0
31.50000000013998 3.031088913241351 0
38.37500000013638 5.412658773650045 0
39.12500000013664 5.412658773649928 0
45.37500000009507 7.577722283127226 0
45.62500000009571 7.577722283127537 0
45.12500000009444 7.577722283126844 0
40.8750000001375 5.412658773651792 0
5.750000000095733 3.031088913165617 0
5.500000000097678 3.031088913163706 0
43.75000000012406 6.062177826493469 0
42.12500000013772 5.412658773653941 0
28.62500000013858 4.546633369856874 0
43.37500000013777 5.412658773655889 0
41.50000000013651 6.062177826489505 0
44.12500000013779 5.412658773656895 0
38.75000000012139 6.062177826485547 0
38.00000000013643 6.062177826488687 0
36.25000000013558 6.062177826487934 0
34.50000000011877 6.062177826480925 0
33.7500000001297 6.062177826481499 0
47.00000000010721 0.8660254038014337 0
47.25000000010398 0.8660254038043056 0
48.75000000009805 0.8660254038043566 0
49.00000030689183 0.866025580933355 0
45.25000000011636 0.8660254037889032 0
44.50000000012039 0.8660254037838576 0
43.75000000012452 0.8660254037791499 0
34.50000000015763 0.8660254037422025 0
33.00000000016294 0.8660254037370733 0
43.00000000012886 0.8660254037746331 0
34.2500000001579 0.8660254037417926 0
42.25000000013303 0.8660254037697017 0
39.50000000014745 0.8660254037565487 0
36.75000000015743 0.8660254037507018 0
36.00000000016721 0.8660254037449603 0
49.12343671701237 6.279586739353829 0
48.99973945290854 6.062328253487578 0
0.8791703369164369 4.549041114872049 0
5.749820024526945 9.093302324138886 0
5.499740119113079 9.093139946218466 0
30.9946727808522 9.096408514339247 0
30.74124366302886 9.095464953246992 0
31.24911213016075 9.093790368823999 0
47.00000000007492 9.09326673974916 0
46.75000000471942 9.093266736989715 0
47.5090852171879 9.10410076192918 0
0.8711000317575384 7.142457933374267 0
49.12500000008351 7.144709581235451 0
0.8750000000813065 1.082531754632866 0
49.14583168469066 3.710366819959144 0
49.00000000009155 3.897114317043486 0
0.8752799758666363 2.814420918108577 0
49.25123031252286 6.068741400254973 0
49.12837611743959 5.848646362236549 0
0.8750000000723389 8.010734984913389 0
49.12418346072209 3.247778655953892 0
0.8750000000805924 1.515544456525753 0
32.75000000015769 1.299038105635566 0
33.00000000015984 1.732050807517586 0
33.1250000001585 1.948557158463252 0
31.12500000013465 5.845671475533988 0
46.25000000011108 0.866025403796408 0
45.75000000011381 0.8660254037926467 0
4.500000000083337 3.897114316945925 0
5.000000000111908 4.330127018833386 0
28.7500000000481 6.495190528370082 0
39.75000000012178 6.062177826486828 0
40.75000000013658 6.062177826490253 0
40.25000000012832 6.062177826486263 0
39.25000000012149 6.062177826486288 0
42.00000000013682 6.06217782649207 0
42.50000000012817 6.062177826490814 0
43.00000000012385 6.062177826492308 0
37.25000000013608 6.06217782648799 0
36.75000000013625 6.062177826487837 0
44.25000000012458 6.062177826494183 0
5.125000000111099 4.546633369780377 0
4.625000000087896 3.247595264107714 0
4.750000000088129 3.031088913161526 0
4.625000000086105 2.814582562213673 0
35.5000000001264 6.062177826481147 0
35.00000000011944 6.062177826481606 0
27.25000000004919 6.49519052836618 0
26.75000000004986 6.495190528363882 0
26.25000000005026 6.495190528363207 0
25.75000000005092 6.495190528360846 0
22.75000000006171 6.495190528352723 0
22.25000000006228 6.495190528351394 0
23.25000000005868 6.495190528354769 0
23.75000000005268 6.495190528354859 0
30.62500000002448 7.577722283099669 0
30.87500000002442 7.577722283098892 0
20.25000000005885 6.495190528345541 0
31.50000000012423 6.062177826479933 0
31.75000000013237 6.062177826484444 0
19.75000000006148 6.495190528345283 0
30.12500000009782 5.845671475527848 0
29.75000000013705 5.19615242269424 0
17.75000000006405 6.495190528339617 0
16.50000000006427 6.495190528336048 0
41.50000000013667 0.8660254037653043 0
35.3750000001355 5.412658773649077 0
35.87500000013589 5.412658773648809 0
37.6250000001364 5.412658773649458 0
37.12500000013624 5.412658773649328 0
41.00000000013973 0.8660254037628058 0
44.62500000013779 5.412658773657324 0
45.37500000011072 1.515544456626501 0
42.62500000013613 5.412658773655669 0
41.37500000013642 5.412658773653609 0
39.62500000013561 5.412658773651068 0
40.12500000013672 5.412658773650749 0
44.3750000001187 3.247595264206402 0
44.50000000011714 3.464101615151592 0
6.250000000069891 6.495190528306918 0
5.750000000069319 6.495190528305701 0
40.50000000014217 0.8660254037605695 0
49.00000000008254 7.361215932181143 0
46.50000000010101 3.897114317044528 0
46.37500000010147 3.680607966098893 0
45.87500000010863 1.51554445662853 0
1.000000000080201 1.732050807472257 0
2.125000000078025 4.979646071670805 0
1.125000000079768 3.247595264097533 0
0.8750000000799344 3.247595264096889 0
4.87500000008692 2.814582562214365 0
46.2500000001026 2.165063509468744 0
40.00000000014521 0.8660254037584061 0
1.375000000079722 3.247595264098315 0
3.000000000078961 4.330127018834768 0
48.87551926178358 5.846192361167761 0
49.00064922992968 5.629747753326257 0
1.375070784382362 7.144750448472007 0
29.12500000013969 4.113620667966627 0
30.50000000014044 3.464101615131648 0
1.500000000081193 1.732050807473712 0
1.0006950562159 4.763541011570847 0
33.2500000001175 4.763139720805668 0
4.125000000072224 7.144709581137819 0
5.374956686572334 8.876739256468575 0
5.249949467656925 9.093242085373909 0
29.50000000013829 4.763139720805008 0
29.37500000013728 4.979646071750979 0
1.625000000073269 6.711696879239601 0
29.87500000013956 4.113620667967973 0
29.75000000014326 2.598076211346642 0
28.37500000014379 2.814582562288698 0
2.000000000077405 5.196152422616726 0
31.0000000001353 5.629165124590959 0
46.37500000010029 4.546633369881969 0
46.62500000009986 4.546633369882894 0
46.75000000010044 4.330127018937223 0
33.75000000015098 2.598076211300399 0
33.50000000015179 2.598076211299274 0
33.62500000013465 5.412658773649494 0
3.250000000077028 5.629165124512404 0
48.62500000008394 7.144709581233604 0
3.375000000077634 5.412658773566607 0
48.74999988107192 3.897114268570161 0
48.87499998025507 4.11362065991059 0
49.11100005992623 4.121703533957344 0
48.99766667342485 4.331474161917028 0
4.875000000069917 6.711696879249507 0
5.000000000070102 6.495190528303799 0
1.375000000072232 8.010734984914716 0
2.875000000078354 4.546633369780642 0
48.7496111090077 4.330351541419032 0
48.8745462971337 4.5468953141257 0
49.12453549515443 4.54690155108574 0
48.99984696544306 4.763228075068897 0
48.37499068124087 3.247591205942645 0
1.250000000072704 7.794228633968441 0
29.25000000014544 1.732050807562993 0
29.12500000014569 1.515544456617024 0
29.25000000014586 1.299038105671286 0
29.00000000014604 1.299038105670931 0
29.1250000001462 1.0825317547252 0
28.87500000014634 1.082531754724793 0
28.75000000014622 1.299038105670667 0
28.62500000014646 1.082531754724505 0
28.50000000014631 1.299038105670411 0
28.37500000014656 1.082531754724245 0
28.25000000014635 1.299038105670209 0
28.12500000014666 1.08253175472396 0
28.00000000014642 1.29903810567006 0
27.87500000014673 1.082531754723737 0
27.75000000014652 1.299038105669795 0
27.62500000014675 1.082531754723524 0
27.50000000014659 1.29903810566949 0
27.37500000014682 1.082531754723285 0
27.25000000014665 1.299038105669283 0
27.12500000014684 1.082531754723067 0
27.00000000014672 1.299038105669085 0
26.87500000014687 1.082531754722862 0
26.75000000014681 1.29903810566889 0
26.62500000014693 1.082531754722672 0
26.50000000014683 1.299038105668702 0
26.37500000014695 1.082531754724005 0
26.25000000014683 1.299038105668753 0
26.125000000147 1.082531754724106 0
26.00000000014687 1.299038105668646 0
25.87500000014708 1.08253175472248 0
25.75000000014692 1.299038105668179 0
25.62500000014716 1.082531754721958 0
25.50000000014692 1.299038105667798 0
25.3750000001472 1.08253175472161 0
25.25000000014703 1.299038105667554 0
25.12500000014719 1.082531754721437 0
25.00000000014705 1.299038105667308 0
24.87500000014721 1.082531754721232 0
24.7500000001471 1.299038105667092 0
24.6250000001473 1.082531754722649 0
24.50000000014714 1.299038105667187 0
24.37500000014736 1.082531754722716 0
24.25000000014715 1.299038105667019 0
24.1250000001474 1.082531754720799 0
24.00000000014716 1.299038105666472 0
23.87500000014747 1.082531754720166 0
23.7500000001472 1.299038105666168 0
23.62500000014747 1.082531754719781 0
23.50000000014724 1.299038105665836 0
23.37500000014743 1.082531754719538 0
23.25000000014728 1.299038105665467 0
23.12500000014748 1.082531754719276 0
23.00000000014733 1.299038105665204 0
22.87500000014754 1.082531754718994 0
22.75000000014738 1.299038105664959 0
22.62500000014757 1.082531754718755 0
22.50000000014742 1.299038105664743 0
22.37500000014762 1.082531754718571 0
22.25000000014745 1.299038105664555 0
22.12500000014763 1.082531754718392 0
22.00000000014748 1.299038105664387 0
21.87500000014765 1.082531754718188 0
21.7500000001475 1.299038105664204 0
21.62500000014766 1.082531754717974 0
21.50000000014752 1.299038105664012 0
21.37500000014766 1.082531754717823 0
21.25000000014754 1.29903810566388 0
21.12500000014766 1.082531754717708 0
21.00000000014755 1.299038105663758 0
20.87500000014765 1.082531754717587 0
20.75000000014752 1.299038105663658 0
20.62500000014764 1.082531754717464 0
20.50000000014751 1.299038105663525 0
20.3750000001476 1.082531754717343 0
20.25000000014746 1.299038105663423 0
20.12500000014758 1.082531754717213 0
20.00000000014742 1.299038105663278 0
19.87500000014752 1.082531754717015 0
19.7500000001493 1.299038105661983 0
19.6250000001478 1.082531754716664 0
19.5000000001496 1.299038105659504 0
19.37500000014525 1.082531754716398 0
19.25000000014721 1.299038105660122 0
19.1250000001435 1.082531754717963 0
19.00000000014703 1.299038105662744 0
18.87500000014558 1.082531754718214 0
18.75000000014647 1.299038105662985 0
18.62500000014637 1.082531754716503 0
18.50000000014628 1.299038105662596 0
18.37500000014613 1.082531754715972 0
18.25000000014576 1.29903810566243 0
18.1250000001456 1.082531754715706 0
18.00000000014511 1.299038105662288 0
17.87500000014489 1.082531754715431 0
17.75000000014431 1.299038105662134 0
17.62500000014403 1.082531754715141 0
17.50000000014332 1.299038105661976 0
17.375000000143 1.082531754714837 0
17.25000000014222 1.299038105661776 0
17.12500000014187 1.082531754714544 0
17.00000000014106 1.299038105661609 0
16.87500000014065 1.082531754714272 0
16.75000000013983 1.299038105661401 0
16.62500000013938 1.082531754713999 0
16.5000000001385 1.299038105661124 0
16.37500000013804 1.082531754713756 0
16.25000000013716 1.299038105660924 0
16.12500000013666 1.08253175471356 0
16.0000000001358 1.299038105660847 0
15.87500000013527 1.082531754713383 0
15.7500000001344 1.299038105660688 0
15.62500000013387 1.082531754713204 0
15.500000000133 1.299038105660536 0
15.37500000013247 1.082531754713021 0
15.25000000013159 1.299038105660353 0
15.12500000013106 1.082531754712831 0
15.00000000013015 1.299038105660246 0
14.87500000012963 1.082531754712648 0
14.75000000012873 1.299038105660185 0
14.62500000012822 1.082531754715754 0
14.50000000012733 1.299038105660364 0
14.37500000012681 1.082531754714105 0
14.2500000001259 1.299038105660089 0
14.12500000012538 1.082531754715779 0
14.00000000012448 1.299038105660335 0
13.87500000012396 1.082531754716018 0
13.75000000012309 1.299038105660058 0
13.62500000012255 1.082531754713619 0
13.50000000012165 1.299038105659559 0
13.37500000012113 1.082531754715309 0
13.25000000012021 1.29903810565974 0
13.12500000011973 1.082531754715514 0
13.00000000011882 1.299038105659436 0
12.87500000011832 1.082531754713035 0
12.75000000011738 1.299038105658865 0
12.6250000001169 1.082531754714751 0
12.50000000011595 1.299038105659004 0
12.37500000011549 1.082531754714947 0
12.25000000011456 1.29903810565872 0
12.12500000011408 1.082531754712384 0
12.00000000011313 1.299038105658169 0
11.87500000011267 1.08253175471416 0
11.75000000011171 1.299038105658337 0
11.62500000011124 1.08253175471435 0
11.50000000011033 1.299038105658045 0
11.37500000010983 1.082531754711734 0
11.25000000010889 1.299038105657454 0
11.12500000010842 1.082531754713569 0
11.00000000010746 1.299038105657607 0
10.87500000010701 1.082531754713781 0
10.75000000010607 1.299038105657333 0
10.6250000001056 1.082531754711078 0
10.50000000010465 1.299038105656742 0
10.37500000010419 1.082531754712965 0
10.25000000010323 1.299038105656902 0
10.12500000010277 1.082531754713178 0
10.00000000010185 1.299038105656623 0
9.87500000010137 1.082531754710404 0
9.750000000100417 1.299038105656013 0
9.62500000009995 1.082531754712355 0
9.500000000098996 1.299038105656182 0
9.375000000098538 1.082531754712585 0
9.250000000097614 1.299038105655919 0
9.125000000097133 1.08253175470974 0
9.000000000096197 1.299038105655355 0
8.875000000095714 1.082531754711774 0
8.750000000094783 1.299038105655586 0
8.625000000094293 1.082531754712052 0
8.500000000093394 1.2990381056553 0
8.375000000092891 1.082531754709129 0
8.250000000091964 1.299038105654711 0
8.125000000091479 1.082531754711226 0
8.000000000090543 1.299038105654954 0
7.875000000090059 1.082531754711531 0
7.750000000089159 1.299038105654668 0
7.625000000088658 1.082531754708529 0
7.500000000087724 1.299038105653995 0
7.375000000087242 1.082531754710649 0
7.250000000086287 1.299038105654174 0
7.125000000085824 1.08253175471094 0
7.00000000008491 1.299038105653945 0
6.875000000084425 1.082531754707905 0
6.750000000083498 1.299038105653183 0
6.625000000083013 1.082531754710048 0
6.500000000082066 1.299038105653284 0
6.3750000000816 1.082531754705863 0
6.25000000008068 1.299038105652437 0
6.125000000080194 1.082531754704879 0
6.000000000079293 1.299038105651962 0
5.875000000078795 1.082531754704467 0
28.37500000014618 1.515544456616405 0
27.62500000014636 1.515544456615771 0
26.87500000014672 1.515544456615102 0
25.1250000001469 1.51554445661348 0
23.37500000014865 1.515544456609986 0
21.62500000014919 1.515544456607782 0
27.250000000147 0.8660254037770879 0
19.875000000148 1.515544456607987 0
25.50000000014739 0.8660254037756865 0
19.12500000014843 1.515544456603313 0
23.75000000014773 0.866025403773836 0
22.0000000001478 0.8660254037721959 0
20.2500000001477 0.8660254037711224 0
19.50000000014183 0.8660254037727262 0
14.75000000012419 0.8660254037761034 0
14.37500000012636 1.515544456607318 0
14.00000000011855 0.8660254037792456 0
13.62500000012211 1.515544456606761 0
13.25000000011402 0.8660254037789576 0
12.50000000010956 0.8660254037787669 0
12.87500000011782 1.515544456606046 0
11.75000000010507 0.8660254037784677 0
11.00000000010056 0.8660254037782578 0
12.12500000011355 1.515544456605341 0
10.25000000009604 0.866025403777937 0
11.37500000010932 1.51554445660461 0
9.500000000091541 0.8660254037776808 0
8.750000000086988 0.8660254037774691 0
10.62500000010507 1.51554445660388 0
8.000000000082386 0.8660254037771705 0
9.875000000100847 1.515544456603132 0
7.250000000077819 0.8660254037766981 0
9.125000000096644 1.515544456602337 0
8.375000000092426 1.515544456601682 0
7.625000000088153 1.515544456601094 0
6.875000000083856 1.515544456600434 0
6.125000000079745 1.515544456599363 0
5.75000000007791 1.299038105651666 0
5.625000000077399 1.082531754704237 0
28.75000000014667 0.8660254037786164 0
28.25000000014689 0.8660254037780569 0
27.75000000014696 0.8660254037789589 0
26.50000000014414 0.866025403779572 0
26.00000000014425 0.8660254037794592 0
38.75000000014701 0.8660254037570102 0
24.75000000014436 0.8660254037803012 0
24.25000000014448 0.8660254037782319 0
38.25000000015445 0.8660254037525636 0
23.00000000014763 0.8660254037729747 0
22.50000000014771 0.866025403772589 0
21.25000000014776 0.8660254037716544 0
37.75000000015687 0.8660254037506652 0
20.75000000014776 0.8660254037714319 0
32.25000000013677 4.330127018918357 0
32.3750000001349 4.546633369863597 0
26.37500000014679 1.515544456614843 0
33.00000000011912 4.763139720804373 0
25.87500000014671 1.515544456614368 0
37.25000000015964 0.8660254037492652 0
46.87500000009952 4.546633369883804 0
46.75000000009864 4.763139720829337 0
18.75000000014472 0.866025403773248 0
24.625000000147 1.515544456613099 0
18.25000000014612 0.8660254037702658 0
24.12500000014693 1.515544456612635 0
30.62500000014427 1.082531754727621 0
30.50000000014488 0.866025403782652 0
31.25000000014084 2.598076211349288 0
31.12500000014149 2.381569860403384 0
17.75000000014475 0.8660254037683355 0
30.75000000014247 1.299038105672694 0
22.87500000014725 1.515544456610489 0
17.25000000014274 0.8660254037675447 0
16.75000000014028 0.8660254037668609 0
22.37500000014727 1.515544456610738 0
16.25000000013751 0.8660254037663356 0
15.75000000013475 0.8660254037659245 0
15.25000000013195 0.8660254037655344 0
21.12500000014759 1.515544456609067 0
6.500000000080324 0.8660254037706642 0
6.000000000079682 0.8660254037572022 0
20.62500000014737 1.515544456609718 0
33.25000000013415 6.062177826487993 0
33.00000000013406 6.062177826487723 0
44.87500000013745 5.845671475548613 0
44.75000000012501 6.062177826495362 0
18.62500000014643 1.515544456609089 0
45.00000000013774 5.629165124603877 0
18.12500000014536 1.515544456609083 0
17.62500000014372 1.515544456608996 0
17.12500000014155 1.515544456608834 0
16.62500000013893 1.515544456608487 0
16.12500000013618 1.515544456608378 0
15.62500000013348 1.515544456608019 0
15.12500000013059 1.515544456607903 0
5.500000000076512 1.299038105651442 0
5.375000000075971 1.082531754704025 0
5.500000000076888 0.8660254037567718 0
5.25000000007544 0.8660254037612051 0
5.125000000074533 1.082531754704601 0
5.000000000080397 0.8660254037589872 0
1.000000000081928 0.8660254036864456 0
2.250000000085852 0.8660254036998722 0
2.50000000008701 0.8660254036905704 0
49.24989707682761 4.763199143401634 0
49.1249573404389 4.97967070124314 0
48.87496738437412 4.979664902391852 0
49.24373902911393 6.495782023891839 0
0.750000000080107 1.732050807471688 0
0.7686282806095628 4.341621637906626 0
0.7500000000813982 0.8660254036860767 0
49.25388538109621 5.631613930400523 0
1.11965167500105 9.313374109482472 0
0.8664523073930415 9.302754134610876 0
1.374108612557604 9.310373260405655 0
31.1186369326801 9.313525765905879 0
31.37959080496202 9.314347194263259 0
5.374718379475979 9.309615125130506 0
5.124944641231385 9.315990412962686 0
4.99998235152472 9.09429885099993 0
4.874987832169058 9.317229088538664 0
4.749995030659428 9.094681424533229 0
4.624997143848242 9.317499296723328 0
4.499998695795529 9.094790221485814 0
4.374999306651227 9.317562464245798 0
4.249999667119163 9.094818882231271 0
4.124999829006136 9.306338057881138 0
3.999999957209526 9.093106629944671 0
3.876950022761098 9.309214987184918 0
3.750324996707358 9.093147037463474 0
3.63073006788193 9.313719829727155 0
3.501009177477583 9.093904579140011 0
3.37612320760565 9.310537187031203 0
3.250355397560358 9.093500395636257 0
3.12524643424052 9.309939382664162 0
3.000100305347096 9.09333339765741 0
2.877552581797715 9.30837154687736 0
2.750442147904895 9.093044258696048 0
2.633344811410035 9.312121757817916 0
29.38081439630199 9.313662139088869 0
29.63451401492379 9.312733828562749 0
29.75158566917273 9.093760196033728 0
29.87500000002187 9.309773090663121 0
30.00026427821384 9.093348982436943 0
29.12596906606948 9.310421265399293 0
30.12504404636724 9.316571440533254 0
49.25000000008259 7.361215932182429 0
0.7500000000717748 8.227241335859238 0
0.754981235745757 4.766015638475742 0
0.7520598558141481 6.919621321641607 0
0.6231277522430274 1.08326156981626 0
32.7500000001656 0.8660254037375374 0
35.37500000014104 3.680607966036457 0
36.12500000013927 3.680607966040846 0
37.87500000012862 3.680607966070385 0
31.62500000011824 6.278684177428978 0
31.25000000007401 6.495190528370305 0
30.37500000013635 5.412658773644591 0
28.75000000013776 4.763139720803267 0
29.25000000002655 7.36121593215123 0
29.62500000005591 7.144709581206836 0
29.87500000006964 7.144709581205483 0
39.62500000012911 3.680607966066178 0
43.50000000011919 3.031088913248775 0
42.75000000012481 3.031088913251017 0
28.62500000004894 6.278684177424452 0
33.50000000014985 3.031088913190436 0
33.62500000014875 3.247595264136484 0
35.37500000016957 1.082531754687969 0
35.50000000016918 0.8660254037432251 0
35.25000000016872 0.86602540374312 0
35.00000000015962 1.299038105633318 0
34.87500000014228 3.680607966033513 0
34.62500000014286 3.680607966032063 0
36.8750000001587 1.515544456583327 0
39.6250000001434 1.515544456593379 0
40.00000000013289 3.03108891323256 0
36.12500000016363 1.515544456580295 0
36.87500000013212 3.680607966050315 0
42.37500000012177 3.680607966085211 0
44.62500000011676 3.247595264208322 0
44.75000000011629 3.464101615153105 0
44.87500000011728 3.247595264209133 0
45.00000000011578 3.46410161515444 0
45.12500000011671 3.247595264208551 0
45.25000000011506 3.464101615155379 0
45.37500000011606 3.247595264209619 0
37.37500000012898 3.680607966060117 0
42.37500000012709 1.515544456606486 0
43.12500000011993 3.680607966090164 0
24.62500000004289 7.144709581193917 0
43.1250000001239 1.515544456609991 0
25.37500000004768 7.144709581198094 0
21.87500000005304 7.144709581188024 0
21.12500000005376 7.144709581185992 0
38.62500000012043 3.680607966057176 0
38.25000000013753 3.031088913218856 0
29.87500000014607 0.6495190528358818 0
43.87500000011779 1.515544456617886 0
19.37500000005497 7.144709581181621 0
43.87500000011406 3.680607966093861 0
28.12500000004646 7.144709581205809 0
18.6250000000551 7.144709581179717 0
39.12500000012395 3.680607966066198 0
16.87500000005565 7.144709581175048 0
14.62500000005746 7.144709581168503 0
44.62500000010996 1.948557158516257 0
13.87500000005829 7.144709581166345 0
13.12500000005916 7.144709581164244 0
45.25000000009439 7.794228634073698 0
41.25000000012896 3.03108891324008 0
42.25000000012392 3.031088913247207 0
41.75000000012649 3.031088913242487 0
44.62500000011275 3.680607966096494 0
44.25000000011312 3.031088913247696 0
12.37500000006003 7.144709581162051 0
48.25006097339551 7.794269817386635 0
40.75000000013087 3.031088913238463 0
11.62500000006097 7.144709581159868 0
5.000000000096836 3.031088913160342 0
0.8750000000801301 1.948557158418491 0
10.87500000006198 7.144709581157745 0
36.50000000014194 3.031088913206206 0
10.12500000006291 7.144709581155603 0
34.37500000015071 0.6495190527982201 0
48.12503896719227 8.010761436809691 0
9.375000000063842 7.144709581153489 0
41.87500000013113 1.515544456602107 0
40.37500000012681 3.680607966072166 0
39.50000000013391 3.031088913226723 0
41.37500000013394 1.515544456599408 0
35.75000000014386 3.031088913201974 0
8.625000000064745 7.144709581151358 0
40.87500000013631 1.515544456597866 0
3.125075950530836 8.876810441035447 0
39.00000000013604 3.031088913224442 0
2.25000000007862 4.763139720724911 0
7.875000000065533 7.144709581149272 0
40.37500000013982 1.515544456594806 0
31.62500000013829 3.680607966078828 0
31.75000000013869 3.464101615133462 0
31.62500000013763 4.113620667970886 0
1.250000000076794 5.196152422614562 0
30.25005138744465 9.094413505149447 0
0.8759460487105294 4.980192273101345 0
2.501464493267054 9.09362110402553 0
2.381985782086439 9.314283302591219 0
49.24820887127494 6.929237338989901 0
33.25000000016254 0.8660254037376267 0
32.12500000012675 0.649519052836526 0
7.125000000066309 7.144709581147213 0
1.875000000077871 4.979646071670153 0
46.12500177835095 8.010733919898854 0
46.25000065536307 7.794228241963439 0
4.37499972719687 8.87727299277466 0
40.87500000012579 3.680607966075904 0
31.87500000013785 3.68060796607962 0
4.75000000008664 2.598076211267073 0
30.62500000014361 1.515544456618904 0
29.12500000014113 3.680607966074461 0
0.9994299832951082 7.360886832737667 0
0.7448539479465316 7.35824485749684 0
29.6250000001397 4.113620667967423 0
28.75000000002459 8.660254037823394 0
28.62500000002437 8.876760388769025 0
28.50000000002495 8.66025403782298 0
28.37500000002474 8.876760388768565 0
28.50000000002413 9.093266739714631 0
28.24976741038646 9.094063652336917 0
28.12496123508544 8.876893207538371 0
28.00089597659624 9.099159528214622 0
27.87514286863076 8.877764656645946 0
27.75259943598131 9.105256738626455 0
27.62545705078604 8.878926099898937 0
27.50000000002553 9.093266739712531 0
27.37507617515289 8.877121340621724 0
27.25001269588036 9.093326898354487 0
27.12501481185679 8.876830573848807 0
27.0000045846404 9.093288463665605 0
26.8750032327677 8.876775706938094 0
26.75000130291912 9.093272913398607 0
26.62500075596619 8.87676397074139 0
26.50000034316556 9.093268365654339 0
26.37500018320723 8.876761256750797 0
26.250000087747 9.093267155364712 0
26.12500004517791 8.876760602703705 0
26.00056323911695 9.092941671186882 0
25.87509388073497 8.876706246332404 0
25.75215782969748 9.097981020676587 0
25.62537528509147 8.877537078518358 0
25.50136234184822 9.097565181161482 0
25.37520686037233 8.877364571048286 0
25.25026153372255 9.094083843663418 0
25.12500000002955 8.876760388760353 0
25.00004358897806 9.093402923698577 0
24.87500726485473 8.876783086091905 0
24.75000847565838 9.09329321992587 0
24.62500000003029 8.876760388758836 0
24.5000014126346 9.093271153074369 0
24.37500023546487 8.876761124319675 0
24.25000027470334 9.093267597858725 0
24.12500000003101 8.876760388757273 0
24.00000004580942 9.093266882728557 0
23.87500000766119 8.876760412594175 0
23.7500000089324 9.09326676751253 0
23.62500000003176 8.876760388755741 0
23.50000000151487 9.093266744336248 0
23.37500000027941 8.876760389527423 0
23.24188819906837 9.097272536484136 0
23.12364803324651 8.877428021680124 0
22.98647946519741 9.09583935821985 0
22.87252124976278 8.877300430660956 0
22.75000000003233 9.093266739698574 0
22.62458687498822 8.876850395736989 0
22.49993114585857 9.093281740861878 0
22.37491967016374 8.876777890109661 0
22.25000000003307 9.093266739696922 0
22.12498661172231 8.876763305643728 0
21.99999776864819 9.093267225844993 0
21.87499739675151 8.876760955923547 0
21.7499991942558 9.093156154664905 0
21.62499943185788 8.876742052439628 0
21.49999977104169 9.093134492220356 0
21.37499986717351 8.876735291451002 0
21.24999993972553 9.093240515565071 0
21.12499996784033 8.876751835176435 0
20.99999998461753 9.093260943409522 0
20.87499999210037 8.876757997104143 0
20.74999999614311 9.093265375037669 0
20.62499999806486 8.876759762696214 0
20.49999999905837 9.093266407907151 0
20.37499999954505 8.876760229105916 0
20.24999999979115 9.093266657786408 0
20.1249999999141 8.876760348486842 0
19.99467278080053 9.096408493950733 0
19.87411213014406 8.877284007743846 0
19.74757878376514 9.096427711206594 0
19.6244484856767 8.877374487162127 0
19.49656626786578 9.102286436029257 0
19.37433579228247 8.87836602120176 0
19.25025821238443 9.100775461091873 0
19.12493233413675 8.878279447718285 0
19.00245805287317 9.105611859271583 0
18.87539839786079 8.87907108516713 0
18.75000000003792 9.093266739685427 0
18.62506639967579 8.877145504810375 0
18.50001106664442 9.093330925696508 0
18.37501291107959 8.87683527241893 0
18.25000399631304 9.093289917965928 0
18.12500281792526 8.876776732398309 0
18.00000113573233 9.093273326673517 0
17.87500065896915 8.876764210512604 0
17.75000029914312 9.093268474476655 0
17.62500015971187 8.876761314831445 0
17.50000007650232 9.093267183163109 0
17.37500003939637 8.876760616998155 0
17.24879515670421 9.098929075974141 0
17.12479919937774 8.877704149493956 0
16.99856086340177 9.099194749299905 0
16.8747266771579 8.877905683797257 0
16.75000000004122 9.09326673967915 0
16.62495444622767 8.876951271244202 0
16.49999240773938 9.093748907542713 0
16.37499114235606 8.876872563795292 0
16.24999725837755 9.093816150944621 0
16.12499806681813 8.876870653119974 0
15.99999922087533 9.100161328376348 0
15.87499954797856 8.877927864245532 0
15.74999979479951 9.108179702559218 0
15.62499989049315 8.8794404617965 0
15.49999994755915 9.102983555090635 0
15.37499997303936 8.878826536810422 0
15.24999998679667 9.092018699804584 0
15.12499999333717 8.876896740097818 0
14.99999999671979 9.089869591137624 0
14.87499999837455 8.876216922533445 0
14.74999999921376 9.092609970551084 0
14.62499999963038 8.876560349508518 0
14.49467278066237 9.096265712905232 0
14.37411213008174 8.877226877729484 0
14.2475787837665 9.096419038110696 0
14.12444848567495 8.877363519965991 0
13.99656626787282 9.102283162639427 0
13.87433579229217 8.878363647760469 0
13.75025821239656 9.100774519942883 0
13.62493233414963 8.878278895276255 0
13.50245805288756 9.10561161033058 0
13.37539839787503 8.879070951593043 0
13.25000000005251 9.093266739668081 0
13.12506639969073 8.877145482535763 0
13.00001106665965 9.09333092196953 0
12.87501291109519 8.876835268075087 0
12.75000399632891 9.093289916609141 0
12.62500281794146 8.876776731437788 0
12.50000113574883 9.093273326275636 0
12.37500065898649 8.876764210276409 0
12.2446730799823 9.096410248983313 0
12.1241122898669 8.877284943866002 0
11.99757880369215 9.096427827941342 0
11.87444851563259 8.877374662623474 0
11.74656627619189 9.102286484717929 0
11.62433579867747 8.87836605854633 0
11.49931701251794 9.095037642143133 0
11.37491817371678 8.876965476928518 0
11.2498725310795 9.093596071443866 0
11.12496511750741 8.876849458716203 0
10.9999729414722 9.093336473291416 0
10.8750000000625 8.876760388715455 0
10.74466827111881 9.096420136556551 0
10.62411137857289 8.877285954865158 0
10.49757855552996 9.096428300768931 0
10.3744483223938 8.877374909925058 0
10.24656620262859 9.102286604737618 0
10.12433575421438 8.878366119763824 0
10.00025819518613 9.100775505618611 0
9.874932324944723 8.878279471548806 0
9.75245804849513 9.105611870647616 0
9.6253983956186 8.879071091017357 0
9.500000000067253 9.093266739656599 0
9.375066399326929 8.87714550576435 0
9.250011066611314 9.093330925831399 0
9.125012911036311 8.876835272582923 0
9.000003996320872 9.09328991799646 0
8.875002817940114 8.876776732413079 0
8.750001135757085 9.093273326661825 0
8.625000658997434 8.876764210496471 0
8.494673079993641 9.096410249078003 0
8.374112289880401 8.877284943911262 0
8.247578803705961 9.096427827938157 0
8.124448515646923 8.877374662623293 0
7.996566276205343 9.102286484712767 0
7.874335798691882 8.87836605853861 0
7.750258214867724 9.100775475405536 0
7.624932335643753 8.87827945630475 0
7.502458053564538 9.105611863066699 0
7.375398398252515 8.879071087208851 0
7.250000000075976 9.093266739649762 0
7.12506639977318 8.877145505122861 0
7.000011066692918 9.093330925718806 0
6.875012911130067 8.876835272451398 0
6.750003996355845 9.093289917951239 0
7.128923702870987 9.327559958791699 0
7.873151714044532 9.32626303751411 0
8.618785150158583 9.313439881296384 0
9.378923702849438 9.327559958815216 0
10.1231517061072 9.326263050292532 0
10.86877964962711 9.313452053651519 0
11.62365733030066 9.314205114157975 0
12.36878515014716 9.313439881222616 0
13.12892370284398 9.32755995817937 0
13.87315171310663 9.326262673786358 0
14.61878491083333 9.313305232592892 0
15.3638808403648 9.314076939463153 0
16.62978088718394 9.315938989251794 0
17.87500023917134 9.309774477592605 0
18.62892370282736 9.327559958809857 0
19.37315171309469 9.326263032173809 0
20.11878491094751 9.313438477316716 0
21.87456523005481 9.309896266592254 0
22.62012165516357 9.306965702610992 0
25.37919250430065 9.328401852057208 0
26.1252228409891 9.309646094737626 0
27.37892397435439 9.32755928759947 0
16.12561442645834 9.3181316236369 0
17.37383639754046 9.329529146139626 0
20.87707189634654 9.322103239841912 0
21.3748860575576 9.315939027027571 0
23.36232398556623 9.320251402872554 0
23.87500000653974 9.30977311098577 0
24.3770721807722 9.322105311927279 0
24.87500619819263 9.309792455438535 0
26.87500098127718 9.309777740263872 0
28.12476028174718 9.331212903420155 0
6.625002817964178 8.876776732379142 0
6.500001135769551 9.093273326647115 0
6.625000855405763 9.309778051476943 0
6.375000331915116 9.309775015241232 0
6.750002621568716 8.660269242328344 0
7.500055122362868 8.660892332115097 0
8.249828667377919 8.660389612660547 0
9.000002621539556 8.660269242364798 0
9.750055120135684 8.660892335294458 0
10.49982853587649 8.660389762457664 0
11.24998054857579 8.660303064143486 0
11.99982866736441 8.660389612663138 0
12.75000262154116 8.660269241457483 0
13.50005512203745 8.660892216018214 0
14.24982864477083 8.660381373525254 0
26.50000015654773 8.660254779479084 0
14.9999999986497 8.660186185313696 0
25.75007819432373 8.660374462371083 0
6.25000000006651 8.660254037763051 0
1.125000000080041 1.948557158419085 0
25.00000121083409 8.66025782070351 0
33.62500000015248 2.381569860354563 0
5.375000000112913 4.546633369780405 0
6.000000000094993 3.03108891316723 0
5.875000000093614 3.247595264113881 0
5.375000000094951 2.814582562216753 0
30.25000000014161 3.031088913239424 0
46.75000000010854 0.8660254037996546 0
46.87500000010974 0.6495190528557238 0
48.75019474867769 5.629349043664974 0
3.875000000072728 7.144709581136952 0
27.75009998658684 8.660782367656136 0
1.750000000080348 3.031088913153267 0
2.875000000076272 5.845671475457666 0
3.000000000084972 2.165063509371146 0
3.500000000078388 4.763139720728564 0
31.00000000002412 7.794228634043922 0
31.12500000002437 7.577722283100496 0
47.87509080224063 8.443840308095128 0
32.25000000013588 4.763139720810109 0
16.24999820155724 8.66029111102959 0
2.250000000074302 6.49519052829476 0
5.375000000076357 0.6495190528092742 0
3.500000000080337 3.897114316943299 0
48.25000000009246 3.897114317039655 0
28.12500000014177 3.680607966071253 0
31.12500000013923 3.680607966077838 0
31.25000000013851 3.897114317023791 0
37.75000000013876 3.031088913214208 0
6.000000000066551 7.361215932089918 0
3.625000000083101 2.814582562211011 0
2.000000000084713 0.8660254036941871 0
32.50000000013181 4.330127018914028 0
27.25001516451949 8.660325893976562 0
5.500000000069528 6.495190528305049 0
29.25000000006744 6.495190528366795 0
46.50000046819878 7.794228354132753 0
46.37500018731286 7.577722171113391 0
46.62500010930487 7.577722217796794 0
46.50000004948936 7.361215902618229 0
46.75000002651906 7.361215916360555 0
46.62500001272143 7.144709573665359 0
46.37500001042139 7.144709575040419 0
46.50000000391041 6.928203227988865 0
46.75000000282561 6.928203228638191 0
46.62500000117608 6.7116968786782 0
46.87500000072068 6.711696878951001 0
46.75000000036958 6.495190528214415 0
47.00000000023562 6.495190528294966 0
46.87500000015437 6.27868417739692 0
47.12500000011904 6.278684177418583 0
47.00000000009942 6.062177826483869 0
47.25000000009055 6.062177826489314 0
47.12500000008568 5.845671475545796 0
46.87500000008479 5.845671475546269 0
47.00000000008225 5.62916512460172 0
47.25000000008178 5.629165124601458 0
47.12500000008185 5.412658773657061 0
46.87500000008474 5.412658773658073 0
47.37500000008058 5.412658773655517 0
47.25000000008157 5.196152422711511 0
47.37500000008919 6.278684177436642 0
47.12500000021433 6.711696879255496 0
49.12500000008187 7.577722283127668 0
31.25000000002411 7.794228634044456 0
48.37504233072318 7.577750742420204 0
29.25000000013905 4.330127018912844 0
30.37500000002457 7.57772228309703 0
30.50000000004251 7.361215932151218 0
1.7500000000712 8.227241335861812 0
22.24998438033756 8.660257440847957 0
30.12505261095814 8.876965223463683 0
37.25000000014022 3.031088913211141 0
21.49999995745549 8.660251399707533 0
2.625000000081732 2.814582562209258 0
30.37501733308193 8.876985655459773 0
29.75000000014409 2.165063509455382 0
4.000000000072037 7.36121593208321 0
4.250000000070979 7.361215932084905 0
3.750000000072073 7.361215932082693 0
46.12500000010172 3.680607966098841 0
46.25000000010153 3.464101615153366 0
46.00000000010252 3.464101615153548 0
2.625000000086968 1.0825317546363 0
2.750000000088198 0.866025403689588 0
2.875000000088166 1.08253175463675 0
3.000000000089425 0.8660254036899239 0
45.75000000009284 7.361215932178039 0
6.625000000066731 7.144709581145805 0
17.5000000332103 8.660254230183678 0
41.37500000012463 3.680607966079023 0
1.250115842766011 4.76320660253008 0
35.25000000014526 3.031088913199031 0
1.250000000082515 0.8660254036868287 0
2.625000000078079 4.979646071672169 0
39.12500000014712 1.515544456590175 0
19.74982864476967 8.660389480347352 0
18.25000262152744 8.660269242349599 0
30.37178996293344 9.316618867494771 0
19.00005512202576 8.660892330363113 0
3.875054159031303 8.876713753389048 0
34.25000000015195 2.165063509412343 0
3.125000000089358 1.082531754637295 0
3.250000000090678 0.8660254036904892 0
3.375000000090625 1.082531754637941 0
3.500000000091971 0.8660254036911087 0
1.500000000072675 7.794228633968997 0
48.24999350648517 3.031085994645967 0
29.37500000014518 1.948557158508827 0
5.625000000070356 6.278684177359612 0
5.875000000070788 6.278684177359819 0
5.37500000007044 6.27868417735873 0
3.625000000091886 1.082531754638572 0
3.750000000093288 0.8660254036917387 0
3.875000000093225 1.082531754639232 0
4.000000000094641 0.8660254036923762 0
4.125000000094773 1.082531754639997 0
4.250000000096057 0.8660254036930539 0
41.87500000012215 3.680607966082269 0
33.37500000015719 1.948557158463665 0
38.62500000014992 1.51554445658861 0
2.62500000007166 8.876760388700941 0
47.37500000010343 1.082531754748893 0
47.50000000010224 0.8660254038061088 0
4.375000000093792 1.082531754641786 0
48.12500000009312 3.680607966093679 0
24.50000003927015 8.660254160406733 0
29.00000000014585 1.732050807562524 0
33.37500000015379 2.381569860353497 0
33.25000000015264 2.598076211298114 0
33.12500000015723 2.381569860350783 0
24.00000000130348 8.660254041784484 0
38.1250000001528 1.515544456586855 0
23.50000000007391 8.660254037938882 0
3.750000000083969 2.598076211264893 0
4.000000000084649 2.598076211265315 0
3.500000000083484 2.598076211264752 0
4.375000000072897 6.711696879247116 0
28.37500000004903 6.278684177423853 0
22.99936154719068 8.660455316947463 0
37.62500000015447 1.515544456585726 0
4.500000000085925 2.598076211266888 0
32.87500000015874 0.6495190527931252 0
47.62500000010192 1.082531754750331 0
47.75000000010258 0.8660254038067304 0
47.87500000010101 1.082531754752603 0
20.99999999334795 8.660252213599875 0
20.49999999962657 8.660253906852336 0
46.5000000001009 3.464101615152981 0
46.37500000010008 3.247595264205814 0
16.99992097944998 8.660602213760008 0
15.74999990644216 8.660895295883257 0
35.62500000016649 1.515544456578093 0
35.37500000016784 1.515544456577357 0
30.12500000014535 0.6495190528354595 0
45.50000000010523 3.897114317044171 0
48.00000000010127 0.8660254038079384 0
45.50000000011313 3.464101615156486 0
15.37500000005599 7.144709581170217 0
47.00000000009955 4.330127018937875 0
46.87500000010067 4.113620667990661 0
15.87500000005552 7.144709581171633 0
16.37500000005514 7.144709581173128 0
29.00000000002901 7.361215932150655 0
17.62500000005453 7.144709581176649 0
18.12500000005437 7.144709581177971 0
22.62500000004565 7.14470958118994 0
24.12500000004307 7.144709581192913 0
20.62500000005418 7.144709581183855 0
20.12500000004813 7.144709581183109 0
23.12500000005102 7.144709581190867 0
23.62500000004909 7.144709581192416 0
32.37500000013054 0.6495190528314502 0
26.12500000004763 7.144709581199113 0
29.62500000014344 0.6495190528375109 0
4.500000000092723 0.8660254036988662 0
26.62500000004801 7.144709581201174 0
31.25000000013125 1.299038105670677 0
30.75000000014314 0.8660254037828214 0
30.62500000014093 0.649519052837862 0
30.87500000014053 1.515544456617317 0
30.75000000014295 1.732050807564378 0
31.0000000001398 1.732050807562627 0
30.87500000014226 1.948557158510165 0
27.12500000004023 7.144709581201816 0
31.12500000013911 1.948557158508663 0
27.6250000000459 7.144709581203637 0
46.25000000244447 6.928203228868437 0
46.50000000031383 6.495190528250768 0
31.37500000013834 2.381569860401058 0
31.50000000013744 2.598076211346475 0
46.62500000010871 0.6495190528554222 0
5.250000000111019 4.763139720725841 0
5.500000000111394 4.763139720726524 0
5.000000000104333 4.763139720728194 0
32.50000000013355 4.763139720808568 0
32.00000000013547 3.464101615130652 0
32.12500000013416 3.6806079660761 0
47.00000000009746 4.763139720830083 0
45.62500000011484 3.247595264213063 0
29.25000000005664 6.928203230259262 0
31.8750000001358 3.247595264184959 0
32.37500000013301 4.113620667968288 0
31.87500000012589 6.278684177428172 0
5.250000000114933 3.464101615048314 0
45.00000000009377 7.794228634071313 0
6.125000000096373 3.247595264113542 0
3.875000000094555 0.6495190527447634 0
29.75000000006511 7.36121593215126 0
28.50000000013795 4.763139720799061 0
30.1250000001266 5.412658773639583 0
47.6250000001049 0.6495190528608887 0
45.1250000001375 5.845671475550747 0
45.25000000012814 5.62916512460091 0
48.87500005122889 0.6495190823820782 0
49.12500005974955 0.649519087303333 0
49.25000006117069 0.8660254390681712 0
48.62500000862136 0.6495190577790857 0
33.12500000013092 6.27868417743245 0
33.37500000013073 6.278684177432355 0
32.87500000013308 6.278684177430055 0
5.62500000007385 0.6495190528163033 0
34.62500000015464 0.6495190527990944 0
45.12500000013032 5.412658773655814 0
5.625000000082396 1.515544456595762 0
4.875000000077049 1.082531754681342 0
35.37500000016457 0.6495190528014314 0
35.12500000015729 0.6495190527969994 0
35.62500000016303 0.6495190528022968 0
34.12500000014621 0.6495190528001769 0
3.375000000091898 0.6495190527435368 0
2.87500000008937 0.6495190527423212 0
2.375000000070699 0.6495190527814684 0
1.125000000082586 0.6495190527399028 0
1.375000000081426 0.6495190527750123 0
49.37609248806024 7.577722283129323 0
49.2501820814112 7.795299791025897 0
49.37500002021788 0.6495190644788946 0
1.243160753475733 9.530841025867153 0
6.499792908948266 9.533243080637336 0
3.002961294538664 9.524633197535611 0
4.241516152289553 9.526955384011451 0
29.25705929269235 9.531530547829455 0
30.00099777464763 9.531258575100704 0
31.25550391742856 9.531528624291628 0
46.87500000084843 9.316020849209693 0
46.62500000097636 9.317062142294914 0
46.50000000099758 9.094481581221146 0
46.37379513774016 9.316852630535465 0
47.13032721938544 9.313956158410793 0
0.6292876655916563 1.513040425192602 0
0.6306847489932316 4.982928162984907 0
0.7511051330007052 5.196790471405383 0
0.5058285152490067 5.199517517417803 0
0.6261556080909323 5.413325964158934 0
0.6309075774955393 1.95196789982882 0
0.7509845963156478 2.165631966266137 0
49.36916819890868 4.543375579332087 0
49.53549256942544 4.758413759690374 0
32.87500000015945 1.948557158462119 0
32.75000000016277 1.732050807517648 0
33.37500000015164 3.247595264137122 0
30.87500000013492 5.845671475536593 0
31.00000000012929 6.062177826476714 0
34.75000000013942 3.897114316977363 0
31.37500000003224 7.577722283096579 0
31.50000000002545 7.794228634044083 0
28.8750000000488 6.278684177425014 0
48.7500000100093 0.4330127076428574 0
4.875000000113961 4.113620667885629 0
4.75000000010303 4.33012701883476 0
5.000000000116231 3.464101615046358 0
4.875000000105981 3.680607965995452 0
32.37500000014081 1.082531754712507 0
47.500000000081 5.629165124601696 0
44.37500000011576 1.515544456620451 0
47.50000000008046 5.196152422709515 0
28.50000000004984 6.062177826477292 0
33.12500000011707 4.979646071751566 0
33.37500000012056 4.979646071752743 0
35.50000000016608 1.732050807522983 0
48.0000166568209 7.794239906589664 0
2.251408379272913 9.094077502375935 0
2.126399026939462 9.311192868016704 0
32.25000000012666 0.4330127018879937 0
47.50000000008228 6.06217782649454 0
5.00000000008742 2.598076211267714 0
48.37500000009152 4.11362066798652 0
1.000000000079327 3.46410161504344 0
0.7500000000795307 3.464101615042545 0
47.50000000185525 8.227241334909143 0
34.00000000015686 0.8660254037413091 0
33.87500000015369 0.649519052798743 0
2.750000000078771 4.330127018834119 0
2.875000000079354 4.113620667888131 0
29.00000000013782 4.76313972080407 0
31.000000000139 3.897114317023434 0
30.87500000014044 3.247595264185967 0
32.25000000012737 1.299038105668825 0
33.87500000015159 2.381569860355502 0
30.00000000007268 6.928203230259499 0
31.25000000013774 4.330127018916205 0
29.5000000001403 3.897114317021283 0
29.75000000013908 4.330127018913588 0
30.87500000013683 4.979646071753728 0
30.00000000013889 4.330127018914131 0
48.62511900180166 5.845788943000262 0
32.00000000013232 6.062177826484967 0
32.12500000011443 6.278684177429094 0
1.750000000077252 5.196152422616085 0
1.62500000007704 4.979646071669301 0
1.875000000076779 5.412658773562658 0
32.75000000013394 6.062177826486643 0
32.62500000012064 6.278684177426436 0
31.1250000001356 5.412658773645986 0
4.874996230407666 8.877168188078112 0
30.62500000013618 5.412658773645074 0
48.25000000009088 4.330127018932224 0
28.37500000013882 4.546633369855456 0
28.25000000013805 4.763139720797865 0
29.62500000014585 1.082531754726255 0
4.375000000082444 3.680607965999176 0
5.000000000067923 7.361215932087301 0
4.750000000068429 7.361215932086845 0
5.375000000066974 7.577722283034007 0
46.00000000010054 4.763139720827202 0
3.500000000077075 5.62916512451307 0
3.625000000077709 5.412658773567163 0
3.375000000076467 5.845671475458939 0
30.25001165735535 8.660325721389434 0
49.12575576856376 5.41316401274991 0
49.37577352500296 5.413151114478328 0
3.500000000077904 5.196152422620878 0
48.62496344440153 4.54665447509501 0
31.49791133931103 9.092554157919571 0
31.63352429862675 9.30305791919743 0
3.000000000078135 4.763139720727142 0
44.87500000009383 7.577722283126151 0
44.7500000000876 7.794228634068178 0
46.25021343801771 9.094409970334056 0
46.12175909298105 9.315577794055729 0
4.250000000094118 1.299038105587674 0
1.37500000007276 7.577722283022984 0
2.625000000078423 4.546633369779935 0
1.625000000072926 7.577722283023787 0
48.1249973646832 3.247594101390447 0
47.99999847859153 3.031088233019489 0
0.8740473219214357 7.577172254036264 0
0.6239835450252811 7.577135432427807 0
30.87500000006314 7.144709581208923 0
4.625000000069685 7.144709581140745 0
48.37500000009221 3.68060796609405 0
3.875000000085074 2.381569860319085 0
4.750000000071241 6.495190528303347 0
4.875000000072077 6.278684177357083 0
48.8750000000836 7.577722283126919 0
4.625000000087058 2.381569860321037 0
30.00000000013987 0.4330127018905081 0
45.12500000011183 3.680607966098471 0
28.62500000004097 7.144709581206641 0
31.75000000012123 6.495190528375012 0
30.50000000013584 5.629165124587372 0
28.87500000013704 4.979646071746271 0
46.87500000009492 4.979646071773339 0
46.62500000009794 4.979646071772581 0
46.12500000220136 7.144709579960286 0
30.87500000013809 0.6495190528366349 0
32.87500000012153 4.97964607175178 0
32.87500000012284 4.546633369857416 0
46.12500014050117 7.577722199100535 0
5.500000000113989 3.464101615049753 0
5.500000000066347 0.4330127018704989 0
35.25000000012933 0.4330127018619916 0
34.50000000013667 0.4330127018601463 0
30.00000000005698 7.361215932152945 0
5.375000000090743 1.515544456587695 0
5.000000000081839 1.299038105632914 0
4.375000000097317 0.6495190527460092 0
4.625000000096732 0.6495190527877575 0
0.6294615143724953 8.008945820760804 0
0.63049052000016 3.248603041984556 0
0.4649394812782448 3.483904222689488 0
0.6350774146270068 3.689411267404126 0
0.4721278027029423 4.7579914488827 0
0.4644748273820994 8.239448818960682 0
0.6354510990823636 8.448640275198557 0
49.50000000008039 7.794228634076321 0
49.3847693963844 8.052245068560159 0
0.5051199881653496 2.165809126945839 0
0.6260174307990447 2.381788872723484 0
0.3772838093560706 2.380168931907057 0
0.4976938339698816 2.602661190255436 0
0.3783473701042644 2.834956000273426 0
6.24996554018376 9.532545500516227 0
6.124532803073835 9.311087180073208 0
5.999454881572021 9.533450305089216 0
29.00133805979423 9.532367786780622 0
28.8749721593137 9.310279236150736 0
28.74964313462293 9.533217678534669 0
30.99824332178175 9.530488428553568 0
1.498711561041683 9.531662328418166 0
1.624636695645427 9.310770266707024 0
1.749724709471545 9.532935211968912 0
6.751161755588983 9.544879735226253 0
2.254820261534215 9.533944753692614 0
3.506493110527819 9.536183765829126 0
4.74967371654359 9.539873251538111 0
5.249985380308459 9.529769440718397 0
5.499720741635831 9.531802917836394 0
46.4981076587207 9.54430603157263 0
47.00023111992066 9.529959095698505 0
47.25196055122766 9.530439007509472 0
0.4851431826200107 7.360756192145354 0
49.5054011998345 7.362528700547038 0
0.4934052217532555 0.8679443183608436 0
0.6239008703601723 0.6498388718761353 0
0.3750000000809597 0.6495190527390499 0
49.5119418455321 5.630713394991205 0
49.50628287905877 0.8678232299127349 0
49.37654342730813 1.083335315365249 0
49.62753187484063 0.6409574705988692 0
49.50230800948484 0.4245633837935095 0
49.62579329535188 5.406142339946683 0
49.630250660461 5.857931536655336 0
49.5000000000894 5.196152422720236 0
0.3749720002735668 1.092227514729357 0
49.62499843449169 1.092629578975143 0
49.49609656331558 1.300692392810615 0
0.3795176426388072 5.408598204934416 0
0.5000000000730989 5.629165124505519 0
0.7501926014101739 5.629276322939345 0
0.6250321002954837 5.845690008524426 0
0.3751217291439678 5.856877375333731 0
0.5046670136429339 6.073703847007384 0
0.407122381713683 6.301173159521404 0
0.753093942595743 6.062767802566004 0
0.3734551557895959 7.589597319412833 0
0.3632340829478635 7.128801901267989 0
0.2424652853565289 5.169825191426504 0
49.75952996112498 1.332351577923564 0
31.12555135817948 9.763796375289495 0
30.74156371888736 9.546542858252998 0
29.12651387804525 9.762882204668994 0
6.374823180405762 9.762826229564681 0
5.874935104946236 9.761158692409559 0
28.62483426339934 9.762240319162551 0
28.49832774039398 9.539563071324464 0
28.24955957460343 9.55352237101836 0
1.874967227324464 9.761097371849905 0
1.373645385764669 9.762535084398959 0
5.374965014529023 9.761206487995967 0
4.999965269608039 9.553582759656834 0
47.12531318585398 9.76199314028797 0
47.5205935815226 9.554172807266617 0
46.74985873986948 9.553964215870423 0
47.40696331516413 9.328623738470572 0
47.65356149845972 9.337911347862457 0
47.76344318921362 9.111531010969317 0
47.89443238820577 9.328643786331941 0
30.86735215491402 9.313900078299364 0
0.6196122000812108 7.134759757591846 0
0.4992810206858684 6.902880908840567 0
0.6350711431000804 6.700316056132548 0
0.4003513625812574 6.683803835603506 0
29.38110606407758 9.761178463819595 0
29.50851037916367 9.533686508070893 0
1.117931327164966 9.768872595363995 0
0.9900408963581233 9.532021033318694 0
0.7265639982272573 9.552703865885015 0
0.6320804151171733 9.282367311451702 0
0.4890844856970655 9.464993272895262 0
0.5388718681656495 9.710864495029153 0
31.38180850702926 9.77137773458055 0
31.5168411480899 9.539089568366579 0
31.77633811298228 9.508969490907781 0
31.87684336096324 9.278589676625728 0
32.04276107930704 9.51451466708413 0
32.12229784273153 9.246071163487349 0
32.30086527311769 9.429602271388271 0
32.36865146242995 9.201347345049015 0
32.55060563934106 9.38809329606204 0
32.61356857365721 9.156315745256638 0
32.77054852703228 9.350885285501247 0
31.87799784769437 9.747893731801353 0
6.625328195331377 9.76930683458429 0
7.002471787341982 9.551155338668245 0
7.126410298058084 9.780979898034236 0
7.255234482534036 9.560661570018986 0
7.379462893107474 9.331748200739348 0
7.506180225909665 9.561681825359784 0
49.37916379693313 5.85360036898326 0
49.49425991332843 6.070726485877651 0
49.75946312851475 6.088602709553975 0
0.4986627990086793 1.29903810557875 0
0.2400247043257729 1.331884810924547 0
49.24964966934898 1.299907241235891 0
49.36948868789104 1.514430824056265 0
49.12388750327916 1.515798285590411 0
49.24826658249182 1.732689879851991 0
49.53500329241549 1.738617234407571 0
49.37360496162639 1.95019574022283 0
49.12377584417326 1.949064568464636 0
49.24803278719985 2.166172434333112 0
49.49786926544697 2.167125193332319 0
49.37240101836245 2.383051728967876 0
49.62213358926811 2.384054624547056 0
49.50085948121308 2.602522366192519 0
49.24640079511485 2.599286749791507 0
49.37193565740197 2.816334975972096 0
49.60567711182183 2.822009538405852 0
49.47705412946314 3.026362437220868 0
5.749160394029163 9.536161929446468 0
2.000985204223721 9.536568414739783 0
2.38006306110067 9.763313101879483 0
2.507631121873688 9.534610590786826 0
46.62341746143415 9.774803950699104 0
46.23943589194852 9.53885618179307 0
45.987955696117 9.527135392286757 0
45.87196467637104 9.304800602148969 0
45.74126689491709 9.520035774606301 0
45.62374871432171 9.293951380069918 0
45.49358102064232 9.515505017182496 0
45.37456473618093 9.285363272041529 0
45.23844201238065 9.489310844310388 0
45.12010935340014 9.273515327298984 0
45.50616721764546 9.075245274602036 0
44.99044707628278 9.465289872746695 0
44.87006424052079 9.256011468276457 0
44.73928082513845 9.449174606038101 0
44.62367557224295 9.246813483370907 0
44.48977194023693 9.439192028476116 0
44.36826998667382 9.238773716130108 0
44.23963452245766 9.432326153774708 0
44.11785751602577 9.221708515350537 0
43.98919744909502 9.417188183067786 0
43.87373090203296 9.214635885275392 0
43.7401898461098 9.407666144861873 0
44.74760588269428 9.056468750811653 0
43.61674945767982 9.208074686000245 0
43.4901115660319 9.396915723520424 0
43.36623456360979 9.187509134172583 0
43.23943021610972 9.384730515610842 0
43.1239325995964 9.182471573015974 0
42.99108510735029 9.380281223641971 0
43.10843678231342 9.607282792208519 0
43.99300764269458 9.033468520859074 0
43.86700948817864 9.627984116307379 0
44.60528651668861 9.668157687910032 0
45.36961828860388 9.747446426611109 0
42.83059656965817 9.586232539820628 0
42.73738078292308 9.363488414868005 0
43.25076970783721 8.962413595777578 0
46.11641715249087 9.759809085879755 0
45.07584398501885 9.730330475366143 0
4.87430281936009 9.774687082864576 0
4.492543143636928 9.539334887423905 0
4.368573398577139 9.759979406595756 0
5.87443146552681 9.312707537317786 0
28.62442458276237 9.314024671972778 0
30.62272196092203 9.771414221188396 0
47.64017314373788 9.777911008223253 0
28.12532987502258 9.781840594657909 0
48.87477707522036 1.515674750810073 0
48.50000000314092 0.4330127036798795 0
48.37500000202552 0.6495190539765313 0
46.75000000011266 0.4330127019097691 0
47.0000000000916 0.4330127019014522 0
32.62500000016043 1.948557158461508 0
32.75000000016244 2.165063509412521 0
30.75000000011913 6.062177826479633 0
33.50000000014686 3.464101615086822 0
33.75000000014732 3.464101615083499 0
33.6250000001521 3.680607966036395 0
33.8750000001494 3.680607966026665 0
33.50000000015618 3.897114316999839 0
34.50000000013908 3.897114316980317 0
34.37500000014327 3.680607966031324 0
34.25000000013604 3.897114316975367 0
32.62500000015625 0.649519052798839 0
32.50000000013593 1.299038105659883 0
32.5000000001533 1.732050807533366 0
33.00000000015431 2.598076211305962 0
33.12500000015152 2.814582562242947 0
4.625000000089815 3.680607965999043 0
33.25000000014198 3.464101615102094 0
34.62500000012963 4.113620667936877 0
29.00000000004789 6.495190528371028 0
35.00000000013652 3.897114316981613 0
45.50000000011703 3.03108891326723 0
45.75000000011513 3.031088913266004 0
45.000000000114 3.031088913257491 0
31.5000000000883 6.495190528369722 0
30.87500000011527 6.278684177427617 0
31.37500000009788 6.278684177422069 0
33.0000000001134 6.49519052837609 0
29.12500000003581 7.144709581207291 0
29.50000000002927 7.361215932150462 0
29.62500000003264 7.577722283098389 0
30.62500000007261 7.144709581206837 0
5.125000000105529 4.979646071673681 0
31.25000000004589 7.361215932151322 0
31.62500000003837 7.577722283098709 0
31.75000000002673 7.794228634046885 0
6.500000000080038 8.66025403775682 0
29.1250000000596 6.278684177423718 0
35.25000000016725 1.732050807521669 0
35.12500000016464 1.082531754688036 0
35.00000000016384 0.8660254037412116 0
34.87500000014553 0.6495190527994195 0
45.62500000011766 2.81458256232236 0
4.625000000084196 4.113620667892195 0
4.500000000084602 4.330127018838018 0
4.625000000096184 4.546633369782882 0
4.750000000094125 3.897114316945294 0
5.125000000111532 3.247595264102932 0
4.750000000093737 3.464101615053507 0
29.12500000005534 6.711696879313934 0
46.62500000009915 3.247595264202052 0
35.1250000001677 1.515544456576017 0
47.12500000010085 4.113620667992894 0
1.875290939403009 9.313000040120627 0
0.7501118492656389 2.598688291714389 0
47.62500000008414 6.278684177441953 0
47.50000000008308 6.495190528387895 0
5.75000000007355 6.062177826412833 0
44.50000000011156 1.732050807570422 0
44.25000000011367 1.732050807567278 0
44.75000000011139 1.732050807570249 0
44.87500000010906 1.948557158517264 0
45.0000000001104 1.732050807571259 0
1.250000000082184 2.165063509367555 0
1.500000000082203 2.165063509368057 0
49.25038468159153 0.4316044898955738 0
47.87500927099792 8.010741272240487 0
6.000000000101655 3.464101615059406 0
31.75000000012736 0.4330127018916832 0
6.625000436990139 8.443750220910875 0
6.875000509809263 8.443750643260231 0
47.37500000008376 4.979646071766741 0
6.375000659004206 8.876764210485385 0
46.62500000564832 8.876962859161086 0
3.875000000071473 7.577722283028868 0
2.00051639097069 9.094176321259912 0
2.500000000069661 8.66025403775523 0
48.49992909229547 4.330167956883361 0
1.125000000078735 3.680607965990255 0
1.375000000078743 3.680607965991062 0
29.1250000001372 4.979646071749753 0
29.00000000013041 5.196152422686938 0
29.25000000013569 5.196152422691995 0
29.50000000013701 5.196152422696093 0
29.62500000012614 5.412658773638857 0
29.37500000012403 5.412658773635433 0
47.12500000009581 4.546633369881952 0
47.75000432185315 7.794231560399596 0
1.750000000077653 4.763139720723552 0
48.75135305916349 7.795309362707728 0
31.25000000013808 2.16506350945421 0
29.25000000013814 4.763139720804554 0
48.25000030089618 1.29903827936142 0
33.75000000015879 0.8660254037402864 0
33.62500000015397 0.6495190527959332 0
33.7500000001324 0.4330127018612648 0
38.50000000013665 3.031088913220167 0
38.37500000013783 2.814582562272456 0
38.12500000013894 2.814582562272008 0
38.62500000013634 2.814582562272699 0
38.25000000013718 2.598076211323632 0
37.87500000013836 2.814582562268525 0
46.87500002631778 7.577722267442049 0
47.00000000008023 7.3612159321742 0
1.000164099452867 2.165158252182369 0
2.500000000078517 4.330127018833164 0
30.75000000014019 3.464101615131752 0
47.62501513598881 8.443763122459492 0
1.750074004371312 9.094122357521909 0
0.2165063509459126 4.124999999991132 0
0.4177692385244145 4.249310197577177 0
0.4098079818571516 3.996818477805983 0
0.4238280242044857 4.490563581131759 0
31.0000000001409 2.165063509455855 0
30.75000000014233 2.165063509456331 0
31.12500000013829 4.113620667969698 0
49.37338853605476 9.784424028193012 0
49.24973142267169 9.56714236129571 0
48.99995523710715 9.567013141970637 0
49.12494777662625 9.350511098334735 0
48.874983835618 9.350490279665632 0
48.99948369246256 9.13368966714701 0
49.24990524484515 9.133932133230941 0
49.12439324664055 8.917122170245635 0
49.37488308191189 8.917403488932679 0
49.24987938809002 8.700893422427123 0
49.49547311355759 8.70353043238649 0
49.37331887383334 8.539294183819038 0
48.7494253166808 9.129439433061311 0
48.62194834466014 9.348745941708954 0
49.00005125292414 8.697619735063647 0
49.49999999999567 9.133974596213154 0
48.49311965153772 9.113022861462721 0
48.3606049444107 9.322687718542349 0
48.47152401662254 9.555692121767549 0
48.24454322829523 9.555254455187633 0
48.8743126306932 8.908319294251006 0
49.50196130999974 9.56585493524735 0
49.77527407354135 9.590562458583591 0
49.16970564103147 8.449397805050829 0
49.01070566019798 8.227353541859289 0
49.13040284549476 8.014498419967435 0
48.75206624217515 8.666890270997602 0
36.37500000016115 1.515544456580208 0
36.25000000015622 1.732050807526926 0
36.00000000016072 1.732050807525708 0
48.1250000000956 2.381569860421556 0
48.00000000009581 2.598076211367016 0
47.87500000009594 2.381569860421825 0
47.75000000009588 2.598076211366434 0
47.62500000009629 2.381569860421979 0
47.50000000009742 2.165063509475902 0
47.3750000000969 2.381569860420046 0
32.62500000015627 1.082531754694885 0
47.8750000000884 0.6495190528557926 0
33.87500000015786 1.082531754685432 0
49.37560167857403 7.145100727414015 0
49.6260735082048 7.137409507440243 0
49.62735989748045 7.589756639364346 0
49.49730209234986 6.918831841009741 0
49.59909733065344 6.693123526027419 0
39.75000000014623 0.8660254037574662 0
39.62500000014276 0.6495190528146181 0
39.37500000014816 0.649519052811673 0
39.50000000012697 0.4330127018666126 0
39.25000000011143 0.4330127018642303 0
39.12500000013145 0.649519052808492 0
39.87500000014072 0.6495190528159409 0
40.12500000013939 0.6495190528171572 0
40.00000000011301 0.4330127018738587 0
1.000088989974685 5.196203800955664 0
0.8751544177248407 5.412747926631301 0
35.00000000014597 3.031088913197341 0
35.12500000014678 2.814582562252474 0
45.1250000000899 8.01073498501407 0
45.37500000009 8.010734985015979 0
35.75000000016792 0.8660254037431955 0
35.87500000016759 0.6495190528002028 0
36.12500000016774 0.6495190528011585 0
36.0000000001395 0.4330127018564709 0
35.75000000013799 0.433012701860417 0
48.87526662457306 5.412870738140951 0
48.6250768956011 5.412724754252357 0
37.50000000013949 3.031088913212477 0
37.37500000014138 2.814582562266494 0
37.12500000014165 2.814582562264472 0
29.50000000013914 4.330127018913158 0
30.62500000013133 0.2165063509457198 0
30.50000000013511 0.4330127018916138 0
41.75000000013538 0.8660254037667192 0
41.62500000013279 0.649519052823549 0
41.87500000013114 0.6495190528254493 0
41.37500000013334 0.6495190528226575 0
41.50000000010589 0.4330127018790805 0
44.75000000011213 3.031088913262487 0
44.62500000010741 2.814582562308235 0
44.3750000001063 2.814582562300578 0
42.87610665936725 9.165208510318253 0
42.62645672271571 9.153390290018827 0
42.49110543131917 9.352557000356324 0
42.37731067263434 9.133743309127372 0
42.24195843435962 9.3415669821817 0
42.14486107398754 9.115287739298614 0
41.98923636163388 9.347248036492429 0
42.32493042820441 9.556596254107024 0
46.62500000018262 6.278684177381599 0
46.87500000705138 7.144709577057871 0
47.12500000125616 7.14470958052511 0
40.75000000014073 0.8660254037614525 0
40.62500000013749 0.6495190528186088 0
40.87500000013571 0.6495190528200566 0
41.12500000013384 0.649519052821862 0
41.00000000010795 0.4330127018771643 0
48.62487704904368 1.948489000499628 0
34.12500000015692 1.082531754686336 0
38.75000000013585 3.031088913221295 0
38.87500000013495 2.81458256227457 0
39.12500000013591 2.814582562277904 0
42.50000000012433 3.031088913248129 0
42.62500000012449 2.814582562301768 0
42.87500000012433 2.814582562302093 0
42.75000000012595 2.598076211357213 0
42.37500000012277 2.814582562295726 0
42.12500000012209 2.814582562297852 0
47.12500000271707 7.577722281549873 0
48.37501983370601 5.845691053462407 0
0.6266114639838042 0.2155759717940449 0
33.50000000016117 0.8660254037386848 0
33.37500000015316 0.6495190527989647 0
33.12500000015913 0.6495190527980613 0
33.00000000014063 0.4330127018613721 0
35.62500000014037 3.680607966038006 0
35.50000000013209 3.897114316997196 0
35.75000000013166 3.897114316998384 0
40.37500000013684 5.412658773650864 0
40.25000000013513 5.19615242270572 0
40.50000000013537 5.196152422706035 0
40.00000000013051 5.196152422706287 0
40.12500000013233 4.979646071759211 0
40.62500000013703 5.412658773651248 0
40.75000000013729 5.196152422705653 0
41.00000000013632 5.196152422706839 0
40.87500000013193 4.979646071759181 0
40.62500000013797 4.979646071759111 0
43.62500000013777 5.412658773656176 0
43.50000000013615 5.19615242271103 0
43.25000000013777 5.19615242271004 0
43.75000000013598 5.196152422711551 0
43.37500000013128 4.979646071763304 0
43.12500000012101 4.979646071760952 0
43.00000000012948 5.196152422707682 0
46.62500000010121 4.113620667990213 0
46.75000000010093 3.897114317044062 0
46.62500000010118 3.680607966098658 0
46.87500000010006 3.680607966096034 0
43.50000000012597 0.8660254037776506 0
43.62500000012664 0.6495190528335517 0
43.8750000001219 0.6495190528370575 0
43.37500000012433 0.6495190528341245 0
43.75000000011573 0.4330127018874219 0
43.50000000012868 0.4330127018879916 0
42.87500000011826 3.680607966089267 0
43.00000000011517 3.897114317036237 0
43.25000000011829 3.897114317036516 0
34.50000000003153 8.227241335937437 0
34.37497738813281 8.010858794672483 0
34.12497361948203 8.010879429619845 0
34.24999183462266 7.794273343095819 0
34.62499623138285 8.010755619937363 0
33.9999942423727 7.79426015965943 0
33.87499464366162 8.010764313365083 0
33.75000000002863 7.794228634044725 0
34.1249976795365 7.5777349888745 0
34.37499825239701 7.577731852235815 0
34.749698157323 8.226771087250613 0
34.8749490648074 8.010660049367779 0
35.12499151083086 8.010722495721257 0
34.9999900959636 7.794214063229079 0
35.24999843598706 7.794226333019568 0
35.12499808870169 7.577719471127421 0
34.87499803081707 7.577719385966324 0
34.74998890384258 7.794216672608046 0
47.62500000008192 5.412658773655881 0
40.25000000013213 3.031088913234424 0
40.12500000013306 2.814582562285434 0
39.87500000013334 2.814582562284004 0
40.37500000013114 2.814582562284925 0
40.00000000013442 2.598076211339766 0
39.62500000013276 2.814582562279464 0
44.49997510110616 8.226923142717444 0
44.37499585024143 8.010681952800551 0
44.12499930842988 8.010726146305489 0
44.24999919315724 7.794218322241949 0
43.9999997503113 7.794225442307511 0
43.8749998431674 8.010732979930392 0
43.74999993229591 7.794227767920608 0
44.12499982396711 7.577720032518558 0
44.49999917395283 7.794218076726013 0
44.74988392165618 8.226882117999509 0
44.37499989018883 7.577720878853683 0
44.62497567452291 8.010611484886569 0
30.50000000014369 1.732050807564548 0
39.75000000005108 8.227241006136978 0
39.62500000005062 8.010734799491173 0
39.87500000005146 8.010734899112503 0
39.37500000004997 8.010734823541487 0
39.50000000005087 7.794228618998773 0
39.25000000005821 7.794228604631375 0
40.00000000005211 8.227241214362566 0
40.12500000005266 8.010734948321751 0
40.37500000005384 8.01073497678745 0
40.25000000005348 7.794228626570686 0
40.50000000005677 7.794228631438313 0
40.62500000005508 8.010734983194954 0
40.75000000005794 7.794228633317504 0
40.37500000006635 7.577722281424858 0
40.1250000000686 7.57772228157871 0
40.8750000000561 8.010734984543518 0
41.00000000005649 7.7942286338544 0
40.87500000006905 7.577722282951264 0
41.12500000007027 7.577722283049213 0
41.25000000006159 7.794228634011813 0
40.75000000005521 8.227241334748076 0
34.87500000016084 1.515544456578648 0
35.00000000016256 1.732050807522992 0
32.12500000012667 0.2165063509448266 0
39.75000000005382 7.794228586311752 0
39.62500000006702 7.577722272641269 0
31.62500000012852 0.2165063509456374 0
35.62500000013568 5.412658773648841 0
35.50000000013467 5.196152422703284 0
35.25000000013447 5.196152422703639 0
35.3750000001333 4.979646071756733 0
35.75000000013464 5.19615242270319 0
36.00000000013464 5.196152422703052 0
35.87500000013333 4.979646071756477 0
36.12500000013573 5.412658773648883 0
36.25000000013297 5.19615242270318 0
46.00000000011241 0.8660254037945062 0
45.87500000011255 0.6495190528502389 0
45.62500000011271 0.6495190528481887 0
45.75000000011791 0.4330127019029155 0
46.12500000011077 0.6495190528524502 0
46.37500000010911 0.6495190528543012 0
46.25000000010546 0.4330127019054104 0
44.37500000013775 5.412658773657155 0
44.25000000013617 5.196152422712151 0
44.50000000013569 5.196152422712518 0
44.75000000013564 5.196152422712623 0
44.62500000012309 4.979646071766666 0
46.75000000011522 6.062177826473981 0
46.62500000009176 5.845671475544977 0
6.375000072889332 8.443748109165616 0
6.125000012201976 8.443747757209234 0
33.25000000015013 3.031088913197069 0
47.75001920214841 8.227260392951861 0
30.62354349936655 8.877164302142418 0
33.37500000016057 1.082531754683468 0
37.75000000013632 6.062177826488737 0
37.87500000013642 6.27868417743502 0
38.12500000013655 6.27868417743489 0
37.62500000012741 6.278684177432725 0
38.00000000012057 6.495190528380848 0
37.75000000011194 6.495190528381771 0
46.6250000001023 1.948557158524951 0
46.50000000010385 1.732050807578957 0
46.25000000010465 1.73205080757756 0
28.6250000000251 8.443747686877316 0
28.37500000002555 8.443747686876922 0
41.12500000005748 8.010734984850979 0
41.37500000005824 8.010734984966085 0
41.50000000006081 7.794228634041663 0
41.62500000005881 8.010734984990176 0
41.75000000006128 7.794228634050606 0
41.87500000005947 8.010732867227853 0
42.00000000006199 7.79422828109165 0
42.1250000000601 8.010732455440792 0
42.25000000006277 7.794228153633914 0
42.37500000006072 8.01073448333625 0
42.50000000006353 7.794228470373501 0
42.62500000006142 8.010733617454779 0
42.75000000006649 7.794228378848427 0
42.62500000007417 7.57772223324176 0
42.87500000006262 8.010733457886753 0
43.00000000006982 7.794228337001181 0
43.12500000006376 8.010734680971346 0
43.25000000006617 7.794228533873825 0
43.37498001894745 8.010872276931376 0
43.24966043356342 8.228111877726743 0
42.50000000006101 8.227216580140944 0
43.49999665858775 7.794251354991083 0
43.37499944316728 7.577726053238022 0
41.62500000006533 7.577722283106645 0
41.25000000005723 8.227241335832417 0
37.37500000013625 5.412658773649431 0
37.2500000001352 5.196152422703875 0
37.00000000013513 5.196152422703717 0
37.12500000013399 4.979646071757196 0
37.50000000013512 5.19615242270404 0
37.75000000013527 5.196152422703967 0
37.62500000012723 4.979646071757497 0
37.87500000013625 5.412658773649686 0
38.00000000013299 5.196152422704472 0
17.87500000012724 0.2165063509473053 0
18.00000000013392 0.4330127018925436 0
18.25000000013546 0.4330127018910446 0
17.75000000013382 0.4330127018927769 0
17.50000000013219 0.4330127018932324 0
17.37500000012393 0.2165063509490716 0
17.25000000013055 0.4330127018932551 0
17.00000000012889 0.4330127018931332 0
42.87500000012548 1.515544456608632 0
43.00000000012301 1.732050807554699 0
43.25000000012103 1.732050807555733 0
42.75000000012313 1.732050807552265 0
42.62500000011964 1.948557158498824 0
43.1250000001192 1.948557158502267 0
34.75000000015618 0.8660254037429473 0
45.37500000010457 4.979646071770237 0
37.50000000015824 0.8660254037499788 0
37.37500000015429 0.6495190528077197 0
37.12500000014316 0.6495190528126015 0
37.25000000013902 0.4330127018658565 0
37.62500000015208 0.6495190528088519 0
37.87500000015085 0.6495190528096024 0
37.75000000012511 0.4330127018685298 0
1.125000000041019 0.2165063509341361 0
36.3750000001388 3.680607966042253 0
36.25000000013073 3.897114317000358 0
36.5000000001309 3.89711431699697 0
39.12500000004879 8.876752969049896 0
39.24467278088021 9.096406995887371 0
38.98035067556118 9.095302291861117 0
39.49911213018855 9.093789833917757 0
39.36863693270911 9.313525423687571 0
39.62379151051721 9.31048566187836 0
39.49873807389152 9.532128723967 0
39.74958826407155 9.532478215548638 0
39.8747299624666 9.310924981533097 0
39.24127377781431 9.54185051882321 0
39.99988637109394 9.532564030708539 0
40.12493605562936 9.311012504002452 0
40.24997040447678 9.532056036541977 0
40.37498441005391 9.310942425386481 0
40.50023452376595 9.527856347500085 0
40.62502606359251 9.310100024082894 0
40.75030606877058 9.531528590830938 0
40.87505535543191 9.310702437781885 0
40.75001356987369 9.093476119817701 0
41.00008082027152 9.531821782733878 0
41.12502269598956 9.310851705382378 0
41.25025930739005 9.527802185198704 0
41.3750470006034 9.310206650393463 0
41.50031368887738 9.531582988215039 0
41.61447567250671 9.304618344369059 0
41.49825377889054 9.092479875301226 0
41.76321075979921 9.506257170374585 0
40.37527620933486 9.762522506981409 0
41.12531932545306 9.762464434837923 0
39.87491243916645 9.76752648097518 0
41.87499999995553 9.746007095206126 0
39.37241200042278 9.769123311162769 0
38.97728031124802 9.536788666464732 0
39.10146925010131 9.320347270092711 0
38.84621258971935 9.309171100027729 0
38.7222195411383 9.532590965706058 0
38.59072646350387 9.319577211706463 0
38.47526923031336 9.539144651052519 0
38.34506815696245 9.330998621696384 0
38.23166011851116 9.554508161174899 0
38.10867102458816 9.329907234458362 0
38.4710150575521 9.105472801266556 0
38.86207700192885 9.762614773716532 0
41.37516930314548 9.765330811908123 0
40.62515671650344 9.765294798036253 0
38.11807963467231 9.779193799798652 0
41.24972057927533 9.093387624714493 0
30.2500000001269 5.629165124586686 0
45.00000000011764 0.8660254037874724 0
45.1250000001181 0.6495190528431842 0
44.87500000011637 0.6495190528431107 0
45.00000000011984 0.4330127018979769 0
45.25000000010685 0.4330127018958579 0
45.37500000011153 0.649519052845932 0
36.0000000001431 3.031088913203388 0
35.87500000014442 2.814582562257061 0
35.62500000014547 2.814582562255767 0
36.25000000014244 3.031088913204777 0
36.37500000014342 2.814582562260029 0
36.62500000014269 2.814582562261405 0
36.75000000014127 3.031088913207633 0
46.00000000010369 2.165063509467642 0
45.87500000010488 1.948557158521774 0
45.62500000010604 1.948557158520623 0
45.75000000010698 1.732050807574764 0
45.50000000010792 1.732050807574295 0
46.00000000010569 1.732050807576182 0
46.12500000010388 1.948557158522852 0
38.62500000013629 5.412658773649861 0
38.50000000013497 5.196152422704658 0
38.75000000013495 5.196152422704737 0
38.875000000136 5.412658773649844 0
39.0000000001363 5.196152422704096 0
39.25000000013539 5.196152422704779 0
39.12500000013133 4.979646071757442 0
0.2178048733993655 4.624937310401745 0
48.87402162783901 9.78322001432965 0
1.375000000080595 1.948557158420028 0
0.2420771589653708 9.409767524768066 0
32.37499999990331 9.790049188515402 0
16.12499999992654 9.783493649054304 0
16.00012877899243 9.562758248866135 0
15.74675783196798 9.564795149575277 0
15.87458334217016 9.334084500029686 0
16.25493590225688 9.547131730920182 0
16.51439337601651 9.538989633309722 0
15.61673766498403 9.327989804593543 0
15.4821667174589 9.537756328022393 0
15.23783722123018 9.530714655218816 0
15.60984140878256 9.769868263125559 0
16.37911904300543 9.317959505934319 0
16.76617438093249 9.547748246352224 0
16.64662980668997 9.771415272617272 0
34.62500000013485 5.412658773649172 0
34.75000000013499 5.196152422703259 0
34.50000000013424 5.196152422703258 0
34.6250000001348 4.979646071757102 0
34.8750000001324 4.979646071756614 0
43.25000000012676 0.8660254037765402 0
36.50000000015824 0.8660254037504724 0
36.62500000012878 0.6495190528142092 0
47.37500255602968 8.443750239725706 0
47.50000000011185 6.928203230266277 0
47.37500000011012 6.711696879319144 0
47.25000000032244 6.928203230138102 0
40.50000000013121 3.031088913235572 0
40.62500000012938 2.814582562286698 0
40.87500000012836 2.814582562286763 0
39.87500000008662 6.711696879332786 0
40.00000000008905 6.495190528387747 0
40.25000000009604 6.495190528384772 0
40.12500000011389 6.278684177434629 0
39.75000000008873 6.495190528387425 0
39.50000000008834 6.495190528387085 0
39.62500000008645 6.278684177439759 0
34.00000000015682 1.29903810563076 0
37.00000018846485 8.227240806403561 0
36.87500011656823 8.010734657510369 0
36.62500010458473 8.010734691185963 0
36.75000000004022 7.79422863404703 0
36.50000001746697 7.794228585079575 0
37.00000001947246 7.794228579466204 0
36.37500002036786 8.01073492786454 0
36.25000000634395 7.79422861636536 0
36.62500000296768 7.577722274940372 0
37.12500005696204 8.010734825032564 0
37.37500001238599 8.010734950305837 0
37.25000001482798 7.794228592509148 0
37.50000000456723 7.794228621343953 0
37.37500000327802 7.57772227406224 0
37.62500000004426 8.01073498499321 0
37.7500000008004 7.794228631930352 0
37.87500000027891 8.010734984336281 0
38.00000000021241 7.794228633584597 0
38.12500000004574 8.010734984990849 0
38.25000000007601 7.794228633968641 0
38.37500000005179 8.010731292750798 0
38.50000000005179 7.794228018656717 0
38.37500000006662 7.577722180520929 0
38.62500000004919 8.010730574824885 0
38.75000000005416 7.794227796449847 0
38.87500000004958 8.010732291648576 0
37.87500000021459 7.577722282673126 0
38.00000000031966 8.227241335168724 0
39.00000000006327 7.79422804065408 0
38.75000000004967 8.227201082361411 0
37.00000000014064 3.031088913209237 0
23.50000000014771 0.8660254037735284 0
23.62500000014801 0.6495190528293793 0
23.87500000014717 0.6495190528283525 0
23.37500000014803 0.6495190528281429 0
23.75000000014161 0.4330127018873894 0
36.50000000013595 6.062177826487966 0
36.37500000013571 6.278684177431657 0
36.12500000013522 6.278684177433385 0
36.2500000001304 6.495190528372309 0
36.00000000013445 6.495190528379871 0
35.87500000012611 6.278684177430794 0
36.6250000001364 6.278684177431122 0
36.87500000013186 6.278684177428282 0
36.75000000011943 6.495190528374549 0
34.75000000015764 1.732050807525018 0
35.75000746627916 8.227084199164697 0
35.87500000003842 8.010734984992386 0
35.62499456619406 8.010692921058588 0
35.74999909441583 7.794221623394532 0
42.12500000006688 7.577722212242037 0
39.1250000001329 1.948557158489405 0
39.00000000013435 1.732050807543752 0
39.25000000013318 1.732050807544597 0
39.50000000013349 1.732050807544688 0
38.7500000001355 1.732050807542684 0
39.62500000013089 1.948557158491159 0
39.75000000013609 1.732050807546929 0
39.87500000014158 1.515544456600787 0
31.75000000013752 3.897114317025047 0
37.3750000001139 4.11362066797416 0
37.25000000012042 3.897114317018582 0
37.00000000011484 3.897114317028051 0
37.50000000011413 3.89711431702893 0
37.75000000011963 3.897114317021409 0
37.87500000011425 4.113620667973454 0
38.0000000001212 3.897114317030825 0
38.12500000013794 3.680607966093264 0
38.12500000011315 4.113620667975706 0
28.62500000014371 2.81458256228935 0
28.50000000014321 3.031088913234955 0
28.25000000014327 3.031088913234384 0
32.00000000012695 0.4330127018906464 0
0.4651023719788918 1.738085858271655 0
1.750000000081979 1.732050807474435 0
2.000000000082764 1.732050807475127 0
1.875000000082224 1.94855715842149 0
36.87500000013605 5.412658773649277 0
36.75000000013507 5.196152422703646 0
36.50000000013359 5.196152422702946 0
36.62500000012845 4.979646071756421 0
44.00000000012251 0.8660254037810242 0
44.12500000011978 0.6495190528390016 0
48.12500005023077 1.515544485584231 0
34.12500000012552 4.113620667928754 0
48.75005181746965 5.196201885332664 0
48.50002145223858 5.196171663251066 0
48.62500677572596 4.97966066073298 0
48.3750047047206 4.97965171001981 0
2.125083505645506 8.87683502532542 0
41.00000000013662 6.062177826490509 0
40.8750000001332 6.278684177434666 0
41.12500000012597 6.278684177434808 0
40.62500000012778 6.278684177435118 0
40.75000000011032 6.495190528383933 0
42.00000000013343 0.8660254037687245 0
42.12500000013393 0.6495190528247223 0
42.37500000012663 0.6495190528229402 0
42.2500000001103 0.433012701873544 0
42.00000000012832 0.4330127018783681 0
42.50000000013035 0.8660254037707811 0
42.62500000013188 0.649519052826416 0
26.62500043790679 9.30977516552959 0
26.74985680048614 9.530568842583353 0
26.49843415429656 9.532204093214908 0
27.00045256492508 9.53104283950208 0
26.37004464234848 9.756415335394665 0
26.87497771665903 9.761552923577693 0
27.25467130964235 9.554845258221231 0
26.24831810769459 9.536444768395398 0
27.37707113305456 9.781527477164534 0
27.50484847982793 9.558293463569417 0
27.62942216827495 9.331294217081998 0
27.75616386383087 9.561104292917172 0
26.37449599529993 9.312434273816095 0
25.99967244702078 9.536733399329165 0
32.250000000135 5.196152422702129 0
40.00000000005801 7.794228604167905 0
32.62500000015813 2.381569860372765 0
44.0000000001375 5.1961524227111 0
44.12500000013123 4.979646071764307 0
43.87500000013873 4.979646071764368 0
23.62500000013624 0.2165063509444428 0
30.74975724991346 8.660321356722491 0
28.62500000014606 1.515544456616553 0
28.50000000014597 1.732050807562245 0
28.25000000014643 1.732050807562208 0
28.37500000014652 1.94855715850716 0
34.875000000147 2.814582562251007 0
23.37500000005037 7.144709581191284 0
23.50000000004326 7.361215932138903 0
14.87407704829303 9.309291567908094 0
14.74630056399306 9.528236890195977 0
14.49173054738095 9.541870278488076 0
14.62292023525002 9.765151698479936 0
14.23884565527891 9.559742455016565 0
14.36649716926112 9.327953152643932 0
14.86971886216314 9.763998353661954 0
14.12310373666942 9.781691291480469 0
13.99471416238838 9.565149709326459 0
39.87500000012854 3.680607966068171 0
39.750000000126 3.897114317012152 0
39.5000000001251 3.897114317014049 0
39.62500000011877 4.113620667964551 0
39.25000000012187 3.897114317019304 0
40.00000000012351 3.897114317014929 0
41.12500000012533 3.680607966077581 0
41.25000000012381 3.897114317023858 0
41.5000000001195 3.897114317026445 0
41.00000000012452 3.897114317022755 0
40.75000000012132 3.897114317024413 0
30.12500000007391 6.711696879313777 0
30.25000000007123 6.928203230258857 0
30.12500000006318 7.144709581202454 0
38.86326211098851 8.878644104590068 0
41.87500000010958 4.113620667979271 0
42.00000000011024 3.897114317034916 0
42.25000000010887 3.89711431703669 0
42.37500000010738 4.113620667983363 0
40.37500000013715 0.6495190528187109 0
40.50000000011035 0.4330127018755544 0
38.00000000015474 0.8660254037521655 0
38.12500000014958 0.6495190528107013 0
38.37500000015467 0.6495190528083025 0
38.25000000013215 0.4330127018659911 0
47.62500000009497 3.247595264200747 0
0.7501797028477313 1.298742402887633 0
47.37500000008392 5.845671475547096 0
47.62500000008222 5.84567147554977 0
39.12500000011114 4.113620667966972 0
39.00000000009685 3.897114317022364 0
38.75000000010885 3.897114317013199 0
39.37500000013646 5.412658773650284 0
39.50000000013057 5.196152422705781 0
25.87500000004764 7.144709581198342 0
26.00000000004076 7.361215932144512 0
31.62500000013885 3.247595264186889 0
31.75000000013832 3.031088913240956 0
31.62500000013804 2.814582562293731 0
31.87500000013229 2.814582562290806 0
43.1250000000925 6.711696879337898 0
43.2500000000944 6.495190528392593 0
43.50000000009354 6.495190528392009 0
43.37500000009749 6.27868417744449 0
43.62500000009348 6.278684177445681 0
43.75000000009521 6.495190528393133 0
44.37500000009459 6.711696879339503 0
44.50000000009675 6.495190528394127 0
44.7500000000977 6.495190528394948 0
44.6250000000963 6.278684177447238 0
44.25000000009644 6.495190528393852 0
38.8750000001369 4.979646071757918 0
43.87500000011295 1.948557158512076 0
43.75000000011595 1.732050807563819 0
44.00000000011322 1.732050807567465 0
43.62500000011924 1.515544456615761 0
40.87500000011048 4.113620667979268 0
40.50000000012211 3.897114317023863 0
32.50000000002549 8.227241335936773 0
32.62500000002588 8.010734984989989 0
32.87500000002644 8.010734984990371 0
32.75000000002638 7.79422863404343 0
32.37500000002533 8.010734984989865 0
33.00000000002681 7.794228634046684 0
33.12500000002698 8.010734984991007 0
33.25000000002728 7.794228634047387 0
32.87500000003295 7.577722283103009 0
32.62500000003499 7.57772228310181 0
32.50000000002712 7.794228634046981 0
32.25000000002525 7.794228634046857 0
33.37500000002752 8.010734984991281 0
32.12500000002484 8.010734984990698 0
32.00000000002485 7.79422863404767 0
32.1250000000345 7.577722283104198 0
24.25000004602237 8.660254181500541 0
43.62500000009356 6.711696879338275 0
46.62500000009917 2.814582562306105 0
46.50000000009869 3.031088913253378 0
46.25000000009726 3.031088913261629 0
17.37606370091445 9.782935824324586 0
17.25086711680689 9.562926811716478 0
23.62500000003056 9.309773090647461 0
23.74966731489436 9.529280056794105 0
24.00031825227436 9.529410237594501 0
23.8749982817777 9.761586548710227 0
24.25302163883083 9.551304334916813 0
23.49489974816657 9.546406376604651 0
23.2353536936962 9.554447000161584 0
23.37083869985572 9.776039482472811 0
22.98378325309154 9.545560202519688 0
23.1103066604839 9.31831184950329 0
24.37644382496775 9.779844590320238 0
42.62500000010755 4.113620667983759 0
42.75000000010915 3.897114317037729 0
43.00000000012431 3.031088913252177 0
43.12500000012294 2.814582562302029 0
46.12500000009575 6.278684177448946 0
25.62500000014678 1.515544456614043 0
25.75000000014662 1.732050807559802 0
26.00000000014644 1.732050807560524 0
25.50000000014674 1.732050807559312 0
27.00000000014699 0.8660254037768742 0
27.12500000014717 0.6495190528308971 0
27.37500000014566 0.6495190528334399 0
26.87500000014717 0.649519052832221 0
27.25000000014331 0.433012701887872 0
31.87500000012682 0.6495190528368986 0
49.12186685464543 6.713001922075556 0
31.37500000013789 4.113620667970051 0
2.3750000000273 0.21650635093788 0
44.62500000010402 4.113620667987885 0
44.50000000010809 3.89711431704182 0
44.25000000010576 3.897114317041599 0
44.87500000010408 4.113620667988387 0
45.00000000010847 3.897114317043458 0
22.75000000014302 4.330127018891794 0
22.87500000014254 4.546633369838078 0
22.62500000014261 4.546633369837542 0
23.12500000014234 4.546633369838534 0
23.00000000013728 4.76313972078667 0
23.25000000012899 4.763139720787475 0
22.75000000013881 4.763139720782712 0
22.50000000013914 4.763139720781708 0
22.87500000011621 4.979646071734248 0
22.3750000001422 4.546633369836652 0
22.25000000014188 4.763139720782567 0
22.37500000013053 4.979646071730814 0
22.12500000012466 4.979646071728384 0
22.00000000013958 4.763139720779378 0
22.50000000014303 4.330127018891005 0
22.1250000001421 4.546633369835885 0
21.87500000014228 4.546633369835864 0
21.75000000014224 4.763139720778987 0
21.62500000014283 4.546633369835803 0
21.5000000001429 4.763139720782236 0
21.62500000013175 4.979646071724846 0
21.37500000013237 4.979646071723028 0
21.25000000014217 4.763139720780972 0
22.00000000014306 4.330127018889912 0
0.7522930601974773 3.031675279925527 0
19.12500000005416 7.144709581180611 0
19.25000000004887 7.361215932127299 0
19.50000000004673 7.361215932129327 0
37.37500000296695 8.876760380562116 0
37.50000000062253 9.093266738098592 0
37.25041424880602 9.093027571788634 0
37.37386417896129 9.315395453410463 0
37.12180406829428 9.315104531430471 0
37.62239530102231 9.309315621558788 0
37.49805959150861 9.534179924711502 0
37.7500000000428 9.526279441624146 0
37.6243817904661 9.756157380230816 0
37.23980219919443 9.53670361081817 0
36.98735342361036 9.526527979586483 0
36.87228955894101 9.304152990150994 0
36.74131622179833 9.519780241078841 0
36.62359893389787 9.293776981316679 0
36.48814978443021 9.501430653259595 0
36.37368805118523 9.281421512799854 0
36.24532277200144 9.501043766010518 0
36.1242739580986 9.269679593771508 0
35.99081240052578 9.480988998921156 0
35.8697850877108 9.262894562287766 0
35.74284030794533 9.458077187624911 0
35.61978835459465 9.245383019715566 0
35.4897731459738 9.439286627761829 0
35.37385761987125 9.236344695637477 0
35.24002477826563 9.428863866710913 0
35.11777237455438 9.228626538552753 0
34.98983748214037 9.421268070982155 0
34.86728813161967 9.210466428354467 0
34.73927725234648 9.406527238828449 0
34.62379425577392 9.203957103111533 0
34.49035532047647 9.397150004229966 0
35.49611731074196 9.048973356679788 0
34.61703492859182 9.622464349229473 0
34.36633191973122 9.197822900321421 0
34.2402787534586 9.386231796525344 0
34.1157880039631 9.176252585776314 0
33.9895255886768 9.374107659616428 0
33.87672329653884 9.157972032913412 0
33.74044230600366 9.381083670265388 0
33.85864348968804 9.596812932882692 0
34.74163290951591 9.025853237668054 0
35.35560287876699 9.657683630995392 0
33.60603429416762 9.578361690252246 0
33.50314380331522 9.353885201534437 0
34.02349922596436 8.946116724260335 0
35.82718500780668 9.727094409321658 0
36.3731960914368 9.742560646428334 0
37.11673314062823 9.759205942063996 0
37.74715048812581 9.091795965042095 0
1.62501233412016 8.876902991678604 0
40.50000000005419 8.227241328825219 0
41.37500000012338 1.948557158499723 0
41.25000000012557 1.732050807553156 0
41.00000000012669 1.732050807552259 0
41.50000000012445 1.73205080755402 0
41.75000000012349 1.732050807555419 0
41.8750000001214 1.948557158501848 0
42.00000000012259 1.732050807556634 0
42.2500000001241 1.732050807553765 0
48.25000000008475 6.928203230285955 0
48.12500000008868 7.144709581229128 0
48.25000705519313 7.361220675393914 0
48.12502116938469 7.577736559514465 0
48.50000823104183 7.361221465930699 0
24.00000000005251 6.495190528355397 0
24.12500000005299 6.278684177410789 0
24.37500000005283 6.278684177410682 0
24.2500000000536 6.062177826464329 0
24.50000000005826 6.062177826465303 0
24.62500000005351 6.278684177412273 0
23.87500000005312 6.278684177410311 0
23.62500000005431 6.278684177409344 0
23.75000000006357 6.062177826463712 0
37.62500000013937 1.948557158482791 0
37.50000000014054 1.732050807537137 0
37.25000000014307 1.732050807535394 0
12.6239650470642 9.310389182972127 0
12.49854964491166 9.533358647207114 0
12.24794497976058 9.530565911916124 0
12.75074135022774 9.544930599688254 0
12.37434911869221 9.762572123124519 0
11.98988139401543 9.557858393922395 0
12.11065735585939 9.326608980332075 0
12.62496611251941 9.769282186033241 0
13.00597104111695 9.557884241356669 0
11.87289831266334 9.781615557120979 0
11.74260858218846 9.568347180631573 0
13.12741983669656 9.78121898601384 0
13.25512317378076 9.558748657322663 0
13.37944434151696 9.331429339740684 0
13.5048312944786 9.562413275093556 0
32.37500000014823 1.94855715848938 0
46.37500000009872 5.412658773665416 0
43.87500000013736 5.412658773656766 0
38.62500000013511 1.948557158487203 0
38.50000000013674 1.732050807541441 0
38.25000000013796 1.732050807540398 0
38.12500000013739 1.948557158485076 0
38.00000000013907 1.732050807539216 0
22.37417546685856 9.309307692831759 0
22.49921895274899 9.530079692756178 0
22.24833378719768 9.532114362626213 0
22.1236484764322 9.761410772308695 0
22.63222917574766 9.749520303052835 0
21.99830400395978 9.530219830295096 0
28.1250000001463 1.515544456616297 0
28.00000000014666 1.732050807561644 0
40.37500000012775 1.948557158495344 0
40.25000000013372 1.732050807546705 0
40.5000000001295 1.732050807549377 0
40.75000000012865 1.732050807550053 0
6.876262194042746 9.319998987972197 0
45.37500000010731 1.94855715851964 0
45.25000000010947 1.732050807572263 0
42.37500000013587 5.412658773655513 0
42.25000000013821 5.196152422708031 0
42.00000000013823 5.196152422707706 0
42.12500000012498 4.979646071758692 0
41.87500000012111 4.979646071760678 0
41.75000000012836 5.196152422708908 0
20.37396415165006 9.310383919468739 0
20.24854945579614 9.533357535986219 0
19.9979449611605 9.530565802818806 0
20.50070887722084 9.544910410026537 0
20.12434909394717 9.762571977857101 0
19.73988139090221 9.557858375738322 0
19.86065728680841 9.326608575220188 0
20.37492837245845 9.769259484460843 0
20.75313045534121 9.552761439305804 0
19.62289831237446 9.781615555572621 0
19.49485254760178 9.564823133190774 0
20.87669375356865 9.778319283601144 0
5.62500000011342 4.546633369781066 0
5.750000000111887 4.763139720727326 0
5.625000000108553 4.979646071674368 0
31.50000000013748 4.330127018916771 0
41.12500000013729 5.412658773652536 0
41.25000000013075 5.196152422708295 0
25.2500000000297 8.227241335924166 0
25.37500000002943 8.443747686870241 0
25.00000000002998 8.227241335923537 0
25.62501303241159 8.443767757629752 0
44.00000000009614 6.495190528393787 0
44.12500000009461 6.278684177446461 0
29.00000000002499 8.227241335932076 0
2.875000000051315 0.2165063509341696 0
27.37500000014646 1.515544456615487 0
27.50000000014631 1.732050807561388 0
27.25000000014647 1.732050807560943 0
41.75000000013668 6.062177826491464 0
41.62500000012834 6.278684177434814 0
41.87500000013522 6.278684177435871 0
42.12500000013434 6.278684177436817 0
42.00000000012361 6.495190528383297 0
1.625000000081211 1.948557158420764 0
25.50000000005116 6.495190528360009 0
25.62500000005182 6.27868417741534 0
25.37500000005203 6.278684177414661 0
25.87500000005582 6.278684177415464 0
25.75000000006443 6.06217782646713 0
32.00000000012582 1.299038105672748 0
2.625000000069632 8.44374768680964 0
46.0000755806949 8.227192591164007 0
45.87502247951941 8.010718653511187 0
43.7500000001106 2.598076211347241 0
43.87500000011352 2.81458256229346 0
43.6250000001122 2.814582562294068 0
3.250469598090756 9.527855348970807 0
3.629729783068091 9.763636805969327 0
3.753339110664632 9.531078742034476 0
3.125571815446671 9.76086594976978 0
2.877869753004529 9.756212580714951 0
1.62500000002583 0.2165063509397121 0
1.875000000014953 0.2165063509458244 0
1.750000000049389 0.4330127018771822 0
2.000000000039082 0.4330127018785932 0
41.75000000005885 8.227238865208816 0
25.62500000004746 7.144709581197661 0
25.50000000004461 7.36121593214399 0
25.25000000004589 7.361215932143001 0
48.1250000004181 0.6495190530485573 0
48.00000000010385 0.433012701918143 0
38.62500000008538 6.711696879330358 0
38.50000000009437 6.49519052837787 0
38.75000000008866 6.495190528384374 0
38.62500000010822 6.278684177431168 0
38.87500000008466 6.711696879330771 0
39.00000000008801 6.495190528385849 0
30.37500000014414 1.515544456618788 0
6.250000000095999 3.031088913167978 0
6.375000000097781 3.24759526411414 0
12.87660270070691 9.321230803462514 0
34.3750000000763 6.711696879322894 0
34.25000000007622 6.495190528376384 0
34.00000000008565 6.495190528372012 0
34.50000000007991 6.495190528378219 0
34.12500000009474 6.278684177424431 0
34.37500000008257 6.278684177429415 0
34.62500000007752 6.711696879323751 0
34.75000000008151 6.495190528379304 0
35.0000000000818 6.495190528379917 0
34.87500000010145 6.278684177431836 0
37.12500000014167 1.948557158480641 0
40.37500000011557 4.113620667971274 0
29.00000000014046 3.897114317020142 0
29.25000000014039 3.897114317020743 0
43.7500000001196 3.031088913251014 0
44.00000000011893 3.031088913237474 0
8.873965047073535 9.310389183274273 0
8.74854964492528 9.533358647263253 0
8.49794497977485 9.530565911912639 0
9.000741350242757 9.544930599743635 0
8.624349118708592 9.762572123126812 0
8.239881394029041 9.557858393923544 0
8.360657355869398 9.326608980351038 0
8.874966112536457 9.769282186051482 0
9.25597104113389 9.557884241381595 0
8.122898312682558 9.781615557123228 0
7.994852548350941 9.564823137376919 0
9.377419836715202 9.781218986015215 0
9.505123173797475 9.558748657429096 0
9.629444340797541 9.331429383245142 0
9.754831294410462 9.562413280281316 0
9.1266027007053 9.321230804507096 0
13.25000000013167 4.330127018861013 0
13.37500000013118 4.546633369807923 0
13.62500000013166 4.546633369808701 0
13.50000000013074 4.76313972075476 0
13.12500000013066 4.546633369807112 0
13.75000000012908 4.763139720754348 0
13.87500000013173 4.546633369809307 0
14.00000000012906 4.763139720754934 0
13.62500000012085 4.979646071703145 0
13.37500000012997 4.979646071700742 0
14.12500000013205 4.546633369810109 0
14.25000000013142 4.763139720756948 0
14.12500000013099 4.979646071703186 0
14.37500000012187 4.979646071705695 0
14.50000000012897 4.763139720757191 0
30.3750000001419 2.814582562293788 0
30.50000000014142 3.031088913239719 0
30.37500000014116 3.247595264185475 0
13.62500000005807 7.144709581165431 0
13.7500000000579 7.361215932111789 0
14.00000000005537 7.361215932112721 0
13.37500000005823 7.144709581164665 0
13.25000000005636 7.361215932110602 0
13.00000000005874 7.361215932109623 0
24.37500000014699 1.515544456612989 0
24.50000000014697 1.73205080755856 0
24.75000000014693 1.732050807558656 0
24.25000000014701 1.732050807558062 0
24.00000000014706 1.73205080755741 0
23.87500000014691 1.515544456612478 0
23.75000000014856 1.732050807555284 0
5.875000000079307 1.515544456598562 0
6.000000000084265 1.732050807543303 0
6.250000000077479 1.732050807544111 0
6.125000000087668 1.948557158479311 0
5.750000000093362 1.732050807534738 0
6.375000000080647 1.515544456599343 0
6.500000000081434 1.732050807547018 0
6.625000000082375 1.515544456600094 0
6.75000000008793 1.732050807544413 0
7.000000000081504 1.732050807545211 0
6.875000000091175 1.948557158480557 0
7.125000000084768 1.515544456600565 0
7.250000000085423 1.732050807548255 0
7.375000000086569 1.515544456601267 0
7.500000000092162 1.732050807545688 0
7.750000000085927 1.732050807546231 0
7.625000000095127 1.948557158481863 0
7.875000000089056 1.51554445660145 0
8.000000000089626 1.732050807549299 0
8.125000000090752 1.515544456602024 0
8.250000000096392 1.732050807546661 0
8.500000000090363 1.732050807546988 0
8.375000000099046 1.948557158482924 0
8.625000000093348 1.515544456602093 0
8.750000000093943 1.732050807549935 0
8.875000000095021 1.515544456602659 0
9.000000000100506 1.732050807547385 0
9.250000000094662 1.73205080754763 0
9.125000000102792 1.948557158483854 0
9.375000000097582 1.515544456602658 0
9.500000000098231 1.732050807550411 0
9.625000000099314 1.515544456603345 0
9.750000000104459 1.732050807548027 0
10.00000000009882 1.73205080754836 0
9.875000000106356 1.948557158484771 0
10.12500000010179 1.515544456603406 0
10.2500000001024 1.732050807551164 0
10.37500000010351 1.515544456604059 0
10.50000000010852 1.732050807548884 0
10.75000000010307 1.732050807549165 0
10.62500000011007 1.948557158485833 0
10.87500000010602 1.515544456604139 0
11.00000000010663 1.732050807551885 0
11.12500000010773 1.515544456604775 0
11.25000000011258 1.732050807549706 0
11.50000000010732 1.732050807549979 0
11.37500000011375 1.948557158486865 0
11.62500000011027 1.515544456604917 0
11.75000000011085 1.73205080755271 0
11.87500000011198 1.515544456605573 0
12.00000000011672 1.732050807550594 0
12.25000000011165 1.732050807550743 0
12.12500000011756 1.948557158487889 0
12.37500000011452 1.515544456605596 0
12.50000000011512 1.732050807553346 0
12.62500000011623 1.515544456606216 0
12.75000000012076 1.732050807551336 0
13.0000000001159 1.732050807551541 0
12.87500000012125 1.948557158488887 0
13.12500000011878 1.515544456606392 0
13.25000000011934 1.732050807554222 0
13.37500000012045 1.515544456606937 0
13.50000000012497 1.732050807552268 0
13.75000000012032 1.732050807552319 0
13.62500000012512 1.948557158489953 0
13.8750000001231 1.51554445660706 0
14.00000000012367 1.732050807554885 0
14.12500000012483 1.515544456607771 0
14.25000000012914 1.732050807553005 0
14.50000000012469 1.732050807552909 0
14.37500000012895 1.948557158490838 0
14.62500000012737 1.515544456607419 0
14.75000000012582 1.732050807549816 0
14.87500000012866 1.515544456606913 0
15.0000000001301 1.73205080755163 0
15.25000000013141 1.732050807553476 0
15.37500000013206 1.515544456607679 0
15.50000000013272 1.732050807553891 0
15.75000000013381 1.732050807555535 0
15.87500000013487 1.515544456608423 0
16.00000000013546 1.73205080755425 0
16.25000000013691 1.732050807554056 0
25.25000000014735 0.8660254037755097 0
25.37500000014757 0.6495190528294594 0
25.62500000014681 0.6495190528300967 0
25.12500000014444 0.6495190528324901 0
25.50000000014663 0.4330127018847401 0
25.25000000014324 0.4330127018870193 0
15.62500000013458 2.814582562249552 0
15.50000000013339 3.031088913196094 0
15.25000000013245 3.031088913195324 0
15.37500000013481 3.247595264141977 0
15.12500000013432 3.24759526414115 0
15.62500000013614 3.247595264142602 0
15.75000000013492 3.031088913196707 0
16.00000000013547 3.031088913197556 0
15.8750000001371 3.24759526414327 0
16.12500000013781 3.247595264144029 0
16.25000000013684 3.031088913198147 0
16.37500000013885 3.247595264144634 0
17.87500000005421 7.144709581177162 0
18.0000000000484 7.361215932123377 0
27.37500000004284 7.144709581203703 0
27.50000000003606 7.361215932149859 0
11.87500000006028 7.144709581160386 0
11.75000000005863 7.36121593210617 0
11.50000000006059 7.36121593210526 0
25.25000000014128 4.330127018899702 0
25.12500000014066 4.546633369845281 0
24.87500000014084 4.546633369844592 0
25.00000000014015 4.763139720790871 0
25.37500000014051 4.546633369846191 0
24.75000000013759 4.763139720788706 0
24.87500000013978 4.979646071736521 0
25.12500000012227 4.979646071742051 0
24.62500000014056 4.546633369843662 0
24.50000000013721 4.763139720787767 0
24.37500000014056 4.546633369842948 0
24.25000000013733 4.763139720787085 0
24.37500000011691 4.979646071734419 0
24.12500000014069 4.546633369842334 0
24.00000000013754 4.763139720786533 0
23.87500000014087 4.546633369841787 0
23.75000000012828 4.763139720784871 0
23.8750000001321 4.979646071734017 0
23.62500000013693 4.546633369838634 0
11.00000000012661 4.330127018853331 0
11.12500000012609 4.546633369800253 0
11.37500000012655 4.546633369801049 0
11.25000000012558 4.763139720747104 0
10.8750000001255 4.546633369799405 0
11.50000000012422 4.763139720746882 0
11.37500000011901 4.979646071695068 0
11.62500000012664 4.546633369801678 0
11.75000000012426 4.763139720747475 0
11.12500000012481 4.979646071693075 0
11.87500000012696 4.546633369802474 0
12.00000000012632 4.763139720749262 0
11.87500000012593 4.9796460716955 0
12.12500000012011 4.97964607169744 0
12.25000000012458 4.763139720749551 0
10.75000000012597 4.33012701885259 0
10.62500000012497 4.546633369798553 0
10.37500000012448 4.54663336979767 0
10.50000000012397 4.763139720744531 0
10.25000000012197 4.763139720742736 0
10.12500000012382 4.546633369796629 0
10.0000000001213 4.763139720741702 0
10.37500000012298 4.979646071690497 0
10.62500000011756 4.979646071692613 0
10.75000000012173 4.763139720744689 0
9.875000000123277 4.546633369795747 0
9.75000000012248 4.763139720741777 0
9.875000000116547 4.979646071689966 0
9.62500000012203 4.979646071687966 0
9.500000000120291 4.763139720740238 0
12.62500000005926 7.144709581162528 0
12.50000000005748 7.361215932108374 0
12.25000000005965 7.361215932107448 0
12.1250000000599 7.144709581161083 0
26.62500000014683 1.51554445661506 0
26.75000000014692 1.732050807560802 0
26.50000000014703 1.732050807560475 0
26.25000000014692 1.732050807559789 0
36.12500000012299 4.113620667958837 0
36.3750000001225 4.113620667958729 0
18.875000000054 7.144709581179876 0
18.75000000005129 7.361215932126264 0
18.50000000005455 7.361215932125254 0
34.00000000014998 2.598076211301612 0
34.25000000014943 2.598076211302857 0
6.000000000115394 4.330127018836056 0
6.12500000011485 4.546633369782953 0
6.375000000115266 4.546633369783845 0
6.250000000113202 4.763139720729205 0
6.500000000113376 4.763139720730027 0
6.000000000112323 4.763139720728131 0
6.125000000113324 4.979646071675763 0
6.62500000011549 4.546633369784641 0
6.750000000114744 4.763139720731559 0
6.62500000011398 4.979646071677619 0
6.875000000109617 4.979646071679828 0
7.000000000113687 4.763139720732168 0
5.875000000113783 4.546633369781782 0
43.00000000009451 6.49519052839228 0
42.75000000009439 6.49519052839154 0
42.87500000009369 6.278684177444898 0
42.62500000009305 6.711696879336476 0
42.50000000010346 6.495190528385228 0
45.50000000011362 0.8660254037912042 0
45.50000000009423 7.794228634073353 0
3.375000000054407 0.2165063509343095 0
11.00000000012286 4.76313972074519 0
26.37500000014453 2.81458256228252 0
26.50000000014396 3.031088913228848 0
26.75000000014388 3.031088913229402 0
26.25000000014401 3.031088913228145 0
26.3750000001437 3.247595264174444 0
26.12500000014376 3.247595264173744 0
26.00000000014412 3.031088913227506 0
25.87500000014368 3.247595264173058 0
25.75000000014428 3.031088913226788 0
25.62500000014376 3.247595264172233 0
25.50000000014439 3.031088913225894 0
25.37500000014412 3.247595264171281 0
25.75000000014351 3.464101615118365 0
25.25000000014455 3.031088913224892 0
25.12500000014378 3.24759526417042 0
26.62500000014367 3.247595264175086 0
26.87500000014354 3.247595264175406 0
27.00000000014387 3.031088913229953 0
27.12500000014341 3.247595264175962 0
26.12500000014465 2.81458256228158 0
27.00000000014304 3.464101615121671 0
27.25000000014287 3.46410161512233 0
27.3750000001433 3.247595264176444 0
27.50000000014275 3.464101615122836 0
27.6250000001431 3.247595264176878 0
27.75000000014257 3.464101615123361 0
27.87500000014335 3.247595264177996 0
28.00000000014267 3.464101615124844 0
0.8801948709001165 4.116743190666595 0
0.7651360482314887 3.894246235046738 0
24.37500000014506 2.814582562275803 0
24.25000000014435 3.031088913221428 0
24.00000000014447 3.031088913220564 0
24.12500000014382 3.247595264166935 0
23.87500000014439 3.247595264165903 0
24.37500000014391 3.247595264167885 0
24.50000000014433 3.031088913222268 0
24.62500000014413 3.247595264168734 0
24.75000000014431 3.03108891322311 0
24.87500000014417 3.247595264169552 0
25.00000000014446 3.031088913223929 0
35.37500000012472 4.113620667954256 0
35.62500000012395 4.113620667956992 0
32.00000000013625 4.763139720809865 0
1.000000000081319 2.598076211259137 0
38.25000000013335 5.196152422704104 0
38.37500000012398 4.979646071757842 0
23.50000000003262 8.227241335920006 0
49.77960938027891 1.872660567879603 0
16.37500000008107 5.845671475493774 0
16.25000000007976 6.06217782643909 0
16.00000000008021 6.062177826438732 0
16.1250000000777 6.278684177385768 0
15.87500000007976 6.278684177384557 0
15.75000000007953 6.062177826437699 0
16.50000000007981 6.062177826439665 0
16.75000000008002 6.062177826440288 0
16.62500000008024 6.278684177386528 0
14.62500000013049 2.814582562246823 0
14.50000000012931 3.031088913193113 0
14.25000000012839 3.031088913192374 0
14.37500000012956 3.247595264139331 0
14.1250000001286 3.247595264138206 0
14.62500000013221 3.247595264139822 0
14.00000000012774 3.031088913191495 0
13.87500000012763 3.247595264137229 0
14.2500000001314 3.464101615084299 0
13.75000000012673 3.031088913190899 0
13.62500000012563 3.24759526413715 0
11.37500000006098 7.144709581158993 0
11.12500000006122 7.144709581158239 0
11.00000000006019 7.361215932103974 0
10.75000000006157 7.361215932103125 0
10.62500000006198 7.144709581156894 0
10.37500000006221 7.144709581156146 0
10.25000000006092 7.361215932101873 0
10.00000000006249 7.361215932100983 0
17.37500000014266 1.51554445660889 0
17.50000000014307 1.732050807555913 0
17.750000000144 1.73205080755603 0
17.25000000014209 1.732050807555844 0
17.00000000014115 1.73205080755432 0
16.87500000014029 1.515544456608416 0
16.75000000013954 1.73205080755414 0
16.50000000013834 1.732050807553716 0
3.000000000073332 6.928203230188903 0
3.125000000072711 7.14470958113531 0
3.000000000072151 7.361215932081029 0
3.250000000072042 7.361215932081667 0
3.375000000072723 7.144709581135867 0
3.500000000072055 7.361215932082176 0
3.375000000071416 7.577722283027969 0
7.375000000065949 7.144709581147836 0
7.250000000065318 7.361215932093385 0
7.000000000065937 7.3612159320927 0
6.875000000066484 7.144709581146487 0
12.8750000000589 7.144709581163228 0
27.00000000014416 0.4330127018893539 0
45.25000000011423 3.031088913257223 0
11.12393752039284 9.310452762016352 0
10.99854414038387 9.533371272450003 0
10.74794450231521 9.530566987751993 0
11.24894589460929 9.538266671139816 0
10.87434840655781 9.762573754203723 0
10.48988131444572 9.55785857322903 0
10.61065603269834 9.326611812233336 0
11.12438244754526 9.767333689886327 0
10.37289830590443 9.781615572368981 0
10.24485253262982 9.564823171930302 0
11.37398667996646 9.312798762951473 0
17.50000000014093 4.33012701887536 0
17.6250000001404 4.546633369822153 0
17.87500000014074 4.546633369823038 0
17.75000000013981 4.763139720768955 0
17.37500000014006 4.546633369821363 0
18.00000000014011 4.76313972076693 0
18.12500000014106 4.546633369823426 0
18.25000000014039 4.763139720767268 0
17.87500000012349 4.979646071715593 0
17.62500000013348 4.979646071715291 0
18.37500000014136 4.546633369824082 0
18.50000000014067 4.763139720770926 0
18.37500000012502 4.979646071716262 0
18.62500000012171 4.979646071718347 0
18.7500000001379 4.763139720769664 0
17.25000000014042 4.330127018874487 0
17.12500000013939 4.546633369820443 0
16.87500000013883 4.54663336981946 0
17.00000000013823 4.763139720766386 0
16.75000000013532 4.763139720764081 0
16.6250000001379 4.546633369818364 0
16.5000000001342 4.763139720763104 0
16.87500000013704 4.979646071712312 0
17.1250000001271 4.979646071714971 0
17.25000000013451 4.763139720766204 0
6.625000000097911 2.814582562222818 0
6.750000000097772 3.031088913169742 0
7.000000000098655 3.031088913170532 0
6.875000000099366 3.247595264115919 0
7.125000000100471 3.24759526411653 0
7.250000000099857 3.03108891317104 0
7.375000000101407 3.247595264117221 0
7.000000000105135 3.464101615062093 0
6.625000000099033 3.247595264114756 0
7.500000000100821 3.031088913171792 0
7.625000000100487 3.247595264118996 0
7.500000000108715 3.464101615064705 0
7.75000000011147 3.464101615066641 0
7.875000000108766 3.24759526412424 0
6.500000000097561 3.031088913168548 0
6.500000000103508 3.464101615060491 0
37.62500000012734 3.680607966065145 0
23.12500000014457 3.680607966054811 0
23.25000000014509 3.464101615109114 0
23.00000000014526 3.464101615108489 0
23.12500000014568 3.24759526416283 0
22.87500000014564 3.247595264162313 0
23.37500000014544 3.247595264163687 0
23.50000000014477 3.464101615110138 0
44.25000000012137 0.8660254037820889 0
44.3750000001216 0.6495190528383883 0
44.25000000012428 0.4330127018927341 0
44.50000000011121 0.4330127018911828 0
41.50000000012795 3.031088913242615 0
41.6250000001247 2.814582562289995 0
41.37500000012672 2.814582562290664 0
28.00000000004857 6.495190528367635 0
27.87500000004939 6.278684177421304 0
27.62500000004957 6.278684177421323 0
27.75000000005019 6.062177826474969 0
28.00000000005477 6.06217782647507 0
17.87500000014456 1.515544456609087 0
18.00000000014489 1.732050807555993 0
18.25000000014723 1.73205080754946 0
43.12500000012495 0.6495190528331025 0
42.87500000011643 0.6495190528258463 0
43.00000000008334 0.43301270188067 0
14.75000000013079 3.031088913193846 0
14.87500000013416 3.247595264140334 0
7.625000000065674 7.144709581148516 0
7.750000000065108 7.361215932094722 0
8.000000000064212 7.361215932095492 0
39.25000000008843 6.495190528386782 0
39.12500000009097 6.278684177438476 0
39.37500000008655 6.711696879332185 0
3.500000000090219 1.299038105585357 0
45.25000000009793 6.495190528394525 0
45.12500000010957 6.278684177443775 0
45.00000000010034 6.495190528394649 0
44.8750000000967 6.711696879340746 0
2.000000000080515 3.031088913153945 0
1.875000000079842 3.247595264099836 0
2.12500000008008 3.247595264100537 0
1.625000000079741 3.247595264099112 0
1.75000000007933 3.464101615045797 0
1.500000000079282 3.464101615045028 0
2.750000000072255 7.361215932080416 0
2.875000000071641 7.577722283026749 0
2.625000000071652 7.577722283026156 0
39.9999443363839 9.093665273438408 0
15.75000000013723 4.33012701886926 0
15.62500000013627 4.546633369815363 0
15.3750000001358 4.546633369814555 0
15.50000000013536 4.763139720761427 0
15.87500000013674 4.546633369816207 0
15.25000000013269 4.76313972075937 0
15.3750000001345 4.979646071707473 0
15.62500000012485 4.979646071709944 0
15.12500000013497 4.546633369813563 0
15.00000000013184 4.763139720758373 0
14.87500000013438 4.546633369812708 0
14.75000000013039 4.763139720757374 0
14.87500000011332 4.97964607170577 0
14.6250000001327 4.546633369811715 0
16.00000000013775 4.330127018870097 0
16.12500000013718 4.546633369817046 0
16.00000000013386 4.763139720761766 0
16.25000000013571 4.76313972076345 0
16.12500000013557 4.979646071709985 0
16.37500000012549 4.979646071712326 0
13.00000000013105 4.330127018860223 0
12.87500000012995 4.546633369806243 0
13.00000000012766 4.763139720752009 0
12.75000000012889 4.763139720752164 0
12.87500000012224 4.979646071700305 0
12.62500000012852 4.979646071698471 0
12.50000000012601 4.763139720750108 0
12.62500000012903 4.546633369805121 0
13.25000000012791 4.763139720752585 0
15.62500000008063 5.845671475491543 0
15.5000000000793 6.062177826436966 0
15.25000000007983 6.062177826436709 0
15.37500000007745 6.278684177383675 0
15.12500000007946 6.278684177382534 0
15.00000000007907 6.062177826435854 0
15.12500000008027 5.845671475490454 0
14.87500000008007 5.84567147548981 0
14.75000000007869 6.06217782643507 0
14.50000000007922 6.062177826434487 0
14.6250000000767 6.278684177381578 0
14.37500000007678 6.278684177380579 0
14.25000000007829 6.06217782643372 0
45.75000000010355 5.629165124608083 0
16.62500000013868 2.814582562252391 0
16.500000000138 3.031088913198782 0
16.75000000013857 3.031088913199552 0
16.62500000013957 3.247595264145155 0
16.87500000013939 3.247595264146134 0
17.00000000013959 3.031088913200114 0
17.12500000013906 3.247595264147328 0
17.00000000014062 3.464101615092084 0
8.25000000006022 8.227241335877917 0
8.124971444616165 8.44377028263826 0
7.874995240825616 8.443751452791746 0
7.74999920685597 8.227241963538022 0
7.499999867861477 8.227241440486008 0
7.375009165083467 8.44385408664694 0
8.500000000059789 8.227241335878468 0
8.62500000006392 8.4437476868245 0
8.875000436975473 8.443750220924038 0
9.000000072878025 8.227241758229713 0
9.250000012194469 8.227241406272174 0
9.375000002084402 8.443747698558456 0
9.625009187076735 8.443854071702624 0
9.750001531226578 8.227259066694494 0
10.00000025525089 8.227244291018 0
10.12500004259178 8.443748179351058 0
10.37497142978325 8.443770389696617 0
10.49999523834267 8.227245119695203 0
10.74999920643524 8.227241966519827 0
10.87499986778718 8.443747791936337 0
11.12499673609752 8.443755875409778 0
11.24999945606003 8.227242700649091 0
11.49999990938644 8.227241563347164 0
11.62499998494369 8.443747724742529 0
11.87497144208684 8.443770288965448 0
11.99999524038989 8.227245102910086 0
12.24999920677308 8.22724196372571 0
12.37499986783948 8.443747791473966 0
0.2165063509464166 8.124999999997101 0
17.62500000008191 5.84567147549709 0
17.50000000008052 6.062177826442454 0
17.25000000008098 6.062177826442171 0
17.37500000007839 6.278684177389268 0
17.12500000008057 6.278684177388079 0
17.75000000008055 6.062177826443045 0
18.00000000008075 6.062177826443735 0
17.87500000008087 6.278684177390017 0
17.00000000008014 6.062177826440983 0
17.1250000000814 5.84567147549571 0
29.62526427821479 8.876842631490353 0
28.12500000004994 6.278684177422961 0
4.000000000092458 1.29903810558675 0
9.875000000062972 7.14470958115479 0
9.625000000063206 7.144709581154064 0
9.500000000062327 7.361215932099689 0
9.250000000063418 7.361215932098864 0
9.125000000063938 7.144709581152687 0
8.875000000064176 7.144709581151957 0
8.750000000063388 7.361215932097563 0
8.500000000064318 7.361215932096765 0
14.87500000005652 7.144709581168835 0
14.7500000000543 7.361215932114867 0
14.50000000005704 7.361215932113945 0
14.37500000005716 7.144709581167498 0
15.12500000005605 7.144709581169431 0
15.25000000005106 7.361215932115667 0
44.62500000011517 0.6495190528412774 0
36.00000000013129 3.897114316999316 0
43.87500000009432 6.711696879339058 0
18.12500089522153 9.309778282668692 0
17.99975813443075 9.532645929895018 0
17.75000000003802 9.526279441573831 0
18.25111540649547 9.544709996757867 0
17.87486129382278 9.756649829766841 0
17.50097348049617 9.558669185342049 0
17.11777082420552 9.343746436642302 0
18.12444948870333 9.774427857892611 0
18.50245826817575 9.551117012955565 0
18.6264073652547 9.780973912766186 0
18.75523252392928 9.560656294916836 0
18.87946256652762 9.331747320941007 0
19.00618003154538 9.561681301997094 0
17.62498848963181 9.312940569036506 0
13.37500000012539 2.814582562242988 0
13.50000000012554 3.031088913190185 0
13.25000000012456 3.031088913189657 0
13.37500000012587 3.247595264136189 0
13.12500000012488 3.247595264135539 0
13.50000000012924 3.464101615082496 0
13.00000000012382 3.031088913189138 0
12.8750000001229 3.247595264135772 0
12.75000000012274 3.031088913189042 0
12.62500000012334 3.247595264135083 0
12.50000000012204 3.031088913188798 0
12.37500000012239 3.247595264134587 0
12.75000000012703 3.46410161508102 0
12.250000000121 3.03108891318875 0
12.12500000012025 3.24759526413507 0
12.00000000012008 3.031088913188314 0
11.87500000012098 3.247595264134308 0
11.75000000011955 3.031088913188132 0
11.62500000012 3.247595264133744 0
12.00000000012488 3.464101615079957 0
11.50000000011863 3.031088913187769 0
11.37500000011769 3.247595264134227 0
11.25000000011752 3.031088913187415 0
11.12500000011861 3.2475952641334 0
11.00000000011704 3.031088913187328 0
10.87500000011762 3.247595264132753 0
11.25000000012271 3.464101615078818 0
10.75000000011616 3.031088913186888 0
10.62500000011518 3.247595264133312 0
10.50000000011495 3.031088913186506 0
10.37500000011631 3.247595264132482 0
10.25000000011446 3.031088913186737 0
10.12500000011524 3.247595264131848 0
10.50000000012063 3.464101615077595 0
10.00000000011367 3.031088913185918 0
9.87500000011263 3.24759526413244 0
9.750000000112369 3.031088913185615 0
9.625000000113975 3.247595264131589 0
9.500000000112008 3.031088913185988 0
9.375000000112856 3.247595264130928 0
9.750000000118504 3.464101615076419 0
9.250000000111193 3.031088913185066 0
9.12500000011007 3.247595264131583 0
9.000000000109797 3.031088913184714 0
8.875000000111633 3.247595264130661 0
8.750000000109583 3.031088913185161 0
8.625000000110486 3.247595264129922 0
9.000000000116373 3.464101615075257 0
8.500000000108763 3.031088913184868 0
8.375000000107535 3.247595264130738 0
8.250000000107956 3.031088913184553 0
8.125000000106267 2.81458256223311 0
8.625000000108082 2.814582562235886 0
9.375000000110807 2.814582562236727 0
8.125000000110656 3.247595264128895 0
8.250000000114461 3.464101615073883 0
10.12500000011352 2.814582562237922 0
10.87500000011626 2.814582562239118 0
11.62500000011898 2.814582562240329 0
12.37500000012163 2.814582562241631 0
12.25000000012919 4.330127018857637 0
15.00000000013262 3.03108891319437 0
15.12500000013275 2.814582562248079 0
27.62500000014404 2.814582562286086 0
4.875000000104654 4.546633369781443 0
4.750000000101369 4.76313972072906 0
4.625000000090409 4.979646071676753 0
3.250000000085536 2.165063509371751 0
3.125000000084574 2.381569860318219 0
2.875000000084028 2.381569860317601 0
3.000000000083417 2.598076211264391 0
47.6250000000874 4.979646071767317 0
18.5000136554004 8.660333238511738 0
18.37500271284775 8.443763421061476 0
8.000000000119911 4.330127018843083 0
8.125000000119396 4.546633369790039 0
8.375000000119886 4.546633369790856 0
8.250000000118941 4.763139720736906 0
7.87500000011879 4.546633369789175 0
8.500000000117963 4.763139720736918 0
8.375000000113207 4.979646071684923 0
8.625000000120048 4.546633369791532 0
8.750000000118073 4.763139720737579 0
8.125000000118128 4.979646071682908 0
8.875000000120412 4.546633369792342 0
9.000000000119751 4.763139720739181 0
8.875000000119204 4.979646071685347 0
9.12500000011422 4.979646071687378 0
9.250000000118115 4.763139720739423 0
7.750000000119213 4.330127018842255 0
7.625000000118201 4.546633369788311 0
7.750000000116522 4.763139720734491 0
7.500000000117176 4.763139720734286 0
7.625000000111862 4.979646071682461 0
7.375000000116606 4.979646071680493 0
7.250000000114976 4.763139720732748 0
8.000000000116888 4.76313972073518 0
13.50000000004629 8.227241335892135 0
13.75000000004603 8.227241335892737 0
13.8750000000477 8.443747686838009 0
39.87500000013175 1.948557158493475 0
29.5000000001415 3.464101615129469 0
1.250000000080725 1.732050807473037 0
0.2156883866500713 8.874999999998323 0
0.4143551693397419 8.995222107474504 0
0.4093526138695137 8.748561979880602 0
0.2165063509464277 8.624999999997973 0
27.75000000013991 4.330127018908351 0
27.62500000013906 4.546633369853925 0
27.37500000013911 4.546633369852886 0
27.50000000013517 4.763139720797769 0
27.75000000013475 4.763139720798578 0
27.25000000013485 4.763139720796772 0
27.3750000001141 4.979646071743769 0
27.87500000013845 4.546633369854458 0
28.00000000013742 4.763139720800204 0
27.8750000001371 4.979646071747156 0
28.12500000011798 4.979646071747774 0
12.50000000012982 4.330127018858368 0
12.37500000012769 4.546633369804078 0
5.125000000065461 8.443747686816014 0
5.375000000064954 8.443747686816668 0
9.500000000123348 4.330127018848311 0
9.250000000122579 4.330127018847507 0
9.375000000121441 4.546633369794035 0
5.250000000084405 1.299038105643408 0
10.62500000007855 5.845671475478222 0
10.75000000007804 6.062177826424554 0
11.0000000000778 6.06217782642498 0
10.50000000007723 6.062177826424291 0
10.87500000007626 6.278684177371312 0
10.6250000000776 6.278684177370302 0
7.375000000077186 5.845671475469759 0
7.250000000076428 6.062177826415436 0
7.00000000007656 6.062177826414903 0
7.500000000076458 6.062177826416061 0
7.125000000075371 6.278684177361557 0
6.875000000076112 6.278684177360724 0
6.750000000076164 6.062177826414148 0
7.625000000077248 5.84567147547044 0
7.750000000076655 6.062177826416862 0
8.000000000076522 6.06217782641753 0
7.875000000075282 6.278684177363571 0
8.125000000077394 5.845671475471937 0
8.250000000076716 6.06217782641849 0
8.375000000077492 5.845671475472679 0
8.500000000076955 6.062177826419188 0
8.750000000076799 6.062177826419732 0
8.625000000075559 6.278684177365918 0
8.375000000076502 6.278684177365284 0
8.87500000007768 5.845671475474149 0
9.000000000076891 6.062177826420768 0
9.125000000077769 5.845671475474999 0
9.250000000077366 6.062177826421491 0
9.500000000077195 6.062177826421774 0
9.375000000076078 6.278684177368241 0
9.125000000073378 6.278684177368127 0
9.625000000077973 5.845671475476152 0
9.750000000077005 6.06217782642258 0
9.875000000078019 5.845671475477096 0
10.00000000007708 6.062177826423697 0
9.875000000076252 6.278684177369407 0
10.12500000007473 6.278684177370823 0
10.25000000007655 6.062177826424024 0
27.50000000014604 2.165063509448025 0
3.875000000067619 8.443747686812838 0
3.750009026561778 8.660246265205751 0
3.500001504484191 8.660252742332309 0
12.75000000004832 8.227241335890108 0
30.62500000013699 4.979646071753251 0
31.75000000002407 8.227241335936426 0
13.37500000007953 5.845671475485548 0
13.25000000007843 6.062177826430983 0
13.00000000007883 6.06217782643049 0
13.50000000007837 6.062177826431673 0
13.1250000000767 6.278684177377436 0
12.87500000007679 6.278684177376645 0
12.75000000007807 6.062177826429676 0
13.6250000000795 5.84567147548627 0
13.75000000007878 6.06217782643265 0
13.62500000007812 6.278684177378422 0
13.87500000007643 6.278684177379744 0
14.00000000007798 6.062177826433111 0
4.375000000066792 8.443747686814136 0
4.249999954588711 8.66033947177101 0
46.50000000010895 0.8660254037986805 0
46.62500000010752 1.082531754744054 0
34.25000000015593 1.299038105631835 0
22.87500000004802 7.144709581191276 0
23.00000000004175 7.361215932137902 0
12.12500000007908 5.845671475482217 0
12.25000000007855 6.06217782642854 0
12.00000000007807 6.062177826427665 0
12.125000000078 6.278684177374258 0
12.37500000007648 6.278684177375379 0
8.375000000064858 7.144709581150619 0
8.125000000064972 7.144709581149919 0
45.37500000010389 4.113620667989494 0
4.625000000066379 8.443747686814763 0
4.749999371789661 8.66032200432263 0
42.62543126207571 8.865967998731252 0
5.999797382222546 9.093980759767504 0
7.000000000117432 4.330127018839735 0
7.250000000118086 4.330127018840603 0
7.12500000011632 4.546633369786413 0
15.25000000013612 4.330127018867556 0
7.375000000117237 4.546633369787301 0
19.00000000014672 2.165063509419961 0
18.8750000001472 1.948557158473114 0
19.12500000014913 1.948557158477784 0
18.62500000014737 1.948557158474033 0
3.125000000068811 8.443747686810916 0
3.000012658479704 8.660262379811844 0
12.62500000007924 5.845671475483442 0
12.50000000007782 6.062177826429012 0
30.87500000014169 2.381569860402553 0
7.625000000076101 6.278684177362599 0
24.50000000003107 8.227241335922329 0
3.375000000080642 3.680607965996572 0
3.250000000079769 3.897114316942612 0
26.75000000014045 4.330127018905007 0
26.62500000013959 4.54663336985054 0
26.37500000013961 4.546633369849481 0
26.50000000013583 4.763139720794372 0
26.75000000013533 4.763139720795231 0
26.25000000012877 4.763139720796977 0
26.12500000013387 4.546633369851245 0
26.0000000001208 4.763139720795902 0
26.37500000010599 4.979646071744916 0
26.87500000013893 4.546633369851122 0
28.37500000004635 7.144709581206685 0
28.25000000004055 7.361215932152251 0
28.00000000003886 7.361215932150963 0
19.00000000003805 8.227241335907035 0
36.87500000014291 1.948557158479386 0
36.75000000014889 1.73205080753089 0
10.37500000007807 5.845671475477901 0
24.62621508145154 9.318505955593393 0
24.75000000002814 9.526279441596625 0
25.000336017728 9.529282710551694 0
24.87507191473743 9.756421700336645 0
25.25469661672454 9.554622298101918 0
25.37709962232187 9.781206242728798 0
25.50410538697626 9.559704662662533 0
25.63391055658229 9.340389028143663 0
3.250000000073329 6.928203230189479 0
11.87500000007893 5.845671475481425 0
11.75000000007791 6.062177826426941 0
11.50000000007829 6.062177826426435 0
11.62500000007639 6.278684177373333 0
11.37500000007648 6.278684177372542 0
11.25000000007761 6.062177826425629 0
6.125000000076298 5.845671475466553 0
6.250000000074938 6.062177826413336 0
6.50000000007595 6.062177826413548 0
6.375000000072282 6.278684177360512 0
6.00000000007464 6.062177826412785 0
39.37500000012713 3.680607966067152 0
19.75000000014739 2.165063509422499 0
19.625000000148 1.948557158478071 0
19.87500000014818 1.948557158477915 0
19.37500000014968 1.948557158477289 0
19.50000000015173 1.732050807538911 0
18.87500000008318 5.845671475500367 0
18.75000000008151 6.06217782644574 0
18.50000000008202 6.062177826445502 0
19.00000000008142 6.062177826446291 0
18.62500000007835 6.278684177392875 0
18.37500000008162 6.278684177391493 0
18.25000000008095 6.062177826444366 0
1.750000000078409 3.897114316938458 0
1.625000000078866 3.680607965991831 0
1.500070556762692 6.92824396610951 0
1.75001175952113 6.928210019506784 0
1.875001959981519 6.711698010793629 0
2.000002286632499 6.928204550332254 0
1.62500664228954 7.144713416017884 0
20.37500000005066 7.144709581184484 0
20.5000000000511 7.361215932130241 0
12.62500041493089 8.443750238220975 0
24.62500000014373 3.680607966060119 0
26.50000000005004 6.495190528363239 0
26.62500000005066 6.278684177418453 0
26.87500000005482 6.27868417741846 0
26.75000000006349 6.062177826470067 0
26.37500000005297 6.27868417742004 0
13.00000000004782 8.227241335890689 0
13.12500000004989 8.443747686836391 0
16.12500000005509 7.144709581172247 0
16.25000000004976 7.361215932118491 0
23.7500000001413 4.330127018894761 0
17.1250000000547 7.144709581175299 0
17.00000000005093 7.361215932121567 0
16.75000000004966 7.361215932120665 0
16.62500000005397 7.144709581173831 0
46.1250000000999 4.979646071773168 0
21.50000000003506 8.227241335914368 0
0.8792022438623849 3.681597169243926 0
3.37500025080456 8.443747470907319 0
27.7500000001465 1.732050807561036 0
15.75000000004283 8.227241335898285 0
32.00000000013681 3.897114317025245 0
32.25000000013296 3.897114317021505 0
27.0000000001343 4.763139720795597 0
26.87500000011436 4.979646071742159 0
14.75000000013478 4.330127018865969 0
14.50000000013406 4.330127018865127 0
41.37500000011369 4.113620667976669 0
35.62500000008272 6.711696879325495 0
35.50000000008936 6.495190528376612 0
35.75000000008795 6.49519052837873 0
13.12500000012454 2.814582562242631 0
27.75000000002644 8.227241335929344 0
27.62501666445313 8.443835741847462 0
15.87500000008066 5.845671475492383 0
15.00000000004366 8.22724133589597 0
15.25000000004232 8.22724133589665 0
15.37500000004324 8.443747686842038 0
30.25000000014065 3.464101615131142 0
14.25000000004592 8.227241335894108 0
30.62500000009604 6.278684177424812 0
29.00000000014543 2.165063509453235 0
34.41238474353504 9.801793195397227 0
44.41044985601189 9.817504207722234 0
4.000000000077618 5.196152422622375 0
27.75000000014599 2.165063509449042 0
17.37500000014135 2.814582562254516 0
17.25000000014025 3.031088913200894 0
17.50000000014099 3.031088913201672 0
17.37500000014052 3.247595264147312 0
17.62500000014128 3.247595264148242 0
17.75000000014172 3.031088913202379 0
17.87500000014133 3.24759526414913 0
17.75000000014231 3.464101615094256 0
18.00000000014222 3.031088913203127 0
18.12500000014226 3.247595264149548 0
18.25000000014277 3.031088913203818 0
18.3750000001428 3.247595264150434 0
18.50000000014322 3.031088913204579 0
18.62500000014269 3.247595264151342 0
18.5000000001435 3.464101615096598 0
18.75000000014353 3.031088913205481 0
18.87500000014349 3.247595264152024 0
19.0000000001439 3.031088913206291 0
19.12500000014442 3.247595264152795 0
19.2500000001442 3.031088913207109 0
19.37500000014477 3.247595264153535 0
19.50000000014435 3.031088913207883 0
19.62500000014494 3.247595264154247 0
19.75000000014451 3.031088913208587 0
19.87500000014505 3.247595264154982 0
20.00000000014466 3.031088913209331 0
20.12500000014512 3.247595264155735 0
20.25000000014476 3.031088913210093 0
20.37500000014514 3.247595264156488 0
20.50000000014477 3.031088913210886 0
20.62500000014516 3.247595264157241 0
20.75000000014486 3.031088913211621 0
20.8750000001452 3.247595264157951 0
21.00000000014481 3.031088913212342 0
21.12500000014519 3.247595264158612 0
21.25000000014473 3.031088913212974 0
21.37500000014514 3.247595264159236 0
21.50000000014468 3.031088913213563 0
21.62500000014505 3.247595264159853 0
21.75000000014465 3.031088913214172 0
21.8750000001448 3.247595264160373 0
22.00000000014462 3.031088913214733 0
22.12500000014408 3.247595264161094 0
22.25000000014462 3.031088913215339 0
22.37500000014393 3.247595264161776 0
22.25000000014436 3.464101615107325 0
18.37500000014369 2.814582562257569 0
17.62500000014202 2.814582562255289 0
19.37500000014501 2.814582562260849 0
22.50000000014327 3.46410161510812 0
22.62500000014438 3.247595264162246 0
14.50000000004404 8.22724133589489 0
14.62500000004542 8.443747686840096 0
29.62500000013864 4.54663336985932 0
33.50000000002791 7.794228634044792 0
33.3750000000351 7.577722283102695 0
33.62500000003902 7.577722283102624 0
19.75000000014329 4.330127018882765 0
19.87500000014274 4.546633369829335 0
20.12500000014288 4.546633369830033 0
20.00000000014226 4.763139720772871 0
20.25000000014155 4.763139720774751 0
19.75000000014211 4.763139720771729 0
19.87500000012965 4.979646071715301 0
19.6250000001424 4.546633369828451 0
19.50000000014202 4.763139720771204 0
19.37500000014242 4.546633369827676 0
19.25000000014198 4.763139720773919 0
19.37500000013083 4.979646071717386 0
19.12500000013066 4.979646071715457 0
19.12500000014214 4.546633369827919 0
19.00000000013904 4.763139720769262 0
2.750000000075615 6.062177826403586 0
17.37500000005436 7.144709581175833 0
17.50000000004868 7.36121593212203 0
37.37500000008222 6.711696879329073 0
37.25000000009911 6.495190528376134 0
37.50000000010141 6.495190528379431 0
6.625000000047103 0.2165063509476324 0
6.750000000051832 0.433012701892992 0
7.000000000049463 0.433012701894396 0
6.875000000064383 0.6495190528375756 0
7.125000000050544 0.2165063509475077 0
7.250000000054297 0.43301270189244 0
7.375000000052805 0.2165063509471772 0
7.500000000057466 0.4330127018925827 0
7.750000000054754 0.4330127018949732 0
7.625000000069225 0.6495190528377612 0
7.87500000005581 0.216506350947797 0
8.00000000005952 0.4330127018930191 0
8.125000000058069 0.2165063509474631 0
8.250000000062814 0.4330127018930475 0
8.500000000060094 0.4330127018954257 0
8.375000000074239 0.6495190528381161 0
8.625000000061139 0.2165063509479929 0
8.75000000006486 0.4330127018933534 0
8.875000000063395 0.2165063509476206 0
9.000000000068171 0.4330127018933066 0
9.250000000065489 0.4330127018954885 0
9.125000000079247 0.6495190528382759 0
9.375000000066496 0.2165063509480067 0
9.500000000070155 0.4330127018933779 0
9.625000000068734 0.2165063509476119 0
9.750000000073399 0.4330127018933344 0
10.00000000007084 0.4330127018953723 0
9.875000000084102 0.6495190528383128 0
10.12500000007183 0.2165063509479701 0
10.25000000007539 0.4330127018933768 0
10.37500000007405 0.2165063509475947 0
10.50000000007859 0.4330127018933672 0
10.75000000007616 0.4330127018953804 0
10.62500000008893 0.6495190528383985 0
10.87500000007716 0.2165063509479855 0
11.00000000008065 0.433012701893503 0
11.12500000007938 0.2165063509476207 0
11.25000000008386 0.4330127018934701 0
11.50000000008152 0.4330127018953756 0
11.37500000009383 0.6495190528384854 0
11.62500000008251 0.2165063509479631 0
11.75000000008589 0.4330127018934968 0
11.8750000000847 0.2165063509476186 0
12.00000000008903 0.4330127018935057 0
12.25000000008682 0.4330127018951099 0
12.12500000009865 0.6495190528385357 0
12.37500000008783 0.2165063509479137 0
12.50000000009111 0.4330127018934912 0
12.62500000009001 0.216506350947587 0
12.75000000009424 0.4330127018935215 0
13.00000000009215 0.4330127018950469 0
12.87500000010349 0.6495190528385704 0
13.12500000009316 0.2165063509478479 0
13.2500000000963 0.4330127018934203 0
13.37500000009532 0.2165063509475306 0
13.50000000009938 0.4330127018934931 0
13.75000000009737 0.4330127018948278 0
13.62500000010823 0.6495190528385667 0
13.87500000009847 0.2165063509478443 0
14.00000000010152 0.4330127018935479 0
14.12500000010062 0.2165063509475933 0
14.25000000010466 0.433012701893663 0
14.50000000010274 0.433012701894914 0
14.37500000011318 0.6495190528386857 0
14.62500000010381 0.2165063509479071 0
14.75000000010791 0.433012701894294 0
14.87500000010614 0.2165063509477472 0
15.00000000011517 0.4330127018935078 0
15.25000000011765 0.4330127018934179 0
15.37500000011076 0.2165063509475033 0
15.50000000011969 0.4330127018931945 0
15.75000000012113 0.4330127018932601 0
15.87500000011431 0.2165063509474271 0
16.00000000012299 0.4330127018931436 0
16.25000000012438 0.4330127018932726 0
6.500000000056863 0.433012701891645 0
6.250000000058503 0.4330127018927026 0
6.125000000046425 0.2165063509467511 0
6.000000000060802 0.433012701889004 0
16.37500000011778 0.2165063509474293 0
16.50000000012614 0.4330127018931269 0
23.3750000001459 2.814582562272518 0
5.249992781149529 8.660250515722048 0
22.12422937612535 9.311345352981204 0
21.7485569378935 9.525779614990897 0
29.00000000014653 0.8660254037789603 0
28.87500000014626 0.6495190528336167 0
29.1250000001441 0.6495190528355925 0
28.62500000014686 0.649519052833924 0
28.75000000014237 0.4330127018901256 0
21.12619334995171 9.319519553171048 0
21.25054977044065 9.540549080545027 0
19.9998234624903 8.660363874680568 0
19.87500000003861 8.443747686851466 0
28.62500000013281 4.979646071739829 0
4.500000000075024 6.062177826408917 0
4.625000000076001 5.845671475462609 0
20.50000000003664 8.227241335911271 0
30.25000000014406 1.732050807564449 0
48.1278813847232 9.788961342497966 0
6.375000000066926 7.144709581145149 0
6.500000000066128 7.36121593209131 0
6.12500000006707 7.144709581144455 0
2.125000000071059 8.01073498491693 0
28.75000000014307 3.031088913235608 0
33.75000000015386 2.165063509409959 0
30.87500000013867 4.113620667969309 0
15.75000000013139 4.763139720760963 0
3.875000000053841 0.2165063509361086 0
4.125000000059796 0.2165063509342849 0
20.50000000014773 0.8660254037712832 0
20.37500000014613 0.6495190528261067 0
20.1250000001444 0.6495190528252834 0
20.2500000001375 0.4330127018836692 0
27.50000000004899 6.495190528366348 0
27.37500000005197 6.278684177422988 0
17.00000000003933 8.227241335901228 0
20.12500000008339 5.845671475503638 0
20.00000000008265 6.062177826448406 0
19.7500000000784 6.062177826450052 0
19.87500000007044 6.278684177397531 0
20.25000000008265 6.062177826448846 0
20.50000000008255 6.062177826449412 0
20.37500000007477 6.278684177395778 0
19.62500000008262 5.845671475502635 0
19.5000000000755 6.062177826451621 0
31.37500000013723 4.546633369862642 0
32.87499999990625 9.788023476557463 0
33.12882043027773 9.77901802967931 0
33.23279218018889 9.535333996695915 0
21.6250000000506 7.144709581185929 0
21.75000000005254 7.36121593213355 0
22.00000000004616 7.361215932135703 0
22.12500000004942 7.14470958118905 0
31.37500000013955 2.814582562294414 0
19.5000000000594 6.495190528347096 0
24.62500000003166 7.577722283086404 0
24.50000000003611 7.361215932141144 0
18.37500000008248 5.845671475499138 0
18.12500000008218 5.845671475498385 0
33.87500000013474 5.412658773649441 0
34.00000000013466 5.196152422703193 0
33.75000000013159 5.196152422702012 0
33.50000000013295 5.196152422702614 0
33.87500000012814 4.979646071754688 0
34.12500000013065 4.979646071755679 0
3.625000000072725 7.144709581136397 0
26.75000069089417 8.660257311454176 0
26.62500014125904 8.443748356088879 0
26.37500000002867 8.443747686872406 0
18.75000000014254 4.330127018879751 0
18.62500000014111 4.546633369825011 0
0.8755531074206415 5.845791426731542 0
1.000607841718542 6.062296147640355 0
0.8779187028519142 6.277483349083392 0
11.12500000007867 5.845671475479407 0
27.25000000002706 8.227241335928309 0
27.12500252744261 8.443759662900124 0
28.0000000001469 0.8660254037779654 0
27.87500000014402 0.6495190528357943 0
28.12500000014657 0.6495190528339726 0
28.37500000014693 0.6495190528340732 0
28.2500000001434 0.4330127018904634 0
1.875000000081956 2.381569860314791 0
15.62500000005554 7.144709581170805 0
15.75000000005035 7.361215932117059 0
30.00000000007456 6.495190528367404 0
3.125000000076426 5.845671475458285 0
3.000000000075766 6.062177826404199 0
19.87500000014534 2.814582562262258 0
49.79335968645018 3.374723149057049 0
49.78513798861992 3.624953858176239 0
49.53314809280836 3.480857119736526 0
49.56698729810771 3.750000000000488 0
49.57571419240571 3.987652555369716 0
49.36605634582973 3.860087470510501 0
6.625000000076708 5.845671475467735 0
3.25000000007824 4.763139720727881 0
3.375000000078176 4.979646071674401 0
1.250000000079263 3.464101615044272 0
3.000000000081592 3.031088913156543 0
22.25000000003412 8.227241335916576 0
18.00000000014523 2.165063509418715 0
37.50000000839354 8.227241312474067 0
32.8750000001458 2.814582562272743 0
29.50004404638898 8.660267744944711 0
14.12500000005696 7.144709581166759 0
27.87500000013329 0.2165063509461612 0
27.75000000013296 0.4330127018921401 0
26.37500000004716 7.144709581199725 0
26.50000000003981 7.361215932146752 0
20.1250000001473 1.51554445660948 0
40.37500000008782 6.711696879333962 0
40.50000000009899 6.495190528385287 0
49.24413824719164 4.332407171811423 0
49.48764102912543 4.344312855511513 0
22.75000000014766 0.8660254037727246 0
22.62500000014777 0.6495190528265407 0
22.37500000014779 0.6495190528264989 0
22.87500000014773 0.6495190528265945 0
23.1250000001478 0.6495190528269009 0
21.87500000014558 2.814582562268042 0
20.37500000014558 2.814582562263889 0
2.000000000079505 3.464101615046497 0
1.250000000071378 7.361215932077402 0
43.37500000011816 3.680607966090724 0
18.00000000014167 4.330127018876984 0
36.87500000011744 4.113620667963929 0
22.62500000014547 2.814582562270316 0
22.87500000014577 2.81458256227103 0
38.50000000014755 0.8660254037568107 0
5.000000000114881 3.897114316939569 0
21.37500000003769 7.577722283078941 0
21.50000000003989 7.361215932131607 0
20.00000000014756 2.165063509423571 0
22.75000000014535 3.031088913216572 0
17.0000000001422 2.165063509412842 0
3.750000000078613 4.763139720729189 0
25.12500000002828 9.309773090651932 0
4.625000000057391 0.2165063509355704 0
4.875000000048436 0.216506350940026 0
5.000000000066339 0.4330127018859321 0
19.12500000008305 5.845671475500971 0
5.125000000076062 5.845671475463869 0
5.000000000074657 6.062177826410013 0
20.12500000014834 1.948557158478783 0
20.37500000014845 1.948557158479596 0
23.50000000014741 2.165063509436186 0
1.750000326725265 6.495190716885915 0
2.000000381167388 6.495190748318486 0
1.875000030779896 6.278684195075456 0
31.37500000013553 5.412658773646401 0
21.00000000014783 2.165063509426688 0
20.87500000014851 1.948557158480112 0
21.12500000014854 1.948557158480924 0
21.37500000014857 1.948557158481792 0
21.50000000014791 2.165063509428274 0
21.62500000014915 1.948557158485581 0
24.37500000012912 0.2165063509460834 0
24.50000000013054 0.4330127018913189 0
24.75000000013244 0.4330127018921704 0
24.62500000013185 0.649519052837928 0
2.875000000079845 3.680607965995178 0
43.50000000011376 2.598076211346101 0
23.50000000008473 5.19615242267997 0
23.62500000010766 4.979646071733532 0
20.12500000003815 7.577722283074626 0
20.00000000004312 7.361215932129316 0
6.000000002087484 8.227241347604272 0
22.62500000008153 5.845671475510153 0
22.50000000008028 6.062177826455191 0
22.25000000008041 6.062177826454368 0
22.37500000008049 6.278684177401127 0
22.75000000008001 6.062177826455747 0
23.00000000007985 6.062177826456349 0
22.87500000008047 6.278684177402408 0
30.25000000014518 0.8660254037823792 0
22.49993939591368 8.660267241543043 0
2.62500000007958 3.680607965994501 0
2.750000000079118 3.897114316941172 0
22.50000000003398 8.227241335917199 0
34.37500000014629 3.247595264139695 0
18.37625222261293 9.319964349142403 0
21.37500000014283 4.546633369837171 0
21.12500000014304 4.546633369836511 0
21.00000000014305 4.763139720779611 0
20.87500000014325 4.546633369836338 0
20.75000000014326 4.763139720779369 0
20.87500000013114 4.979646071720838 0
20.62500000014312 4.546633369837027 0
20.50000000014177 4.763139720776131 0
24.25000000014315 3.464101615113416 0
26.12500000012918 0.21650635094614 0
26.25000000013075 0.4330127018914539 0
26.5000000001338 0.4330127018912654 0
26.37500000013349 0.6495190528371808 0
26.00000000013409 0.4330127018902597 0
21.12500000014554 3.680607966048524 0
27.1250000000735 5.845671475524902 0
27.00000000006307 6.062177826473381 0
21.00000000014776 0.8660254037715527 0
20.8750000001433 0.6495190528267401 0
21.12500000014394 0.6495190528278498 0
21.37500000014576 0.6495190528290757 0
21.5000000001474 0.8660254037723376 0
21.62500000014291 0.6495190528276743 0
28.62500000007166 5.845671475527135 0
4.250000000073745 6.495190528300306 0
6.87500000007693 5.845671475468427 0
43.87500000010505 4.113620667986563 0
43.75000000010918 3.897114317039428 0
43.66238573263325 9.804736302432588 0
20.87500000005401 7.144709581184296 0
21.00000000005041 7.361215932131585 0
46.75000011886679 7.794228563098895 0
38.87500000008201 0.2165063509349578 0
38.75000000010694 0.4330127018715723 0
21.37500000014569 2.81458256226678 0
24.00000000014733 2.165063509436427 0
5.500000000094096 2.598076211272127 0
5.250000000092466 2.598076211270879 0
29.87500000007364 6.711696879313118 0
20.62500000014366 0.6495190528278113 0
30.2500000001387 4.330127018914682 0
20.87500000013217 0.2165063509422318 0
20.25000000014354 4.330127018884379 0
20.37500000014274 4.546633369831312 0
20.37500000012962 4.979646071717825 0
21.37500000008313 5.845671475506718 0
21.25000000008227 6.062177826451436 0
21.00000000008233 6.062177826451551 0
21.50000000008207 6.062177826451906 0
21.12500000008166 6.27868417739795 0
20.87500000007871 6.278684177397506 0
20.87500000008324 5.845671475505494 0
20.74999999720242 8.660253208994535 0
18.87500000014444 2.81458256225918 0
18.75008892917376 8.660822922092526 0
44.1250000001121 1.948557158513287 0
30.12501358278666 9.780012194475709 0
30.24940922644347 9.55393494704547 0
29.87643220743566 9.753188962682582 0
49.77694938934587 4.628765468233416 0
16.50000000003959 8.227241335900132 0
16.62500000004065 8.443747686844777 0
30.50000000014297 2.1650635094564 0
26.12500000007429 5.845671475521976 0
26.00000000006396 6.062177826470416 0
1.500000000078286 3.897114316937807 0
18.25000000014199 4.330127018877759 0
35.16049618213133 9.813733871349463 0
20.87500000014764 1.51554445660856 0
30.75000000013733 4.763139720807552 0
26.00000000002852 8.227241335925715 0
26.12500000002844 8.443747686871816 0
26.25000000014656 2.165063509443884 0
20.0000000001471 0.8660254037710017 0
19.87500000014087 0.6495190528252176 0
17.50000000003788 8.227241335903134 0
17.75000000003761 8.227241335903539 0
17.87500000003786 8.443747686848631 0
19.62500000012913 0.2165063509437764 0
19.37500000012915 0.2165063509454485 0
19.25000000012942 0.4330127018914728 0
19.00000000012923 0.4330127018922878 0
19.1250000001317 0.6495190528361587 0
25.25000000005137 6.495190528359375 0
25.1250000000522 6.278684177413103 0
25.25000000005471 6.062177826469105 0
25.00000000005556 6.062177826469846 0
24.87500000005305 6.278684177413703 0
22.62500000013745 0.2165063509458845 0
29.25000000014166 3.464101615128817 0
13.75000000013262 4.330127018862634 0
17.24998300850007 8.660332533743347 0
21.25000000014351 4.330127018889269 0
21.87500000013259 0.2165063509435665 0
21.75000000014324 4.330127018889494 0
48.00002637379072 8.227265405496492 0
3.000000000087902 1.299038105584 0
17.50000000014386 2.165063509414597 0
26.37500000014284 3.68060796606578 0
46.62500126417426 8.01073423139364 0
36.75000000013986 2.598076211314812 0
23.0000000000332 8.227241335918579 0
20.87500000014567 2.814582562265433 0
27.87501944185747 8.443850417676696 0
28.00003725536872 8.660548729036025 0
38.62500000005384 7.577722188613757 0
40.62500000013846 1.515544456596138 0
20.50000000014775 2.165063509425248 0
16.25000000004115 8.227241335899178 0
33.37500000015105 2.81458256224553 0
6.500000000116317 4.330127018837783 0
2.625000000076116 5.845671475457036 0
22.12500000008188 5.845671475508595 0
25.25000000014678 2.165063509440533 0
29.3750000001313 0.2165063509454195 0
29.50000000013933 0.4330127018923819 0
41.37500000009081 6.711696879336214 0
41.62500000009739 6.711696879333272 0
41.50000000011422 6.495190528383381 0
29.87500000013519 0.2165063509458706 0
25.75000000014677 2.165063509442133 0
20.75000000014361 4.330127018889694 0
23.25000000014747 2.165063509434288 0
23.12500000014816 1.948557158487571 0
22.87500000014799 1.948557158489883 0
23.3750000001488 1.948557158491953 0
21.37512224025454 9.777380658737993 0
21.4995119211172 9.556060071901038 0
2.000000000078388 4.763139720724319 0
2.125000000078527 4.546633369778319 0
21.37500000013475 0.2165063509441271 0
21.75000000014691 0.8660254037723834 0
21.87500000014381 0.649519052828445 0
47.37500000010115 1.51554445663779 0
49.62499999999618 8.917468245266878 0
49.75808638204832 8.674638434377064 0
49.62966826187066 9.357060023874981 0
28.87500000002477 8.44374768687773 0
28.7500000000253 8.227241335931664 0
26.62500000013398 0.2165063509460678 0
24.75000000005194 6.495190528357634 0
26.0000000000819 5.196152422685582 0
19.25000000014298 4.330127018881377 0
47.25000000012462 6.495190528362373 0
21.62500000008284 5.845671475507322 0
3.250000000075851 6.062177826404831 0
3.500000000075817 6.062177826405541 0
1.2501013070152 6.062197546606706 0
22.75000000014759 2.16506350943447 0
22.12500000014731 1.515544456610565 0
22.25000000014727 1.732050807555989 0
22.50000000014759 1.732050807552573 0
22.00000000014822 1.732050807554573 0
34.49999210173834 7.794259760942383 0
19.24988720809366 8.660881201797498 0
29.87500000007607 5.845671475528818 0
30.00000000008532 5.629165124583195 0
24.87500000013038 0.2165063509459152 0
25.00000000013866 0.4330127018903031 0
49.78349364905415 4.875000000000015 0
20.24997057694202 8.660272288806219 0
21.00000000003597 8.227241335912877 0
23.24966826347633 8.660398856637249 0
27.37500000014218 3.680607966068866 0
16.1250000001367 2.814582562250962 0
24.2500000001417 4.330127018896656 0
42.87500000005739 0.216506350932366 0
36.62500000009604 0.2165063509370668 0
36.50000000010947 0.4330127018765052 0
23.12500000013674 0.2165063509460254 0
4.750000000069608 6.928203230195149 0
2.875000000075085 6.278684177350115 0
20.62500000008319 5.845671475504737 0
26.12500000014676 1.515544456614487 0
27.37500572608256 8.44377633473367 0
22.62500000014732 1.515544456608792 0
3.125000000071469 7.577722283027308 0
5.500000000114211 4.33012701883423 0
44.75000000010844 2.16506350946208 0
45.00000000010743 2.165063509463065 0
6.125000000095935 2.814582562221128 0
21.87500000014932 1.515544456608797 0
5.250000000067676 7.361215932087905 0
2.625000000078949 4.113620667887314 0
22.62500000003505 7.577722283081759 0
22.50000000004047 7.361215932136255 0
2.125000000076931 5.412658773563291 0
21.74999946436194 8.660250636599333 0
21.9999946422074 8.66025461878947 0
7.125000000099825 2.814582562224073 0
22.00000000008068 6.062177826453686 0
21.75000000008174 6.062177826453597 0
21.87500000008118 6.278684177399763 0
21.62500000008138 6.278684177399206 0
27.12500000002922 7.57772228309261 0
27.00000000003474 7.361215932147613 0
24.00000000003179 8.227241335921192 0
24.50000000005219 6.495190528356998 0
4.87500000006777 7.577722283032807 0
4.62500000006838 7.577722283032484 0
19.12500000014506 3.680607966042815 0
3.750000000077037 5.629165124513825 0
22.12500000013707 0.2165063509454712 0
19.25000000003791 8.227241335907731 0
3.625000000080048 4.113620667890034 0
20.62500000014849 1.94855715848042 0
22.74940151132073 8.660394793102535 0
2.750000000070812 7.794228633972559 0
41.25000000012187 2.598076211335831 0
40.62500000012641 3.68060796607421 0
25.12500000014359 3.680607966061567 0
42.62500000012633 1.51554445660662 0
2.750000000077694 5.196152422618754 0
35.50000000007661 7.361215932161029 0
35.37499958632738 7.577721674414793 0
32.3750000001333 4.979646071755082 0
19.49975002181674 8.66075109403598 0
20.62500000014548 3.680607966046954 0
41.25000000013627 0.866025403765083 0
47.62500000002056 0.2165063509415634 0
47.50000000004407 0.4330127018904949 0
1.124746217584377 7.577575761635304 0
4.125000000077335 5.412658773568911 0
18.37500000014619 1.515544456605591 0
23.62500000014881 1.515544456610695 0
16.5000000001402 2.165063509411261 0
28.62500000014257 3.247595264181196 0
28.37500000014294 3.247595264180481 0
2.500000000079017 3.897114316940477 0
10.25000000012495 4.330127018850727 0
14.12500000012855 2.814582562245171 0
33.50000000013362 6.06217782648737 0
33.6250000001303 6.278684177431593 0
33.50000000011556 6.49519052837888 0
36.00000000007825 7.361215932161363 0
35.87499984913036 7.577721114660692 0
39.2500000001456 0.8660254037554753 0
39.00000000015041 0.8660254037546052 0
38.87500000012302 0.6495190528122423 0
25.75000000008049 5.196152422680258 0
25.62500000008491 4.979646071736433 0
25.87500000008838 4.979646071740144 0
25.75000000010078 4.763139720793285 0
20.37500000014751 1.515544456608702 0
0.8767418499065034 8.444563118204467 0
29.25000000014388 2.598076211345179 0
29.37500000014438 2.381569860399854 0
29.37500000014314 2.814582562291441 0
12.87500000007924 5.845671475484186 0
45.87500000010104 4.546633369881076 0
19.25000000014757 2.165063509421857 0
18.12500000014319 2.81458256225681 0
16.8750000000811 5.845671475494936 0
13.37500918704715 8.443854049876188 0
25.75000217209278 8.227244681051715 0
3.375000000082725 2.814582562210981 0
23.12500000014778 1.51554445660934 0
19.25000000007904 6.062177826449714 0
19.12500000007126 6.278684177396965 0
46.50000000010195 2.165063509470385 0
2.125000068707841 6.278684216973595 0
29.87500000013846 4.546633369859819 0
31.12500000002384 8.010734984989956 0
26.75000000014655 0.8660254037774516 0
26.62500000014209 0.6495190528352295 0
8.500000000120838 4.330127018844818 0
33.00000000012129 4.330127018912041 0
1.125000000073981 6.278684177345816 0
2.000000000076301 5.629165124509218 0
22.25000000014772 2.165063509430926 0
21.75000000014793 2.165063509431349 0
24.50000000014719 2.165063509438584 0
1.000150021130314 5.629218508303884 0
11.50000000012756 4.330127018854928 0
3.750000000073303 6.928203230190644 0
32.62500000008638 6.711696879317892 0
32.37500000007616 6.711696879322415 0
32.50000000008366 6.495190528373307 0
21.37500000014811 1.515544456607363 0
30.12500000014129 3.247595264185004 0
20.75000000008199 6.062177826450029 0
18.37500000005418 7.144709581178521 0
24.75000000014154 4.330127018898223 0
31.2500000000236 8.227241335936162 0
22.12500000014551 2.814582562268811 0
37.50000000013476 6.062177826485581 0
30.12500000013833 4.546633369860347 0
25.37500000014684 1.515544456613638 0
36.1250000001436 2.814582562258619 0
37.12578032586021 8.876334568705241 0
31.87500000013594 4.979646071755608 0
6.875000000115773 4.546633369785537 0
3.625000000075087 6.278684177352127 0
36.87500000009539 0.2165063509356425 0
37.00000000011782 0.4330127018704704 0
1.625000000071958 8.010734984915471 0
29.62500000014087 3.680607966075671 0
24.875000000145 2.81458256227745 0
29.12500000013857 4.546633369858377 0
38.25000000013226 6.062177826483485 0
46.12500000010728 1.515544456630729 0
32.37500000012301 3.247595264182605 0
49.78536678976718 8.121085074458307 0
49.59128363793826 8.228096996607952 0
29.62500000014286 2.814582562292168 0
6.125000000065628 7.577722283036013 0
3.000000000070485 7.794228633973283 0
2.375000000073838 6.71169687924121 0
25.37500000014514 2.814582562279386 0
28.12500000014412 2.814582562287852 0
33.37425004828207 8.87632740393575 0
33.48363086375872 9.109493383297723 0
33.23724453328607 9.090181929035298 0
39.37500000014565 1.515544456591494 0
24.87500000003184 7.57772228308724 0
25.0000000000389 7.36121593214254 0
25.1250000000437 7.144709581198923 0
32.62500000011991 3.680607966075704 0
27.8750000000443 7.144709581204193 0
27.50000000014673 0.8660254037793874 0
4.25000000008083 4.330127018837902 0
21.75000000003493 8.22724133591506 0
16.00000000013815 2.165063509409687 0
41.87500000013613 5.412658773653775 0
41.62500000013411 5.412658773654647 0
4.000000000069196 7.794228633975881 0
35.12500000011037 0.216506350924684 0
23.6250000001442 3.68060796605666 0
48.62500000008649 6.27868417744843 0
48.37500000008603 6.278684177447532 0
16.50000000013897 0.8660254037665772 0
23.8750000001453 2.814582562274141 0
33.00000000002672 8.227241335937325 0
31.62500000009822 6.711696879303005 0
3.375000000079718 4.113620667889365 0
28.25000000002605 8.227241335930673 0
46.00000000010183 3.897114317044417 0
29.50000000014357 2.598076211345907 0
30.75000000013653 5.196152422699392 0
31.00000000013632 5.196152422699836 0
18.87500000014703 1.515544456606257 0
25.25000000014685 1.732050807558693 0
25.00000000014698 1.732050807558378 0
34.25000000013337 5.196152422703134 0
29.75005138744951 8.66027002946524 0
15.37500000013859 3.680607966028208 0
5.500000000066278 7.79422863398001 0
47.7500000000824 5.629165124603581 0
3.50000000006997 7.79422863397451 0
5.499991577996367 8.660249928716006 0
24.25000000013266 0.433012701890283 0
3.000000000079494 3.897114316941841 0
17.50000000013516 4.763139720766665 0
5.625000000114206 3.680607965999272 0
30.62500000014082 3.247595264185737 0
1.500000000080256 3.031088913152528 0
24.87500020183099 8.443748317350291 0
24.87500000014701 1.515544456613048 0
20.62581256262668 9.319448465264633 0
19.75000000014685 0.8660254037708688 0
19.62500000013964 0.6495190528278487 0
16.75000000013928 4.330127018872594 0
5.875000000067388 7.144709581143734 0
15.99999928714768 8.660580049661071 0
1.875003448110343 7.144711571857776 0
31.00000000013986 3.464101615131967 0
3.500000000082418 3.031088913157458 0
28.37500000014156 3.680607966072293 0
26.75000000014634 2.165063509446009 0
27.0000000001462 2.16506350944662 0
2.000000000070772 8.22724133586248 0
5.375000000069119 6.711696879250649 0
0.2165063509454859 3.874999999991357 0
7.000013740404764 8.66033373129153 0
28.50000000014669 0.8660254037784124 0
39.50000000013091 2.59807621132909 0
2.125000000082863 1.94855715842199 0
38.25000000011674 4.763139720810885 0
33.50000000011841 4.763139720805695 0
19.62500000014544 3.680607966043786 0
6.000000000069118 6.495190528306406 0
1.750000000076134 5.629165124508582 0
2.750000000084187 2.165063509370382 0
36.00000000014253 2.598076211311053 0
24.12500000003255 7.577722283085627 0
24.00000000003849 7.361215932140079 0
12.62500000012264 2.814582562241998 0
0.2165063509454732 3.374999999992803 0
31.75000000012563 2.165063509454446 0
2.125000487708661 7.144709862669547 0
41.50000000010957 4.763139720817538 0
41.62500000011578 4.979646071763279 0
44.87500000013638 5.412658773657496 0
45.00000000012679 5.196152422711529 0
45.12500000011204 1.515544456624991 0
15.00000000013372 2.165063509411526 0
47.00000000206509 6.928203229094295 0
22.50000000014487 3.031088913215962 0
6.250000000081003 0.8660254037603814 0
42.75000000012753 0.8660254037722379 0
26.87500000014255 3.680607966067344 0
27.12500000014652 1.515544456615369 0
4.125000000084368 2.814582562212295 0
30.87500000002383 8.010734984989671 0
29.6250000001447 1.948557158509326 0
7.375000000100733 2.814582562224822 0
28.50000000013946 4.330127018910444 0
32.25000000002494 8.227241335936718 0
11.37500000007869 5.845671475480132 0
29.50000000014601 0.8660254037806081 0
14.00000000013305 4.330127018863442 0
25.00000000014685 2.165063509439721 0
10.0000000001244 4.330127018849921 0
40.75000000012648 2.598076211336627 0
4.000000000082249 3.4641016150517 0
44.6250000001143 1.515544456622403 0
45.12500000010958 2.814582562306857 0
16.50000000013871 4.330127018871737 0
2.500000000085822 1.29903810558266 0
22.87500000014467 3.680607966054176 0
35.25000000008377 6.495190528380073 0
35.375000000111 6.278684177427758 0
27.00000433661599 8.660274586518913 0
48.37501639136542 5.412672977183168 0
48.50007114520658 5.62923198269525 0
13.8750000001276 2.814582562244556 0
25.50000000013872 4.330127018898153 0
5.750000000077624 0.8660254037626572 0
23.50000000005583 6.495190528355747 0
16.00000000013613 0.8660254037661848 0
28.8750000000279 7.577722283095967 0
36.37500000013509 5.412658773649114 0
16.37500000014089 3.680607966032181 0
21.6250000001453 3.680607966050391 0
18.87500000014091 4.546633369825394 0
45.50000000010567 2.165063509465271 0
21.24999996431512 8.66024768560877 0
29.75000000002542 7.794228634042719 0
42.75000000010667 4.7631397208179 0
42.62500000011444 4.979646071763373 0
2.125000771333804 6.711697324527904 0
0.2202442524067606 1.872285837288004 0
16.87500000013967 2.814582562253026 0
16.37500000013758 1.51554445660819 0
16.375000000137 4.54663336981744 0
23.12500000008038 5.845671475511566 0
23.25000000007417 6.062177826461058 0
18.37500000013026 0.2165063509454017 0
4.125000000070341 7.577722283030401 0
47.50000000009558 3.031088913255052 0
29.37500000013872 4.546633369858873 0
3.625000000071142 7.577722283028539 0
36.75000000056111 7.361215930797279 0
1.625000000076614 5.412658773561992 0
30.1250000001393 4.113620667968521 0
14.87500000013745 3.680607966027162 0
33.12432862323659 8.875800966380128 0
31.50000000012717 1.732050807563393 0
3.125000000079497 4.11362066788875 0
30.75000000014103 3.03108891324005 0
15.00000000012993 0.8660254037713715 0
4.375000000085077 2.814582562213014 0
1.375019307191729 4.546644516744147 0
44.7500000001175 0.8660254037861921 0
32.87500000013455 5.845671475541451 0
27.50011179459682 8.660794629789082 0
25.75000000014532 0.8660254037774082 0
30.00000000013536 5.196152422693206 0
1.499805274472382 9.09369933410931 0
24.12564433321444 9.31459320161532 0
15.50000000013601 2.165063509408236 0
20.12500000014551 3.680607966045516 0
45.25000000010515 4.763139720823909 0
23.7500000015227 8.660254042467582 0
15.87500000013971 3.68060796602999 0
38.87500000014847 1.515544456589879 0
15.50000000013332 0.8660254037658137 0
26.25000002340352 8.660254148580016 0
8.750000000121243 4.330127018845618 0
32.3750000001255 0.2165063509414005 0
26.25000000013954 4.330127018903553 0
27.87500000014192 3.680607966070421 0
41.62500000013247 1.515544456600835 0
28.24999974842598 8.660325289486545 0
14.12500000007963 5.845671475487428 0
45.00000000009459 7.361215932180018 0
34.37500000013451 5.412658773649186 0
2.750000000081293 3.031088913155871 0
37.75000000013732 2.598076211320064 0
36.5000000001192 4.763139720809086 0
32.87500000011976 4.113620667966826 0
9.625000000122432 4.546633369794858 0
37.87500000015293 1.515544456586406 0
4.125000000095923 0.6495190527454399 0
25.00000000014642 0.8660254037783395 0
47.75000000008532 6.495190528389877 0
22.25000000014774 0.866025403772426 0
2.62500000008621 0.6495190527635465 0
14.37500000007973 5.845671475488253 0
30.12500194291214 8.443759634140701 0
23.25000000014754 0.8660254037733991 0
1.500000000076616 5.196152422615214 0
3.62500000009321 0.6495190527442095 0
1.875000000083881 1.082531754635468 0
29.37500000013966 4.113620667967028 0
40.87500000012586 1.948557158497144 0
18.50000000014848 2.165063509420622 0
28.74989945702871 9.094059694182022 0
33.25000000002733 8.227241335937556 0
17.00000000014153 0.8660254037672891 0
35.12500000013504 5.412658773649555 0
43.25000000012134 3.031088913248205 0
36.87500000014179 2.814582562262339 0
32.62500000013436 5.845671475540774 0
29.37500000007021 6.278684177421185 0
34.50000000014468 3.464101615085838 0
31.37500000013006 1.082531754726241 0
46.375000001337 6.711696878586151 0
42.12500000012169 3.680607966083973 0
1.000890997370578 8.660138041870486 0
35.50000000014459 3.031088913200569 0
27.0000000000502 6.495190528365578 0
14.37500000013214 4.546633369810925 0
29.00000000002365 9.093266739715508 0
24.00000000014555 0.8660254037758295 0
3.125000000090613 0.6495190527430035 0
27.87500000014646 1.515544456615767 0
48.25004831881851 8.227276886968523 0
48.12517916910478 8.443882965476966 0
28.25000000014254 3.464101615125862 0
28.25000000004853 6.495190528368726 0
30.25000000002454 7.794228634045 0
30.87500000013593 5.412658773645404 0
1.625000000081817 2.381569860314361 0
31.25000000013609 5.196152422700299 0
28.87500000004741 6.711696879315157 0
29.7500000001454 1.299038105672227 0
32.12500000013568 4.113620667970544 0
30.50000000007078 6.92820323025936 0
28.25000000013965 4.330127018909614 0
22.12500000014741 0.6495190528292907 0
43.12500000013627 5.41265877365522 0
29.62500811514235 8.443750212283977 0
33.74979000183698 8.227125496904161 0
4.125000000081852 3.680607965998491 0
35.00000000013387 5.196152422703616 0
48.00000000009652 2.165063509475651 0
39.00000000008265 7.361215932161125 0
7.750000000104388 3.03108891317555 0
45.62500000010952 1.515544456627914 0
11.75000000012793 4.330127018855806 0
29.37500000014097 3.680607966075073 0
29.87536970400531 8.87690685011929 0
43.99973883223683 8.22682571838255 0
5.250000000066764 7.794228633979387 0
19.62500000005119 7.144709581182306 0
48.99893703815854 3.03094556804163 0
32.11136558307391 8.864323190991929 0
5.124979586229433 8.876992155733976 0
32.50000000012889 6.06217782648373 0
42.25000000012005 2.598076211345022 0
29.87500000014354 2.381569860401247 0
18.50000000014617 0.8660254037723109 0
18.62500000014116 0.6495190528313748 0
28.75000000014594 1.732050807562132 0
48.12500000009059 4.546633369877959 0
1.500000000071498 8.227241335861077 0
39.75000000013283 3.031088913229165 0
38.37500000015152 1.515544456587506 0
46.37500000009943 2.81458256230747 0
33.37500000013347 5.412658773649253 0
29.50000000002655 7.794228634041934 0
2.500000000082255 2.598076211262598 0
36.62853416831447 8.873648061636574 0
31.87500000013382 5.845671475539242 0
27.12539333052024 9.311994471664608 0
3.125000000075129 6.278684177350745 0
36.12857890596648 8.867017410737994 0
17.50000000014375 0.8660254037680365 0
30.75000000013559 5.629165124590366 0
5.125000000093716 2.814582562214775 0
37.00000000015215 0.8660254037534021 0
45.625000000094 7.144709581233155 0
28.87500000014597 1.515544456616639 0
5.250000000069857 6.495190528304438 0
32.12500000013391 5.845671475539762 0
0.5019320995945732 7.799393578462663 0
46.37500000010292 1.948557158523632 0
38.00000000013792 3.03108891321655 0
47.87500000009349 3.680607966092972 0
42.87500000013586 5.412658773654853 0
42.75000000013834 5.196152422708716 0
26.00000000005129 6.495190528362622 0
40.6250022616905 8.876795282833584 0
5.125000000091816 2.381569860323698 0
23.75000000014499 3.031088913219492 0
42.12500000012971 1.515544456603956 0
39.75000000011214 4.763139720814549 0
39.87500000011295 4.979646071761542 0
18.87500000013131 0.2165063509448168 0
14.00000000005102 8.660254037779934 0
47.12500000009817 2.381569860417898 0
4.375000000079496 4.546633369784725 0
4.875000000088171 2.381569860321384 0
44.7500000000936 7.361215932179072 0
9.125000000120728 4.54663336979316 0
27.25000000014009 4.330127018906567 0
0.8748168117950867 0.6495723559532319 0
1.750000000082339 2.165063509368305 0
22.75000000014531 3.464101615107993 0
41.75000000012129 2.598076211338854 0
37.2500000001378 2.598076211316511 0
2.625000000085571 1.515544456529813 0
0.7659587775396585 8.654123364849889 0
29.25000000014601 0.8660254037812265 0
45.50000000010661 6.062177826496083 0
6.25000000006626 7.361215932090595 0
30.87500000013959 1.082531754726807 0
44.62499984408459 7.577720289521492 0
32.12500000012749 1.515544456613432 0
26.00000000013442 4.330127018905104 0
47.87500000845409 1.515544461463604 0
4.750000000074889 6.062177826409394 0
39.00000000013188 2.598076211325643 0
44.12500000011751 1.515544456617941 0
18.00000000014552 0.8660254037689754 0
46.75000076138894 8.6602873314175 0
30.37500226672677 8.443761625351296 0
33.50000000015755 1.732050807519064 0
40.25000000014153 0.8660254037606241 0
32.25000000012673 6.062177826483351 0
30.00008121711734 8.660329190909676 0
37.87459581884806 8.876990748321496 0
34.37500000015015 2.381569860358245 0
31.37500000002411 8.010734984990211 0
48.50000038058602 0.8660256234806686 0
26.75000002356644 8.227241447463427 0
35.1250000000795 6.71169687932546 0
40.50000000013366 6.062177826487268 0
38.12500000013534 5.412658773650101 0
35.37500000014606 2.814582562254305 0
34.00000000014708 3.464101615083229 0
45.87500000009624 6.711696879342268 0
1.500022525044252 4.763152725518682 0
29.50000000014569 1.299038105671839 0
47.25000048733085 8.227241725041942 0
35.87500000016502 1.515544456579412 0
35.75000000014364 2.598076211309976 0
4.999994661617938 8.660371372914698 0
39.25000000013473 3.031088913224639 0
16.75000000012894 0.4330127018926581 0
42.25000000013217 6.062177826490098 0
32.62524671416886 8.902149273191567 0
33.87500000008192 6.711696879323229 0
32.00000000013539 5.196152422701793 0
25.2500000001274 4.763139720796542 0
30.49972200107786 8.660384391324452 0
2.750000000082715 2.598076211263314 0
1.750000000083827 0.866025403693848 0
27.00000000014666 1.732050807560368 0
43.74979510641123 8.227204207069427 0
26.50000002748991 8.227241466052222 0
45.62500000010285 5.412658773662956 0
36.50000273101121 8.227233660932175 0
23.25000000014269 4.330127018892979 0
48.74360126529961 9.564497916048566 0
36.00000000013398 6.062177826487016 0
6.625000000064835 7.577722283037419 0
35.25000000013384 3.897114316991506 0
4.250000000082693 3.464101615052378 0
33.99959232209389 8.227996932276257 0
1.375000000082364 1.082531754633662 0
12.12500000012724 4.546633369803284 0
37.62500000013991 2.814582562266223 0
4.250000000085249 2.598076211266381 0
5.125000000067378 7.577722283033364 0
31.50000000013809 3.89711431702447 0
46.1262522907419 8.876271819988867 0
27.12500000013793 4.546633369851454 0
28.12500000013871 4.546633369854445 0
47.12500000010228 1.515544456636754 0
36.50000000014099 2.598076211313546 0
5.250000000073381 6.062177826411735 0
35.12500000013993 3.680607966036966 0
35.250000000146 2.598076211306946 0
41.62500000012204 3.680607966080023 0
30.62500000012795 5.845671475530988 0
25.87500000011898 4.546633369856356 0
26.7500000001432 3.464101615121124 0
35.87500000013745 3.680607966044012 0
26.87500000014442 2.814582562283805 0
39.25000000004972 8.227236351413847 0
43.6249419454626 8.010892346430825 0
46.50001611191767 8.660283896602561 0
35.24996238094234 8.226969991227808 0
40.12500000012735 3.680607966069414 0
6.750000000065628 7.361215932091844 0
41.1250000001348 1.515544456598638 0
29.37500000014593 1.082531754726069 0
4.500000000083947 3.464101615053128 0
3.7500000000757 6.06217782640635 0
41.25000000013481 6.062177826488448 0
25.87500000014299 3.680607966064412 0
32.1250000001355 4.979646071756225 0
5.625000000075931 5.845671475464812 0
4.750000000067668 7.794228633978236 0
30.62500000014297 1.948557158510372 0
36.2500271776109 8.227164957230487 0
46.25000000009985 4.763139720827265 0
36.62500000013441 3.680607966045016 0
4.624998175985934 8.877414811492407 0
48.50002313930913 6.062200667393725 0
45.87500000010369 3.680607966099698 0
36.25000000015966 0.8660254037497288 0
4.125000000085846 2.381569860320041 0
32.87500000016254 1.515544456574667 0
31.37450391159397 8.876728896658451 0
48.49999998025504 3.897114308962371 0
39.87500000013424 5.412658773651721 0
38.25000000011482 8.227218638257877 0
34.12500000015378 1.948557158466512 0
3.625000000076367 5.84567147545971 0
37.75000000014097 1.732050807537857 0
49.37500000009155 4.979646071772755 0
29.62500000014403 2.381569860400663 0
49.12522071309045 1.082864798160076 0
46.25000006500228 7.361215893333293 0
31.62500000002476 8.010734984990716 0
0.8753796626659405 2.381818909076402 0
23.37500000013655 4.546633369837943 0
48.74959546231104 2.164914709606869 0
48.74988847786123 4.763207191373239 0
37.0000000001353 6.062177826484509 0
5.125000000071752 6.278684177357633 0
14.74999999946621 8.660118811470454 0
37.12500000012865 3.680607966059945 0
33.87500000014796 3.247595264137552 0
2.750000000086817 1.299038105583342 0
39.62485202174024 8.876846859939388 0
42.75000000008763 7.361215923855461 0
2.875000000082168 2.814582562210078 0
47.74999974651135 3.031088799883102 0
47.8749992650114 3.247594938131345 0
4.000000000076855 5.629165124514723 0
47.25000000010307 1.299038105692558 0
31.62053135950629 8.874308637829767 0
4.499999538282391 8.660474108998267 0
4.500000000068269 7.794228633977747 0
27.12500000014449 2.814582562284508 0
47.12500000009541 0.6495190528486903 0
26.00002869061623 8.660265138955015 0
11.87500000011984 2.814582562241043 0
1.875000000071499 8.010734984916342 0
31.87500000002496 8.010734984991489 0
45.12500000010816 1.94855715851814 0
47.75000000008737 5.196152422713132 0
7.125000000063842 7.577722283038998 0
25.62500000014489 2.814582562280159 0
48.37498566440408 2.814575034155617 0
3.875000000077414 5.412658773568081 0
49.78645198221216 4.109187788141027 0
42.37500000012116 1.948557158500277 0
33.62496410760177 8.010720566547926 0
49.25000000009018 5.19615242272026 0
44.12500000010483 4.11362066798722 0
3.750000000077932 5.196152422621494 0
7.375000000063261 7.57772228303967 0
41.00000000012936 3.031088913236945 0
48.62492334049612 4.113664900622006 0
33.0046684650429 9.090059624505479 0
33.12500000002606 9.309773090671149 0
26.87500046890759 8.443749908637084 0
3.625000000078237 4.979646071675017 0
1.375023061352691 4.979659386102551 0
4.125008910868827 8.877084294644884 0
48.00000000009128 4.330127018931269 0
1.125222499914006 4.979774532009162 0
1.875000000078177 4.546633369777776 0
2.250000000077926 4.330127018832018 0
16.87500000012285 0.2165063509468882 0
46.50000000009931 4.763139720827883 0
47.25000000009889 2.165063509472861 0
26.50000000014329 3.4641016151205 0
7.500000000064658 7.361215932093759 0
4.000012008530907 8.66031319310617 0
30.7500000001395 3.897114317023305 0
25.87502034825022 8.443773510467516 0
3.250000000077841 5.196152422620163 0
6.125000000071267 6.278684177360338 0
30.87500000013959 3.680607966077691 0
46.00000417565136 7.794225655277348 0
1.500000000082777 0.8660254037058677 0
35.3749889077159 8.010684574781624 0
3.125000000087451 1.515544456531126 0
46.12500000010078 4.546633369881427 0
3.125000000078026 4.979646071673692 0
15.499999961685 8.661151950993823 0
47.8750070248037 7.577727028946123 0
49.37603566933485 9.351412524699477 0
48.75000000008813 6.062177826502928 0
2.500000000078289 4.763139720725793 0
35.25000000017013 1.299038105632254 0
35.75000000013229 6.062177826483098 0
27.25000000014392 3.031088913230735 0
2.750000000078206 4.763139720726455 0
2.875000000077982 4.979646071672982 0
25.50011222870977 8.660507599042258 0
48.37500000008347 7.14470958123273 0
39.12500000005328 8.010731755922052 0
42.50000000010908 3.897114317037863 0
47.25000000112136 7.361215931555429 0
47.75000000008327 6.06217782649672 0
32.9747333225711 9.517068350829389 0
29.50000000014469 2.165063509454731 0
40.12500000013927 1.515544456598976 0
48.50000000008446 6.928203230286789 0
3.625233144055291 8.876837461039008 0
26.00000000014349 3.464101615119143 0
45.12500000009646 6.711696879341148 0
7.875000000062169 7.577722283041229 0
6.500000000070422 6.495190528307145 0
36.12501773641584 8.010685139437264 0
39.74957166022466 9.093745482925211 0
28.12500940762165 8.443825799156109 0
3.375279195696183 8.876926609489955 0
6.625000000074657 6.278684177359592 0
34.25000000014555 3.4641016150847 0
1.750000000072184 7.794228633969993 0
30.49523305968488 9.09360287216515 0
8.12500000006157 7.577722283041897 0
47.25772929921824 9.098911358404401 0
49.25000000009027 3.464101615151676 0
42.2500000000603 8.227204585268378 0
37.37500000015613 1.515544456584375 0
3.250000000088998 1.299038105584612 0
2.375000000078384 4.546633369779023 0
7.87500000010523 2.814582562230422 0
26.25000000014348 3.46410161511989 0
41.12500000012805 2.814582562287074 0
35.00000000014721 2.598076211305997 0
3.250061593344047 8.660291221731297 0
11.12500000011716 2.814582562239439 0
37.98988174303962 9.101934194606361 0
48.12499627496144 2.814580707811129 0
1.875000000072469 7.577722283024395 0
25.25000000003009 8.660254037815838 0
34.12500000015067 2.381569860357168 0
34.00000000015275 2.165063509411128 0
49.0001664892516 5.196287443763129 0
27.50000000014351 3.031088913231516 0
23.00000000014635 3.031088913217368 0
25.00000000014424 3.464101615115752 0
42.62500000012055 3.680607966086143 0
29.25000000014509 2.165063509454048 0
2.875105177067309 8.876744150609497 0
47.99999943834454 3.464101367000646 0
8.250000000063459 7.361215932095832 0
48.37498208950966 4.546643710406234 0
6.250000014562869 8.227241419951152 0
37.12500000015699 1.515544456583674 0
23.2500000001458 3.031088913217816 0
23.75000000014428 3.46410161511114 0
46.12500000010276 3.247595264204592 0
25.62500000014311 3.680607966063555 0
8.62500000006052 7.577722283043456 0
25.50000000014373 3.464101615117487 0
16.74993368382633 8.660534763380294 0
24.12500000014328 3.680607966058649 0
3.625000000089513 1.515544456532472 0
24.00000000014388 3.464101615112233 0
2.750019639304521 8.660252721749572 0
23.50000000014536 3.031088913218529 0
46.5000000000969 5.196152422717145 0
7.375000000075072 6.278684177361366 0
7.250000000068583 6.495190528310425 0
18.75000000014277 3.464101615097313 0
25.12500023546405 8.443748422431263 0
7.000000000069151 6.495190528309582 0
27.75000000014377 3.031088913232114 0
42.99981931226542 8.227261390515407 0
48.75000137190993 7.361216854471728 0
8.875000000059904 7.577722283044116 0
24.5000000001438 3.4641016151141 0
24.75000000014416 3.464101615114948 0
3.125000000082382 2.814582562210842 0
25.25000000014381 3.464101615116528 0
46.75000000008715 5.629165124603202 0
40.50000438421947 9.093556829052453 0
24.75000145280849 8.660258576696522 0
23.62500000014487 3.247595264164815 0
3.750000000091307 1.299038105585955 0
7.750000000068146 6.49519052831194 0
10.3750000001144 2.814582562238173 0
1.750001681781975 7.361216903013418 0
40.87500263863114 8.876801100731186 0
40.12499072277436 8.876826767668737 0
19.7500000000376 8.227241335908314 0
48.24999791409097 3.464100703611779 0
8.000000000068162 6.495190528312442 0
29.12500000014552 1.948557158508197 0
9.000000000062414 7.361215932097682 0
20.12500000013228 0.2165063509416383 0
47.50000000010193 1.299038105693674 0
2.375251392756263 8.876865810787262 0
8.125000000074838 6.278684177363419 0
33.62500000015571 1.948557158464578 0
1.50001318477849 7.361223544271247 0
13.75000000013037 3.464101615082665 0
18.00000051860284 8.660257045445249 0
22.37500000014499 3.680607966053739 0
9.375000000058794 7.577722283045693 0
43.49999990727081 7.361216560523307 0
37.00000000014582 1.732050807534121 0
34.1250000001444 3.680607966027002 0
36.62500000015861 1.515544456581461 0
28.00000000014436 3.031088913233189 0
4.12500000009164 1.515544456534029 0
47.75000000149284 1.299038106499242 0
33.50000000015504 2.165063509408957 0
18.12500069680801 8.44375172808917 0
24.62500028233391 8.443748568861132 0
22.12500000014498 3.680607966052889 0
14.37500000013519 3.680607966028619 0
44.25000000010798 2.59807621134854 0
9.625000000058172 7.577722283046331 0
43.12500000011451 4.113620667981125 0
18.00000000014142 3.464101615094931 0
46.37500000009899 4.979646071772775 0
28.62500000014574 1.948557158507092 0
28.12500000014347 3.247595264179472 0
4.375000000092036 1.515544456535332 0
38.87500000011927 3.680607966064469 0
38.50000000011477 3.897114317018866 0
3.250000000083193 2.598076211264635 0
22.00000000014483 3.464101615106374 0
28.875000000146 1.948557158507561 0
9.625000000111672 2.814582562236888 0
24.12500000790902 8.443747711477068 0
23.87500000180538 8.443747692406134 0
40.99996913987634 9.09366322951939 0
0.9997989232993361 7.794112542239375 0
4.500000000086025 1.299038105594471 0
9.750000000061188 7.361215932099652 0
48.49999372089796 3.464098970823715 0
19.50000000013117 0.4330127018873979 0
13.00000000012822 3.46410161508097 0
8.875000000073033 6.278684177367523 0
21.75000000014553 3.464101615105874 0
47.87499908339183 2.814582120959617 0
40.24997665151899 9.093794030334976 0
43.37500000012159 1.51554445661177 0
24.37500006259964 8.443747882348273 0
8.750000000066374 6.49519052831569 0
48.49997424871823 4.763159578075186 0
19.37500000013429 0.6495190528313066 0
39.37500000013442 2.814582562276053 0
10.12500000005673 7.577722283048108 0
33.25000000015693 2.165063509407633 0
4.375000000069468 7.577722283031543 0
3.375000000084252 2.381569860318379 0
17.25000000014065 3.46410161509254 0
23.62500000042622 8.44374768809482 0
0.7507039007142433 7.794582435473384 0
10.37500000005607 7.577722283048768 0
8.500000000067423 6.495190528314573 0
21.50000000014575 3.464101615105175 0
46.37525935369368 8.87710339829618 0
33.0000000001605 2.165063509406431 0
3.625000000084582 2.38156986031881 0
28.50000000014572 2.165063509452271 0
36.37500000014634 1.948557158478156 0
47.62499980504764 2.814582469856409 0
46.87500000009813 3.247595264201007 0
8.875000000108949 2.814582562235626 0
9.625000000074735 6.278684177367636 0
4.500000000069609 7.361215932085952 0
10.50000000005993 7.361215932101596 0
4.000000000087068 2.165063509373232 0
4.375000000071029 7.144709581139544 0
23.37494471067924 8.44377182356245 0
21.25000000014588 3.464101615104477 0
3.750000000086235 2.165063509372532 0
23.12482908690772 8.443809392641475 0
41.62310803610772 8.875616002695924 0
41.73767788227921 9.086199930399744 0
10.87500000005532 7.57772228305019 0
4.500000000071226 6.928203230194141 0
47.25000000009658 2.598076211363898 0
21.00000000014595 3.464101615103887 0
41.37476205023258 8.876650429737689 0
48.62499881139718 3.680607467477787 0
28.25000000014576 2.165063509452268 0
11.12500000005464 7.577722283050784 0
36.12500000014941 1.94855715847567 0
10.00000000006484 6.49519052831972 0
4.625000000071315 6.71169687924886 0
10.75000000006564 6.495190528320923 0
22.87483239828602 8.443795751174285 0
11.0000000000652 6.495190528321494 0
20.750000000146 3.464101615103179 0
11.12500000007549 6.278684177370405 0
9.500000000065473 6.495190528318348 0
22.62486221760378 8.443781357419544 0
20.50000000014595 3.464101615102511 0
4.500000000072585 6.495190528301963 0
20.25000000014597 3.464101615101703 0
11.25000000005873 7.361215932103514 0
12.25000000012611 3.464101615079755 0
32.75000000013021 5.196152422701182 0
22.37496433232641 8.443756066417631 0
10.2500000000655 6.495190528320013 0
11.50000000006462 6.495190528323207 0
4.625000000073341 6.278684177355917 0
46.7500000000996 3.464101615149555 0
35.75000000016226 1.732050807523826 0
11.6250000000531 7.577722283052658 0
22.12499055916258 8.44374974745805 0
33.00000000012951 5.196152422702227 0
20.00000000014602 3.464101615100939 0
11.75000000006439 6.495190528323819 0
33.25000000012889 5.196152422702325 0
18.25000056830163 8.227244631813143 0
32.00000000012703 2.598076211343973 0
4.87500000009833 3.247595264109916 0
11.87500000007552 6.278684177372354 0
35.6250000001508 1.948557158474165 0
4.375000000086534 2.381569860320801 0
11.87500000005247 7.57772228305328 0
21.87499744430621 8.443747560256305 0
28.12500000014687 1.948557158506762 0
35.37500000015466 1.948557158471446 0
19.75000000014596 3.464101615100134 0
43.62500000011543 3.680607966092261 0
42.00000000012469 3.031088913242777 0
47.4999999675882 2.598076195956362 0
4.500000000088514 2.165063509374523 0
12.00000000005743 7.361215932105827 0
21.62499973354068 8.443747162548092 0
21.37499994256978 8.443746101091845 0
10.37500000007377 6.278684177370235 0
4.750000000089901 2.165063509375362 0
9.250000000069074 6.495190528315559 0
12.25000000006339 6.495190528325873 0
18.6250000001447 3.680607966042758 0
12.50000000006306 6.495190528326514 0
12.62500000007547 6.278684177374225 0
19.50000000014581 3.464101615099299 0
5.50000000007322 6.062177826412115 0
12.37500000005129 7.577722283054964 0
21.12499998339023 8.443746059830799 0
43.37500000011755 1.948557158503013 0
48.00000006021211 1.299038140402178 0
41.87500000012417 2.814582562288408 0
12.6250000000506 7.577722283055563 0
19.25000000014556 3.464101615098588 0
33.62500000012271 4.9796460717527 0
20.87499999567499 8.443746973517865 0
13.0000000000638 6.495190528327432 0
18.50000000013744 0.433012701888845 0
27.87500000014679 1.948557158505957 0
44.00000000010923 3.897114317040208 0
34.00000000012022 4.763139720805855 0
13.25000000006367 6.495190528327863 0
20.62499999876908 8.443747408007408 0
12.75000000005615 7.361215932107894 0
11.50000000012161 3.464101615079045 0
13.37500000007556 6.278684177376129 0
19.00000000014427 3.464101615097684 0
17.87500000014388 3.68060796604023 0
20.37499509590822 8.443750660390503 0
27.6250000001464 1.94855715850501 0
43.50000000011829 1.73205080756006 0
13.75000000006169 6.495190528330586 0
13.12500000004949 7.577722283057269 0
20.12496485590906 8.443769530424639 0
48.12500014519404 1.082531838522382 0
19.99999414268254 8.227244976503881 0
18.37500000014418 3.68060796604183 0
14.00000000006138 6.495190528331257 0
13.37500000004881 7.577722283057867 0
27.37500000014656 1.948557158504522 0
19.62500000003873 8.443747686853888 0
4.750000000081502 5.196152422625367 0
42.50000000012358 1.732050807553039 0
14.50000000006149 6.495190528332397 0
34.25000000012117 4.763139720806327 0
14.12500000007504 6.27868417737831 0
19.37493953834392 8.443935056892668 0
16.87497577723899 8.44385250377201 0
19.12498031142984 8.443989824619969 0
18.25000000014381 3.464101615095369 0
44.12500000011653 3.680607966092583 0
13.50000000005483 7.361215932109539 0
17.12500000014175 3.680607966037428 0
18.87502072712437 8.443989239289969 0
14.75000000006131 6.495190528333005 0
10.75000000011933 3.464101615077785 0
13.8750000000477 7.577722283059551 0
27.12500000014665 1.948557158504089 0
18.50000054688412 8.227244507591985 0
48.62526633392129 7.577929819196795 0
18.62502109524484 8.443899110742301 0
48.25000017301358 0.8660255036396532 0
14.12500000004699 7.577722283060081 0
26.87500000014672 1.948557158503556 0
14.8750000000751 6.278684177380175 0
17.75000008327021 8.660254520537501 0
15.6249999780501 8.444004215393161 0
34.75000000011887 4.763139720805146 0
17.62500001943854 8.443747799370232 0
17.12497996088399 8.443836268320659 0
34.37500000013114 4.979646071758267 0
38.50000000013567 2.59807621132464 0
16.124999581479 8.44380820102926 0
14.25000000005367 7.361215932111913 0
47.12500000009776 3.68060796609166 0
16.37499973610652 8.443759304394668 0
16.50000000003985 8.660254037789176 0
35.00000000011852 4.763139720805533 0
17.37499775403911 8.443757853411608 0
17.62500000014305 3.680607966039434 0
33.62500000013586 4.113620667949125 0
15.87499979220061 8.443961738960667 0
15.25000000006037 6.495190528335351 0
14.62500000004604 7.577722283061791 0
49.00231301608201 7.796163669510955 0
15.50000000006025 6.4951905283359 0
15.62500000007462 6.278684177383605 0
14.87499999971539 8.443713840375935 0
17.50000000014208 3.464101615093146 0
26.62500000014696 1.948557158503143 0
14.87500000004531 7.577722283062324 0
15.2499999877997 8.660759464482897 0
15.12499999771567 8.443814974801196 0
15.00000000005213 7.361215932114368 0
10.00000000011486 3.464101615076968 0
16.00000000006197 6.495190528336513 0
31.00000000013419 0.4330127018903128 0
34.37500000011665 0.2165063509266011 0
16.25000000006185 6.495190528336821 0
35.12500000013058 4.979646071758368 0
16.37500000007538 6.278684177384596 0
44.375000000113 3.680607966095594 0
29.00000000005588 6.062177826480578 0
44.75000000010802 3.897114317044208 0
14.49982346234025 8.660297130985322 0
15.37500000004677 7.577722283061538 0
16.87500000007379 6.278684177389093 0
47.37500000009624 4.113620667982484 0
14.37497041731021 8.443762179095806 0
16.75000000006188 6.495190528338538 0
47.25000000009618 4.330127018935887 0
40.25000000012154 3.897114317020535 0
15.50000000005096 7.361215932116405 0
14.12496651037855 8.443771324837822 0
26.37500000014698 1.948557158502547 0
28.75000000005255 6.062177826480734 0
28.37500000006854 5.845671475526541 0
16.87500000014151 3.680607966036572 0
15.87500000004594 7.577722283062912 0
26.62500000006926 5.845671475523451 0
35.500000000121 4.763139720807791 0
28.25000000005365 6.062177826478228 0
13.74988720810453 8.660880695084801 0
17.2500000000615 6.495190528340338 0
17.50000000006144 6.495190528340549 0
16.00000000005032 7.361215932117817 0
27.62500000006801 5.845671475524767 0
44.87500000011218 3.680607966098363 0
17.62500000007581 6.27868417738788 0
30.75000000013516 0.4330127018912838 0
27.87500000006803 5.845671475524609 0
16.75000000014125 3.464101615090768 0
26.50000000006202 6.062177826472199 0
25.62500000006879 5.845671475520485 0
27.50000000005896 6.062177826475178 0
9.250000000112319 3.464101615075839 0
47.37500000009233 4.546633369878833 0
13.62499191955486 8.443976219933679 0
27.12500000005551 6.278684177421258 0
16.37500000004524 7.577722283064313 0
18.00000000006178 6.495190528341782 0
26.12500000014683 1.948557158501933 0
22.12500000007328 6.278684177402695 0
25.5000000000594 6.06217782646795 0
26.1250000000565 6.278684177418282 0
47.00000000009857 3.897114317041226 0
18.1250000000765 6.278684177388172 0
22.50000000005942 6.495190528353666 0
22.00000000005716 6.495190528354406 0
16.50000000004973 7.361215932119414 0
22.62500000007582 6.278684177399246 0
16.50000000014142 3.464101615090114 0
4.875000000094678 4.97964607167644 0
25.12500000006176 5.845671475523527 0
21.37500000007962 6.278684177395094 0
21.75000000005938 6.495190528352635 0
13.25008818445919 8.660827404106918 0
21.25000000006441 6.495190528347933 0
23.12500000007311 6.278684177403006 0
35.62500000013036 4.97964607175823 0
21.00000000006521 6.495190528347466 0
24.75000000005894 6.062177826468155 0
23.00000000006052 6.495190528354018 0
20.62500000007581 6.278684177396154 0
13.0000283528146 8.660428794974209 0
18.87500000007222 6.278684177395329 0
19.25000000006268 6.495190528345343 0
19.62500000006567 6.2786841774005 0
18.75000000005674 6.495190528347112 0
20.12500000007466 6.2786841773953 0
20.50000000006233 6.495190528347001 0
25.87500000014681 1.948557158501433 0
12.87500523157211 8.443779772211641 0
20.00000000006304 6.49519052834447 0
24.12500000006948 5.845671475516248 0
18.50000000006126 6.495190528343948 0
45.25000000010808 3.897114317045419 0
24.00000000006174 6.062177826463164 0
16.87500000004415 7.577722283066713 0
23.87500000004573 7.144709581193415 0
30.37500000014262 0.6495190528376593 0
17.12500000004465 7.577722283066446 0
24.37500000006776 5.845671475517426 0
40.25000000013009 2.598076211333504 0
23.6250000000744 5.845671475515665 0
36.00000000012019 4.763139720808272 0
17.25000000004952 7.361215932121557 0
24.25000000003796 7.361215932139449 0
25.62500000014707 1.948557158500904 0
13.12500000010131 0.6495190528381239 0
21.87500000003681 7.577722283082766 0
8.500000000109825 3.464101615074603 0
22.75000000004129 7.361215932136724 0
13.87500000010623 0.6495190528382456 0
5.375000000037899 0.2165063509433266 0
23.25000000004302 7.361215932138464 0
16.25000000014067 3.464101615089263 0
22.12500000003975 7.577722283081686 0
12.37500000009638 0.6495190528381172 0
21.37500000005156 7.144709581183776 0
14.6250000001058 0.6495190528392988 0
24.37500000004334 7.144709581193799 0
22.37500000004727 7.144709581189997 0
12.50000054265515 8.660257271110872 0
24.75000000003815 7.3612159321404 0
11.62500000009144 0.6495190528380117 0
5.250000000051872 0.4330127018851577 0
17.75000000004812 7.361215932123443 0
16.00000000013996 3.464101615088461 0
20.75000000004906 7.361215932130678 0
17.62500000004365 7.57772228306828 0
21.1250000000412 7.577722283078078 0
10.87500000008644 0.6495190528379864 0
7.125000000067705 0.6495190528358783 0
45.37500000011019 3.680607966100229 0
20.25000000004532 7.361215932129568 0
7.87500000007263 0.6495190528363965 0
23.12500000003766 7.577722283083499 0
10.12500000008147 0.6495190528378307 0
23.62500000003715 7.577722283085156 0
20.62500000004173 7.577722283077426 0
24.8750000000439 7.144709581195734 0
12.24982367112771 8.660365252703658 0
18.62500000004056 7.577722283073463 0
9.375000000076495 0.6495190528377777 0
25.37500000014721 1.948557158500398 0
18.25000000004957 7.361215932121823 0
8.625000000071413 0.6495190528377182 0
18.12500000004356 7.577722283069141 0
19.87500000004955 7.144709581183033 0
36.12500000012822 4.979646071756988 0
15.75000000013943 3.46410161508772 0
19.62500000003919 7.577722283076027 0
18.87500000004007 7.577722283073979 0
25.3750000000333 7.577722283091025 0
19.00000000004878 7.361215932125424 0
8.00000000010721 3.031088913179462 0
12.12497680370171 8.443764322609784 0
33.62500000012116 0.2165063509262964 0
19.37500000004084 7.577722283074474 0
5.250000000085596 5.196152422625839 0
25.12500000014716 1.948557158499707 0
14.50000000013531 3.464101615084858 0
11.75000000005976 8.66025403777887 0
25.62500000003308 7.577722283091371 0
15.50000000013835 3.464101615086665 0
5.375000000106185 4.97964607166984 0
45.62500000010749 3.6806079661009 0
40.00000000013542 1.732050807548223 0
11.49987241767161 8.660564008161503 0
15.25000000013803 3.464101615086259 0
15.00000000013778 3.464101615085857 0
30.12500000013365 0.2165063509448452 0
43.37500000011128 4.113620667981053 0
36.37500000012688 4.979646071756359 0
11.37497484212251 8.443809156075591 0
24.87500000014716 1.948557158499089 0
5.750000000082301 5.196152422630153 0
25.75000000004166 7.361215932143576 0
45.75000000010819 3.464101615156373 0
36.75000000012115 4.76313972081042 0
10.99999037834901 8.660278436116268 0
43.50000000011332 3.897114317037317 0
10.74982169345109 8.660368336819671 0
5.875000000105054 4.97964607167357 0
26.12500000003514 7.577722283090179 0
26.25000000004081 7.361215932145399 0
14.75000000013627 3.46410161508467 0
24.6250000001472 1.948557158498748 0
29.75000000013931 0.4330127018914601 0
37.25000000011791 4.763139720808059 0
26.6250000000333 7.577722283092233 0
10.62497667470165 8.443764526365685 0
36.87500000012987 4.979646071758924 0
14.12500000013421 3.680607966028695 0
10.2500000000656 8.660254037775177 0
34.87500000015568 1.948557158471008 0
13.62500000013342 3.680607966028155 0
14.00000000013081 3.464101615083187 0
37.37500000012903 4.979646071758712 0
24.37500000014772 1.948557158498585 0
9.999887207002153 8.660881305093039 0
45.87500000010829 3.247595264206061 0
26.87500000004261 7.144709581201711 0
6.250000000085311 5.196152422630612 0
27.25000000003572 7.361215932148323 0
9.874992223880637 8.443979874858945 0
13.37500000013288 3.680607966027281 0
29.37500000014248 0.6495190528359699 0
6.375000000106541 4.979646071674484 0
9.500088184051984 8.660827456684991 0
24.12500000014772 1.948557158498004 0
43.37500000011775 2.814582562297602 0
37.75000000012013 4.763139720811706 0
9.250028353017047 8.660428810463047 0
27.6250000000324 7.57772228309402 0
27.75000000003833 7.361215932149769 0
37.87500000012602 4.979646071757721 0
43.00000000012052 2.598076211347736 0
6.750000000084952 5.196152422633178 0
13.25000000012927 3.464101615080967 0
29.25000000013873 0.4330127018911324 0
28.1250000000321 7.577722283096497 0
23.8750000001481 1.948557158497722 0
9.125005249781495 8.44377985613537 0
22.75000000014747 1.732050807550109 0
38.5000000001186 4.763139720812417 0
7.000000000085141 5.196152422633373 0
8.750000555782368 8.660257260914777 0
28.37500000003076 7.577722283097168 0
12.87500000013165 3.680607966026335 0
29.00000000014138 0.4330127018909012 0
8.499823695361219 8.660365233604658 0
23.62500000014845 1.948557158496459 0
7.125000000106949 4.979646071677163 0
28.50000000003647 7.36121593215215 0
8.374977150645176 8.443764047763176 0
22.62500000014833 1.948557158493657 0
41.7500000001158 3.897114317027842 0
28.75000000003338 7.361215932151538 0
38.62500000012864 4.97964607176109 0
28.87500000013529 0.2165063509442513 0
12.62500000013115 3.680607966025535 0
28.50000000014332 0.4330127018906304 0
38.12500000012506 4.979646071757753 0
8.000000000074385 8.660254037769633 0
39.87500000011811 4.113620667963379 0
7.749886416277697 8.660881837389681 0
23.50000000014872 1.732050807552455 0
31.12500000013421 1.082531754726584 0
23.25000000014906 1.732050807550352 0
44.50000000011239 3.03108891325562 0
29.00000000003911 6.928203230258532 0
7.624990836544516 8.443977185494582 0
31.00000000013728 0.8660254037810141 0
44.87500000011103 6.278684177444018 0
28.37500000013608 0.2165063509450607 0
28.00000000013944 0.4330127018905232 0
31.12500000013375 0.6495190528358401 0
12.50000000012721 3.464101615079541 0
23.00000000014795 1.732050807549624 0
31.00000000013718 1.299038105671243 0
7.500000000085812 5.196152422635956 0
27.62500000014474 0.6495190528374725 0
38.62500000010978 4.113620667970769 0
31.25000000013475 1.73205080755956 0
45.0000000001272 6.062177826492839 0
39.00000000011401 4.763139720807755 0
7.750000000085945 5.196152422636009 0
31.12500000013502 1.51554445661338 0
7.250090470991134 8.660840738200625 0
7.8750000001088 4.979646071679292 0
31.50000000013334 2.165063509450542 0
31.75000000013194 2.598076211342998 0
27.37500000013596 0.2165063509441104 0
39.25000000011314 4.763139720808526 0
27.12500000013615 0.2165063509444505 0
31.62500000013226 2.381569860396475 0
12.12500000013028 3.680607966025262 0
7.000000085025063 8.227241828614531 0
26.25000000014461 0.8660254037824895 0
32.87500000012652 0.2165063509272911 0
45.87500000010848 2.814582562303842 0
31.37500000013375 1.948557158505035 0
26.75000000014169 0.4330127018909941 0
6.75000017200459 8.227242333085922 0
8.250000000086414 5.196152422638368 0
39.37500000012398 4.979646071757665 0
36.50000000015272 1.732050807529096 0
22.37500000014827 1.948557158494452 0
44.50000000012868 6.062177826492199 0
8.500000000086468 5.196152422638409 0
19.75000000004477 7.361215932129044 0
26.12500000013777 0.6495190528339481 0
30.25000000013788 0.4330127018899286 0
11.87500000012943 3.680607966024029 0
25.8750000001402 0.6495190528340633 0
8.625000000109793 4.97964607168156 0
32.12500000013032 3.247595264180674 0
44.37500000010439 6.278684177451233 0
32.50000000012804 3.897114317016856 0
21.25000000004575 7.361215932131664 0
22.12500000014856 1.948557158493994 0
9.000000000086846 5.196152422640727 0
32.37500000012864 3.680607966070228 0
32.25000000012901 3.464101615126023 0
22.25000000004322 7.361215932135549 0
32.00000000013201 3.031088913236903 0
40.2500000001137 4.763139720810739 0
32.12500000012848 2.814582562290195 0
39.75000000012906 5.196152422709619 0
9.250000000086892 5.196152422640745 0
6.250000000079822 9.093266739656418 0
42.75000000012825 6.062177826489204 0
25.37500000013989 0.2165063509443896 0
32.50000000012643 0.4330127018785221 0
11.75000000012502 3.464101615078417 0
43.87500000010272 6.278684177451274 0
44.0000000001284 6.062177826491161 0
46.75000000009193 5.196152422716546 0
9.375000000110612 4.979646071683835 0
21.87500000014931 1.948557158491816 0
24.8750000001397 0.6495190528352552 0
44.12500000011156 2.814582562295758 0
43.25000000013688 6.062177826484071 0
43.12500000010679 6.278684177441773 0
32.62500000012744 4.113620667962776 0
7.125018995229187 8.443877060648299 0
46.12500000051952 6.711696879081046 0
46.00000000010599 3.031088913248221 0
43.50000000012551 6.062177826491048 0
23.75000000004158 7.3612159321401 0
45.87500000044326 7.144709581018251 0
42.62500000010451 6.278684177446298 0
24.50000000014562 0.866025403782858 0
11.37500000012837 3.680607966023823 0
40.37500000012747 4.979646071763765 0
26.75000000003816 7.361215932148412 0
24.37500000013776 0.6495190528330583 0
32.75000000012688 4.330127018909087 0
24.12500000014047 0.6495190528325703 0
32.62500000012776 4.546633369859586 0
46.00000000071571 6.928203229909267 0
41.75000000012083 6.495190528381489 0
21.75000000015111 1.732050807549798 0
46.37500000009356 5.845671475551391 0
46.00000003472127 7.361215911452033 0
42.1250000001004 6.711696879338419 0
32.62500000012653 4.979646071751557 0
32.75000000012567 4.763139720803776 0
39.62500000011944 4.979646071757905 0
11.12500000012772 3.680607966022477 0
27.50000000013862 0.4330127018901905 0
41.25000000011335 6.495190528381031 0
46.50000000009056 5.62916512460667 0
28.87500000003748 7.144709581206079 0
21.50000000014925 1.732050807546435 0
9.750000000087532 5.196152422643483 0
25.75000000013871 0.4330127018888462 0
46.2500000004088 6.495190528201396 0
23.87500000013523 0.2165063509431779 0
19.25000000013984 0.8660254037757393 0
10.00000000008754 5.196152422643424 0
47.00000000008715 5.196152422715697 0
25.6250000001363 0.2165063509436668 0
40.75000000011218 4.763139720809303 0
41.37500000012554 6.278684177435331 0
24.00000000013864 0.4330127018872162 0
11.00000000012304 3.464101615077126 0
45.87500072519152 7.577721769200627 0
41.00000000011105 4.763139720810272 0
48.25000000095225 0.433012702416857 0
10.1250000001124 4.979646071686036 0
46.50000000011122 6.062177826482942 0
21.25000000014877 1.732050807545528 0
41.12500000012332 4.979646071759698 0
40.8750000000996 6.71169687933389 0
23.25000000014811 0.4330127018920784 0
40.37500000012195 6.27868417743258 0
45.7500045634395 7.794225330034273 0
10.50000000008797 5.196152422645873 0
23.50000000014212 0.4330127018879256 0
46.62500000009167 5.412658773661176 0
23.00000000014694 0.4330127018909945 0
22.75000000014787 0.4330127018917251 0
10.62500000012664 3.680607966022237 0
22.50000000014645 0.4330127018903495 0
46.37500000020123 6.278684177377738 0
41.50000000012908 5.196152422713142 0
10.7500000000879 5.196152422645843 0
21.00000000014879 1.732050807545323 0
45.62501006681559 8.010726911844067 0
22.25000000014799 0.4330127018916845 0
40.00000000012254 6.062177826489202 0
48.12500000018736 0.2165063510375022 0
45.50000265641319 8.227149191955391 0
10.87500000011292 4.979646071688582 0
10.37500000012602 3.680607966020858 0
42.50000000012838 5.196152422714667 0
22.00000000013967 0.4330127018864861 0
39.87500000010085 6.278684177441758 0
42.00000000011301 4.763139720815108 0
32.50000000015511 0.866025403753765 0
21.75000000013819 0.4330127018859524 0
20.75000000014833 1.732050807544829 0
21.50000000014005 0.4330127018868762 0
21.25000000013765 0.4330127018853653 0
42.2500000001136 4.763139720815836 0
45.25006835915808 8.227003561908038 0
7.625000000116555 3.680607966009565 0
47.12500000008814 4.979646071770727 0
21.00000000013812 0.433012701885394 0
20.75000000013814 0.4330127018850307 0
11.25000000008847 5.196152422648431 0
7.375000000114659 3.680607966006594 0
10.25000000012192 3.464101615075444 0
20.50000000013985 0.4330127018842631 0
43.25000000011287 4.763139720817227 0
47.75000000006528 0.433012701902054 0
11.50000000008841 5.196152422648302 0
18.37500000014428 0.6495190528331669 0
20.50000000014822 1.73205080754461 0
7.250000000107422 3.464101615062465 0
20.37500000013536 0.2165063509414995 0
44.87497659942026 8.010654531999137 0
39.50000000012641 6.062177826483368 0
42.87500000011222 4.979646071758993 0
11.62500000011419 4.979646071690675 0
20.00000000013373 0.4330127018825992 0
6.875000000114731 3.680607966006869 0
43.50000000011248 4.763139720817472 0
6.750000000105763 3.464101615061043 0
41.3750000001202 4.979646071762919 0
39.37500000009861 6.27868417744143 0
19.75000000013257 0.433012701883892 0
12.00000000008895 5.196152422650783 0
9.875000000125207 3.680607966021104 0
19.00000000014209 0.8660254037787671 0
43.62500000012728 4.979646071770283 0
36.75000000012564 3.89711431699594 0
12.25000000008887 5.196152422650623 0
20.25000000014815 1.73205080754417 0
12.37500000011514 4.979646071692838 0
6.375000000113431 3.680607966005339 0
47.25000000008824 4.763139720825102 0
32.62500000014936 1.515544456587826 0
39.00000000012275 6.062177826485431 0
43.62499932358186 7.577726658660596 0
23.37500000006421 6.278684177412662 0
19.3750000001523 1.515544456600035 0
18.87500000014019 0.6495190528322415 0
47.37500000009058 0.6495190528553305 0
6.250000000104039 3.464101615059583 0
9.625000000124711 3.68060796601995 0
44.2500000001029 4.763139720811618 0
44.0000000001079 4.763139720813683 0
44.37500000012706 4.979646071771827 0
20.00000000014812 1.732050807543605 0
5.875000000112805 3.680607966003679 0
38.87500000010163 6.278684177437795 0
44.75000000011239 4.763139720822141 0
5.625000000103665 3.24759526410732 0
18.7500000001376 0.4330127018874818 0
19.25000000014986 1.732050807539819 0
9.500000000120114 3.464101615074215 0
34.87500000012929 4.113620667940318 0
32.37500000013855 1.515544456602213 0
5.37500000010729 3.247595264105804 0
19.75000000014879 1.732050807543295 0
5.250000000103706 3.031088913158595 0
29.37500000004498 7.144709581205864 0
44.87500000011985 4.9796460717666 0
38.50000000012428 6.062177826483296 0
43.99999997073618 7.361215557072456 0
12.75000000008963 5.196152422653682 0
19.62500000015249 1.515544456602072 0
9.125000000124603 3.680607966020664 0
49.37340552744588 0.2136837557834629 0
13.00000000008951 5.196152422653437 0
29.87500000002854 7.577722283107216 0
13.12500000011678 4.979646071695234 0
44.24999994752844 7.361215260513633 0
49.00006413376558 0.432778011516551 0
30.12500000002866 7.577722283105553 0
8.875000000123379 3.680607966018951 0
18.12500000014386 0.6495190528340831 0
13.50000000008746 5.196152422657523 0
48.8750106906345 0.2164672368390567 0
38.12500000010074 6.711696879326774 0
19.37500000006892 6.27868417739854 0
45.12500000011396 4.979646071766819 0
13.75000000008953 5.19615242265596 0
43.87500000007928 7.577722283118512 0
13.87500000011758 4.979646071697528 0
8.750000000118302 3.464101615072956 0
37.12500000013259 6.278684177421534 0
48.62500178396928 0.2164998331843942 0
14.2500000000879 5.196152422659913 0
19.00000000014823 1.732050807540261 0
37.37500000012601 6.278684177427524 0
47.12500000002622 0.2165063509326404 0
30.37500000006035 7.144709581199048 0
30.75000000003705 7.361215932158331 0
14.50000000009 5.196152422658372 0
37.8750000001055 6.711696879329631 0
5.750000000105395 3.464101615056275 0
18.50000000014608 1.732050807540889 0
8.375000000122903 3.680607966019167 0
14.62500000011501 4.97964607170407 0
24.87500000006577 5.845671475523256 0
34.00000000014088 3.897114316976763 0
17.87500000014401 0.6495190528349407 0
31.00000000003729 7.361215932156915 0
4.625000000083108 1.08253175465684 0
18.75000000014738 1.732050807540934 0
8.125000000121389 3.680607966016719 0
31.1250000000589 7.144709581203802 0
23.50000000006774 6.062177826464771 0
31.50000000005076 7.361215932151616 0
4.750000000090679 0.8660254037367828 0
26.25000000006347 6.062177826471027 0
27.25000000006267 6.062177826475961 0
18.37500000014716 1.948557158482191 0
36.12500000010656 6.711696879322076 0
8.000000000115751 3.464101615070357 0
36.50000000012275 6.495190528374245 0
36.87500000009878 6.711696879323283 0
15.00000000009836 5.196152422653158 0
46.87500000002202 0.2165063509292491 0
15.12500000012048 4.979646071698928 0
46.50000000009954 0.4330127019167569 0
17.62500000014304 0.6495190528351767 0
32.87500000015613 2.381569860362486 0
15.50000000008889 5.196152422664346 0
15.75000000008858 5.196152422664431 0
31.87500000003921 7.577722283099742 0
33.12500000014664 3.247595264154137 0
15.87500000012031 4.979646071704731 0
16.2500000000893 5.196152422666772 0
40.25000000008449 7.36121593201943 0
40.00000000007842 7.361215931886701 0
39.12500000007281 7.577722179302133 0
18.12500000014615 1.948557158486665 0
16.50000000008911 5.196152422666827 0
40.62500000006924 7.577722282242201 0
35.62500000011899 6.278684177426211 0
16.6250000001212 4.979646071707021 0
17.37500000014197 0.6495190528353711 0
32.00000000005282 7.361215932154907 0
40.75000000008003 7.361215931994304 0
17.00000000009 5.196152422669133 0
41.0000000000793 7.361215932101711 0
46.3750000000321 0.2165063509342456 0
35.25000000012044 6.062177826484476 0
33.7500000001486 3.897114316981344 0
41.37500000007115 7.577722283088698 0
39.50000000007726 7.361215930419768 0
17.25000000008972 5.196152422669308 0
17.8750000001456 1.9485571584863 0
32.50000000004803 7.361215932158354 0
32.75000000004929 7.361215932157497 0
32.37500000003676 7.577722283102156 0
41.50000000007937 7.361215932162538 0
39.87500000006712 7.577722268124761 0
41.87500000007114 7.577722212469062 0
17.37500000012167 4.979646071709711 0
46.00000000009526 0.4330127019079627 0
17.75000000009414 5.196152422669552 0
35.12500000010298 6.278684177430944 0
42.0000000000899 7.361215932158644 0
18.0000000001058 5.196152422660948 0
42.87500000008675 7.57772225662379 0
34.75000000011762 6.062177826484995 0
42.37500000007344 7.577722155635874 0
42.50000000008323 7.361215901225261 0
33.12500000003806 7.577722283101445 0
18.12500000012337 4.979646071715087 0
16.87500000014127 0.6495190528371826 0
17.6250000001446 1.948557158485807 0
18.50000000010387 5.196152422665094 0
33.25000000004968 7.36121593215798 0
36.12499997595683 7.577722085417353 0
34.99999935330303 7.361214980638415 0
36.0000027770502 7.794218927377931 0
17.12500000014069 0.6495190528358041 0
18.75000000010885 5.196152422661476 0
20.12500000012538 4.979646071720393 0
34.74999956406477 7.361215290715347 0
20.00000000010812 5.196152422665833 0
18.87500000012517 4.979646071716087 0
43.12499990726165 7.577722840844235 0
20.50000000011131 5.196152422665493 0
33.50000000005221 7.361215932157757 0
19.62500000012586 4.979646071718999 0
33.87499865368453 7.577729654996752 0
23.50000000012608 4.763139720776085 0
17.3750000001436 1.94855715848526 0
43.24999987632869 7.361216758204965 0
34.62500000009588 6.278684177437082 0
16.62500000013878 0.6495190528361037 0
23.37500000010079 4.979646071737649 0
36.50000000063743 7.361215930572236 0
19.50000000011061 5.196152422664658 0
45.87500000004455 0.2165063509382352 0
22.62500000011797 4.979646071733241 0
35.62499975501362 7.577720818474614 0
35.50000000005303 7.794228634053814 0
16.37500000013722 0.6495190528361094 0
23.00000000009675 5.196152422681083 0
16.12500000013578 0.649519052835993 0
33.99999938891679 7.361219278432744 0
22.50000000008328 5.196152422690464 0
37.25000000060864 7.361215930653068 0
34.62499614215395 7.577726482436825 0
17.12500000014241 1.948557158484447 0
19.25000000011146 5.196152422663312 0
36.87500000386343 7.577722272418915 0
22.25000000010181 5.196152422677279 0
42.37500000012157 4.979646071761429 0
38.37500000012783 3.680607966063176 0
25.25000000008413 5.196152422695388 0
34.24999922017744 7.361220202353755 0
15.87500000013442 0.649519052836056 0
24.50000000009942 5.196152422680805 0
24.62500000012326 4.979646071726561 0
25.00000000008614 5.196152422694325 0
26.12500000010259 4.979646071742193 0
15.62500000013288 0.6495190528359579 0
24.12500000012401 4.979646071725127 0
24.00000000009184 5.196152422686815 0
21.87500000012427 4.979646071727617 0
37.62500000150234 7.577722279052715 0
25.62500000012412 4.546633369849983 0
26.50000000009522 5.196152422687098 0
34.25000000012829 6.062177826473212 0
16.87500000014129 1.948557158483702 0
34.00000000012795 6.062177826474101 0
45.50000000008987 0.4330127018936392 0
15.37500000013156 0.6495190528360931 0
26.6250000001138 4.97964607174249 0
15.12500000012939 0.6495190528358317 0
45.3750000000399 0.2165063509297736 0
21.75000000010994 5.196152422672051 0
27.50000000009702 5.196152422689346 0
32.25000000009523 6.495190528371426 0
27.00000000009735 5.196152422688018 0
32.3750000001165 6.278684177422085 0
33.6250000000859 6.711696879328271 0
14.5000000001277 0.8660254037847218 0
16.62500000014017 1.948557158483138 0
27.62500000011968 4.979646071736076 0
37.75000000033798 7.361215931412978 0
33.25000000010933 6.495190528381593 0
32.75000000010505 6.49519052837444 0
31.25000000012081 6.062177826476824 0
45.12500000005072 0.2165063509347319 0
31.00000000008092 6.495190528379893 0
31.87500000009112 6.711696879314989 0
33.12500000009198 6.711696879325215 0
21.50000000011206 5.196152422670362 0
39.37500000006798 7.57772225635946 0
27.1250000001151 4.979646071743158 0
14.87500000011873 0.6495190528350678 0
14.62500000012928 1.948557158486754 0
28.37500000011932 4.979646071746576 0
16.37500000013942 1.948557158483098 0
28.75000000011698 5.196152422687311 0
14.25000000012511 0.8660254037830393 0
28.00000000008386 5.196152422703321 0
42.37500000011952 6.278684177430542 0
29.12500000011254 5.412658773634424 0
28.25000000009283 5.196152422696885 0
30.37500000011345 5.845671475530374 0
29.87500000012693 5.412658773631893 0
13.75000000012012 0.8660254037815598 0
38.12500000012076 7.577722265842209 0
21.12500000012767 4.979646071725366 0
13.87500000011154 1.948557158490668 0
14.12500000011357 0.6495190528365911 0
13.50000000011924 0.8660254037807973 0
16.12500000013829 1.948557158482921 0
29.7500000001023 5.629165124582542 0
13.12500000010697 1.948557158489808 0
21.0000000001101 5.19615242266957 0
13.00000000011576 0.8660254037813881 0
13.37500000010847 0.649519052836059 0
38.25000000008497 7.361215912184933 0
12.37500000010264 1.948557158488764 0
12.75000000011494 0.8660254037806668 0
45.37500000011927 5.412658773654465 0
20.625000000128 4.979646071721662 0
44.75000000010251 0.4330127019053165 0
29.50000000010299 5.629165124582707 0
15.87500000013664 1.948557158482404 0
15.62500000013541 1.948557158482009 0
12.2500000001114 0.866025403781268 0
11.62500000009818 1.948557158487869 0
44.625000000045 0.2165063509280024 0
12.62500000010375 0.6495190528360102 0
38.50000000008118 7.361215922735181 0
38.25000000011725 3.897114317038485 0
45.25000000011752 6.062177826490434 0
45.25000000011588 5.196152422712926 0
12.0000000001106 0.8660254037805009 0
10.87500000009388 1.948557158486853 0
44.37500000005596 0.2165063509323898 0
11.50000000010701 0.8660254037810358 0
37.12500000702136 7.577722263544808 0
45.3750000001184 5.845671475541854 0
15.37500000013427 1.94855715848126 0
38.87500000007205 7.577722089138987 0
15.1250000001331 1.948557158481323 0
45.50000000011548 5.629165124600869 0
10.12500000008956 1.948557158485849 0
11.87500000009895 0.6495190528358472 0
36.37500000057477 7.577722237422202 0
11.25000000010622 0.8660254037803067 0
44.0000000001059 0.4330127019027952 0
10.75000000010265 0.8660254037809271 0
9.375000000085372 1.948557158484838 0
41.00000000011316 6.495190528383784 0
14.50000000013132 2.165063509426065 0
11.12500000009417 0.6495190528357399 0
14.87500000013037 1.948557158482844 0
10.50000000010186 0.8660254037800884 0
8.625000000080982 1.948557158483983 0
10.00000000009828 0.8660254037807198 0
43.87500000004346 0.216506350920694 0
14.25000000013086 2.16506350942834 0
7.875000000076337 1.94855715848316 0
10.37500000008929 0.6495190528354757 0
9.750000000097485 0.8660254037798824 0
7.125000000071731 1.948557158482175 0
43.6250000000604 0.2165063509297721 0
13.75000000012877 2.165063509427309 0
9.250000000093912 0.8660254037805667 0
6.375000000067645 1.948557158480912 0
9.625000000084491 0.6495190528353288 0
14.12500000012542 1.948557158490408 0
9.000000000093122 0.866025403779707 0
43.25000000009993 0.4330127018868934 0
13.50000000012778 2.16506350942731 0
8.500000000089486 0.8660254037804624 0
8.875000000079648 0.649519052835192 0
43.12500000006819 0.2165063509396057 0
8.250000000088701 0.8660254037794801 0
13.00000000012571 2.16506350942628 0
42.25000000011303 6.495190528384765 0
7.750000000085622 0.8660254037802078 0
8.125000000075371 0.6495190528346743 0
13.37500000012152 1.948557158489486 0
7.50000000008429 0.8660254037791159 0
7.375000000070321 0.6495190528340338 0
12.75000000012475 2.165063509426146 0
7.000000000081251 0.8660254037798918 0
6.750000000081505 0.8660254037800584 0
6.625000000070026 0.6495190528314208 0
42.75000000007923 0.4330127018729866 0
12.25000000012266 2.165063509425078 0
6.375000000078057 0.6495190528346133 0
12.62500000013402 1.948557158488045 0
30.25000000004666 7.361215932147807 0
6.125000000078586 0.6495190528347178 0
5.875000000073284 0.6495190528267214 0
12.00000000012161 2.165063509424979 0
5.750000000063883 0.4330127018801906 0
5.625000000060056 0.2165063509353538 0
42.37500000005893 0.2165063509207011 0
11.50000000011956 2.165063509424013 0
5.125000000077411 0.6495190528229101 0
11.87500000013073 1.948557158486991 0
42.12500000006884 0.2165063509253991 0
11.25000000011861 2.165063509423864 0
41.75000000011209 0.4330127018912173 0
10.75000000011656 2.165063509422863 0
11.12500000012715 1.948557158485645 0
41.62500000008333 0.2165063509393703 0
32.75000000013647 0.4330127018628848 0
10.50000000011558 2.165063509422711 0
41.25000000010451 0.4330127018744832 0
34.25000000013333 0.4330127018637293 0
10.00000000011353 2.165063509421689 0
38.37500000011767 6.278684177429449 0
10.37500000012377 1.948557158484439 0
2.250000000022125 0.4330127018748615 0
38.25000000011008 6.49519052837976 0
9.750000000112529 2.165063509421532 0
33.50000000013992 0.4330127018645659 0
40.75000000011482 0.4330127018868257 0
41.1250000000846 0.2165063509358591 0
40.62500000008889 0.2165063509373114 0
36.37500000010587 6.711696879319886 0
9.250000000110493 2.16506350942044 0
9.625000000120329 1.948557158483144 0
34.75000000012871 0.4330127018697632 0
34.62500000011396 0.2165063509221448 0
9.000000000109459 2.1650635094204 0
40.25000000011698 0.433012701885074 0
40.12500000009189 0.2165063509364337 0
37.00000000011181 6.495190528375099 0
8.500000000107448 2.16506350941935 0
39.7500000001189 0.4330127018834138 0
39.62500000007349 0.2165063509120575 0
8.875000000117298 1.94855715848235 0
34.00000000013316 0.4330127018678332 0
8.250000000106416 2.165063509419348 0
39.37500000009208 0.2165063509287506 0
38.62500000013289 0.6495190528123477 0
33.87500000011985 0.2165063509251667 0
25.50000000011349 4.763139720798062 0
39.00000000010739 0.4330127018701829 0
7.750000000104393 2.165063509418402 0
25.37500000010295 4.979646071742426 0
33.12500000012275 0.2165063509165296 0
8.125000000113848 1.948557158481204 0
23.1250000001116 4.979646071737768 0
31.12500000010379 6.278684177417611 0
33.87500000011224 6.278684177424542 0
32.00000000010411 6.495190528373236 0
33.75000000010192 6.495190528376421 0
7.500000000103363 2.165063509416234 0
38.37500000009572 0.2165063509263802 0
38.00000000012643 0.4330127018786208 0
33.25000000014008 0.4330127018615804 0
37.87500000010562 0.2165063509334333 0
7.375000000110016 1.948557158479499 0
7.000000000101352 2.16506350941736 0
37.50000000012858 0.4330127018774748 0
37.37500000010389 0.2165063509269997 0
6.750000000100182 2.16506350941396 0
6.625000000105978 1.948557158477402 0
36.87500000013164 0.6495190528210664 0
36.75000000011319 0.4330127018758267 0
6.250000000098347 2.165063509415998 0
6.000000000097502 2.165063509412963 0
36.3750000001406 0.6495190528129249 0
5.875000000097661 1.948557158473625 0
5.625000000098408 1.948557158462031 0
5.500000000100457 1.732050807526445 0
35.50000000013701 0.4330127018658598 0
5.250000000096539 1.732050807517275 0
35.37500000011731 0.2165063509293506 0
36.12500000010343 0.2165063509148264 0
35.87500000011224 0.2165063509206241 0
5.125000000090646 1.515544456576255 0
4.875000000085512 1.51554445655901 0
4.750000000083626 1.299038105611683 0
35.00000000013036 0.43301270186371 0
36.25000000012722 0.4330127018661374 0
38.50000000011821 0.4330127018699975 0
42.50000000009436 0.4330127018747081 0
4.87500000009253 0.6495190528169811 0
47.25000000006293 0.4330127018856953 0
4.750000000084154 0.433012701866993 0
4.500000000098618 0.4330127018661822 0
4.250000000097112 0.4330127018659408 0
4.00000000009238 0.4330127018613131 0
3.75000000008886 0.4330127018592462 0
3.500000000093134 0.4330127018653979 0
3.250000000088052 0.4330127018607427 0
3.000000000090583 0.4330127018650723 0
2.750000000085439 0.4330127018613298 0
2.500000000071518 0.433012701862039 0
2.12500000007801 0.6495190528039366 0
1.875000000084392 0.6495190528116429 0
1.625000000081513 0.6495190528053817 0
1.500000000068248 0.4330127018617423 0
1.250000000083405 0.4330127018652665 0
0.99996946868593 0.4330215857159535 0
0.7500497691563407 0.4329213063571156 0
0.5017051479147888 0.4319653301212859 0
0.2302649826994848 0.4072030229782719 0
48.99916154984086 1.732237750441052 0
21.62458651865343 9.315660937899501 0
48.8743614004824 1.948469115166769 0
30.49553965091125 9.533633888232966 0
48.99895147047309 2.165042488251911 0
28.37392108128849 9.316882433950832 0
5.624598520717968 9.312788296681417 0
49.12307406450722 2.381997584746259 0
0.6266723499604652 2.819522087476606 0
48.99829683753671 2.59745056436602 0
11.4981486331979 9.536990525728854 0
21.87203182557893 9.754830811598794 0
21.00158437708411 9.548232620712303 0
24.50418439019947 9.561251477270254 0
48.368853859929 9.780288986050353 0
49.12288767016838 2.814861077025141 0
49.37149157676354 3.24999143566679 0
26.12351809977077 9.77269137027114 0
42.11427765049777 8.87435593073751 0
19.37499999992098 9.786250747347447 0
13.87499999993695 9.786250747350628 0
11.62358473471926 9.779017321268412 0
10.12499999995641 9.786250747355608 0
7.874999999968088 9.786250747358501 0
7.377424374327036 9.78134625354609 0
9.62734925739136 9.781189191931599 0
13.377349257387 9.781189191049105 0
18.87742352667368 9.781344289590791 0
25.62684911714108 9.780940300774684 0
27.62747303147835 9.780747029056098 0
46.00128745616539 9.09248106941577 0
37.00087959332018 9.092319732514094 0
49.24441492211294 3.031045691646736 0
25.75301224685387 9.550493755453818 0
27.87982172513884 9.341462065479128 0
19.13064721404617 9.344200090260067 0
13.63064721406166 9.344200090249227 0
9.880647214076944 9.344200090236727 0
7.630647214085955 9.344200090228739 0
25.87789149132781 9.314731290570563 0
38.3725869671815 8.876088217968311 0
22.87262115411903 9.772332536427159 0
16.87808325616324 9.328411549135621 0
47.76775094866648 9.565227963315145 0
48.0060469506398 9.08977553122036 0
22.74378741874303 9.522692606110912 0
17.00621258121449 9.570574133588375 0
0.5047858720087903 3.045359531611775 0
45.75337287245664 9.085048303853522 0
36.7535938863742 9.087850972126976 0
45.37361307529174 8.869756038591097 0
28.00206500544743 9.558783194696364 0
19.25109212427968 9.561328755472307 0
13.75084427057653 9.5615051206118 0
10.00086733111464 9.561450761326743 0
7.751092156979707 9.561328844283597 0
37.98916739363441 9.557545512981278 0
42.1220288250066 9.512659306345219 0
49.36349336945511 6.281068398647116 0
4.11221642095078 9.733121353918374 0
49.36500312036607 6.711845781423242 0
0.6363340093826492 8.874999999998382 0
0.7622483386690412 6.488118946707152 0
38.71463312591747 9.100056673436978 0
49.61612769141597 0.2062519823320904 0
19.61552104766397 9.33792215958896 0
14.11607649547876 9.33834393672902 0
11.86142328446378 9.348274409953117 0
10.36552085171507 9.33792266550094 0
8.115521059831455 9.337922230814495 0
0.6311115894491675 4.120019416135989 0
49.36419002002177 4.116621308378004 0
0.8805884339119153 6.70767887567205 0
36.50426350963655 9.081829184393767 0
45.63505804925588 8.869721074783584 0
36.86512003709286 9.751388801289835 0
45.86507999023159 9.751596452060618 0
0.639361687722403 6.280244305042388 0
37.86787765840885 9.319462995045171 0
42.41163255148308 9.77519712227749 0
2.754993937791154 9.533718845551164 0
14.98743327256846 9.533608210121098 0
30.61620574282965 9.312153737676935 0
32.73264349388731 9.579152972706776 0
49.47018857406186 6.497239263399583 0
15.36566604941774 9.765661210927894 0
31.74108763537312 9.082988419615393 0
0.766234899481014 9.083893516098019 0
29.75785232438618 9.529429020980388 0
15.11887139432882 9.311596610608895 0
38.61229394102332 9.766954818043455 0
45.24780343260407 9.070564438642755 0
36.25283715154431 9.074013123172005 0
0.532050984130964 6.498192076143317 0
38.23473633680386 9.104404146073568 0
33.65328575779802 9.795074597287526 0
42.57602237343011 9.571223164796258 0
44.62780521129527 8.855446343353368 0
0.4075219470223628 3.749999999991705 0
45.00087299908023 9.062381713867925 0
22.86182211092769 9.308837844153803 0
16.89041651086706 9.787875354862873 0
35.99730300731959 9.063458596943054 0
0.1893153023575766 6.37499999999448 0
0.4126095219655278 8.504592494485488 0
0.6473553488775614 4.553746029057702 0
49.21874983985592 8.210217271269885 0
35.37705468097654 8.851192839356095 0
0.4291878600011247 9.228947143573787 0
3.997525535892449 9.529016309917248 0
49.60918862190653 3.207551067012876 0
33.87738584944453 9.835076235844586 0
42.91242030480807 9.801209289530798 0
49.56657008721672 8.473468647303685 0
0.4039082829924632 8.000605911554251 0
49.59823091420331 8.000000000000185 0
0.4076728971842134 1.501155676717577 0
0.4041248792144527 3.249493314046175 0
49.81541344564664 6.625000000000014 0
49.59121868544608 1.502230741356323 0
35.75051576943068 9.054951364817123 0
0.4105678745436966 4.996727903068082 0
49.59537594496076 4.995263022488805 0
49.36680452074714 3.653273258814459 0
44.87578414673497 8.858059515440729 0
48.12724502947979 9.333222114868098 0
0.3433915332004646 9.801342939856783 0
31.98343835337234 9.069165724728983 0
43.129171417402 9.838397146158405 0
34.11414427293947 9.542329248226631 0
49.58597754431449 6.290426797324982 0
43.87543553669137 8.842789917095292 0
32.47235240100949 9.601107959018055 0
44.49357826329694 9.045792531544368 0
35.62532367421154 8.854019189650558 0
49.58934156005628 1.974917531009984 0
49.58828081778603 4.527013583713737 0
0.4119512960990679 1.974648458082357 0
34.62471377954184 8.838465057054139 0
44.24780446264457 9.037724514853664 0
34.33319966981908 9.588910373776891 0
43.36405669443582 9.549767382943092 0
49.82091614230229 2.878035177746625 0
0.1717653070445233 2.874999999994263 0
35.2422277460895 9.038019829781213 0
0.1861680447982702 6.616935188137669 0
0.1696469100681887 7.624999999996376 0
48.00807448137579 9.55964185702461 0
34.99687102941983 9.029860581089519 0
49.83144242240407 5.375000000000007 0
49.83105971634432 2.377804701624728 0
0.1678135498423498 5.874999999993716 0
43.07623107782909 8.840881264970609 0
0.1674682453078321 0.6249999999994547 0
49.83578169394551 0.6322694595768285 0
49.83281537659003 7.125000000000007 0
0.1667242174633655 2.374999999995723 0
34.63088393437516 9.841550238735881 0
49.83394817448907 7.625000000000015 0
43.58312555455885 9.595093886519674 0
44.12271620437131 8.844139284657063 0
33.82642392143469 8.897614932390514 0
0.1706235891744336 5.387365040793458 0
32.80370696949534 9.095447348987975 0
49.83246586046767 1.109482915882949 0
49.83290771286662 8.893718777138082 0
0.1674393137014202 1.109308502220315 0
43.50015733614919 9.009462889679401 0
32.23131187811656 9.049627599966948 0
43.88087904414254 9.843242813558536 0
34.86570477546848 9.564172089388336 0
43.7459925074803 9.024436468026217 0
34.87179865959639 8.839652569566901 0
33.68604718768116 9.053754983060513 0
49.83958483747892 5.871211257511478 0
32.2567325257932 9.625270481155612 0
34.24057028391023 8.996711086851571 0
49.83929121835833 9.367729955500719 0
34.49376353488061 9.016097316661952 0
35.10053768835952 9.593466136201808 0
44.11565081584106 9.570673671787 0
0.1524398426526463 7.124999999995614 0
41.94382345855001 9.094480013356419 0
0.1830127018938524 0.1830127018933276 0
49.81698729810764 0.1830127018925367 0
49.81698729810654 9.816987298106957 0
0.1811862563736952 9.818813743625913 0
33.32273627764701 9.292142645248013 0
35.37499999992009 9.854118809199782 0
44.35052824555466 9.599191553237707 0
43.40338392352111 8.823433933223544 0
0.5697309962374354 3.890099079276908 0
41.80968482695381 9.267760698998448 0
0.3431970006441914 6.492057855334346 0
32.94097212066107 9.271684069062529 0
43.00256906951596 9.016572322427042 0
34.16584750247412 8.820646490896738 0
44.62499999997031 9.860997652638265 0
32.46132386942192 9.037348492730379 0
35.6028658629145 9.607643730835711 0
0.5688266367141254 8.627666288649742 0
0.5700363809897318 4.374999999990515 0
49.60368864907671 4.181091412371112 0
49.6623057058289 6.511032052822616 0
0.6957895864082616 9.824364035824781 0
33.42326563480167 9.519068299393837 0
49.18541971213261 3.93939421271349 0
42.75140935851532 9.010220567973764 0
41.95157748047118 9.571453113283916 0
33.63572721884566 9.222865092528876 0
44.85221967200427 9.613631822849673 0
0.5785792978227777 9.094013624043644 0
0.3782568139861253 9.618162035477432 0
42.50835473699542 9.012190888728941 0
49.39097207957524 8.316704688185631 0
49.66626333357951 3.000965027733305 0
$EndNodes
$Elements
9 18966 1 18966
0 1 15 1
1 1 
0 2 15 1
2 2 
0 3 15 1
3 3 
0 4 15 1
4 4 
1 1 1 40
5 1 5 
6 5 6 
7 6 7 
8 7 8 
9 8 9 
10 9 10 
11 10 11 
12 11 12 
13 12 13 
14 13 14 
15 14 15 
16 15 16 
17 16 17 
18 17 18 
19 18 19 
20 19 20 
21 20 21 
22 21 22 
23 22 23 
24 23 24 
25 24 25 
26 25 26 
27 26 27 
28 27 28 
29 28 29 
30 29 30 
31 30 31 
32 31 32 
33 32 33 
34 33 34 
35 34 35 
36 35 36 
37 36 37 
38 37 38 
39 38 39 
40 39 40 
41 40 41 
42 41 42 
43 42 43 
44 43 2 
1 2 1 200
45 2 44 
46 44 45 
47 45 46 
48 46 47 
49 47 48 
50 48 49 
51 49 50 
52 50 51 
53 51 52 
54 52 53 
55 53 54 
56 54 55 
57 55 56 
58 56 57 
59 57 58 
60 58 59 
61 59 60 
62 60 61 
63 61 62 
64 62 63 
65 63 64 
66 64 65 
67 65 66 
68 66 67 
69 67 68 
70 68 69 
71 69 70 
72 70 71 
73 71 72 
74 72 73 
75 73 74 
76 74 75 
77 75 76 
78 76 77 
79 77 78 
80 78 79 
81 79 80 
82 80 81 
83 81 82 
84 82 83 
85 83 84 
86 84 85 
87 85 86 
88 86 87 
89 87 88 
90 88 89 
91 89 90 
92 90 91 
93 91 92 
94 92 93 
95 93 94 
96 94 95 
97 95 96 
98 96 97 
99 97 98 
100 98 99 
101 99 100 
102 100 101 
103 101 102 
104 102 103 
105 103 104 
106 104 105 
107 105 106 
108 106 107 
109 107 108 
110 108 109 
111 109 110 
112 110 111 
113 111 112 
114 112 113 
115 113 114 
116 114 115 
117 115 116 
118 116 117 
119 117 118 
120 118 119 
121 119 120 
122 120 121 
123 121 122 
124 122 123 
125 123 124 
126 124 125 
127 125 126 
128 126 127 
129 127 128 
130 128 129 
131 129 130 
132 130 131 
133 131 132 
134 132 133 
135 133 134 
136 134 135 
137 135 136 
138 136 137 
139 137 138 
140 138 139 
141 139 140 
142 140 141 
143 141 142 
144 142 143 
145 143 144 
146 144 145 
147 145 146 
148 146 147 
149 147 148 
150 148 149 
151 149 150 
152 150 151 
153 151 152 
154 152 153 
155 153 154 
156 154 155 
157 155 156 
158 156 157 
159 157 158 
160 158 159 
161 159 160 
162 160 161 
163 161 162 
164 162 163 
165 163 164 
166 164 165 
167 165 166 
168 166 167 
169 167 168 
170 168 169 
171 169 170 
172 170 171 
173 171 172 
174 172 173 
175 173 174 
176 174 175 
177 175 176 
178 176 177 
179 177 178 
180 178 179 
181 179 180 
182 180 181 
183 181 182 
184 182 183 
185 183 184 
186 184 185 
187 185 186 
188 186 187 
189 187 188 
190 188 189 
191 189 190 
192 190 191 
193 191 192 
194 192 193 
195 193 194 
196 194 195 
197 195 196 
198 196 197 
199 197 198 
200 198 199 
201 199 200 
202 200 201 
203 201 202 
204 202 203 
205 203 204 
206 204 205 
207 205 206 
208 206 207 
209 207 208 
210 208 209 
211 209 210 
212 210 211 
213 211 212 
214 212 213 
215 213 214 
216 214 215 
217 215 216 
218 216 217 
219 217 218 
220 218 219 
221 219 220 
222 220 221 
223 221 222 
224 222 223 
225 223 224 
226 224 225 
227 225 226 
228 226 227 
229 227 228 
230 228 229 
231 229 230 
232 230 231 
233 231 232 
234 232 233 
235 233 234 
236 234 235 
237 235 236 
238 236 237 
239 237 238 
240 238 239 
241 239 240 
242 240 241 
243 241 242 
244 242 3 
1 3 1 40
245 3 243 
246 243 244 
247 244 245 
248 245 246 
249 246 247 
250 247 248 
251 248 249 
252 249 250 
253 250 251 
254 251 252 
255 252 253 
256 253 254 
257 254 255 
258 255 256 
259 256 257 
260 257 258 
261 258 259 
262 259 260 
263 260 261 
264 261 262 
265 262 263 
266 263 264 
267 264 265 
268 265 266 
269 266 267 
270 267 268 
271 268 269 
272 269 270 
273 270 271 
274 271 272 
275 272 273 
276 273 274 
277 274 275 
278 275 276 
279 276 277 
280 277 278 
281 278 279 
282 279 280 
283 280 281 
284 281 4 
1 4 1 200
285 4 282 
286 282 283 
287 283 284 
288 284 285 
289 285 286 
290 286 287 
291 287 288 
292 288 289 
293 289 290 
294 290 291 
295 291 292 
296 292 293 
297 293 294 
298 294 295 
299 295 296 
300 296 297 
301 297 298 
302 298 299 
303 299 300 
304 300 301 
305 301 302 
306 302 303 
307 303 304 
308 304 305 
309 305 306 
310 306 307 
311 307 308 
312 308 309 
313 309 310 
314 310 311 
315 311 312 
316 312 313 
317 313 314 
318 314 315 
319 315 316 
320 316 317 
321 317 318 
322 318 319 
323 319 320 
324 320 321 
325 321 322 
326 322 323 
327 323 324 
328 324 325 
329 325 326 
330 326 327 
331 327 328 
332 328 329 
333 329 330 
334 330 331 
335 331 332 
336 332 333 
337 333 334 
338 334 335 
339 335 336 
340 336 337 
341 337 338 
342 338 339 
343 339 340 
344 340 341 
345 341 342 
346 342 343 
347 343 344 
348 344 345 
349 345 346 
350 346 347 
351 347 348 
352 348 349 
353 349 350 
354 350 351 
355 351 352 
356 352 353 
357 353 354 
358 354 355 
359 355 356 
360 356 357 
361 357 358 
362 358 359 
363 359 360 
364 360 361 
365 361 362 
366 362 363 
367 363 364 
368 364 365 
369 365 366 
370 366 367 
371 367 368 
372 368 369 
373 369 370 
374 370 371 
375 371 372 
376 372 373 
377 373 374 
378 374 375 
379 375 376 
380 376 377 
381 377 378 
382 378 379 
383 379 380 
384 380 381 
385 381 382 
386 382 383 
387 383 384 
388 384 385 
389 385 386 
390 386 387 
391 387 388 
392 388 389 
393 389 390 
394 390 391 
395 391 392 
396 392 393 
397 393 394 
398 394 395 
399 395 396 
400 396 397 
401 397 398 
402 398 399 
403 399 400 
404 400 401 
405 401 402 
406 402 403 
407 403 404 
408 404 405 
409 405 406 
410 406 407 
411 407 408 
412 408 409 
413 409 410 
414 410 411 
415 411 412 
416 412 413 
417 413 414 
418 414 415 
419 415 416 
420 416 417 
421 417 418 
422 418 419 
423 419 420 
424 420 421 
425 421 422 
426 422 423 
427 423 424 
428 424 425 
429 425 426 
430 426 427 
431 427 428 
432 428 429 
433 429 430 
434 430 431 
435 431 432 
436 432 433 
437 433 434 
438 434 435 
439 435 436 
440 436 437 
441 437 438 
442 438 439 
443 439 440 
444 440 441 
445 441 442 
446 442 443 
447 443 444 
448 444 445 
449 445 446 
450 446 447 
451 447 448 
452 448 449 
453 449 450 
454 450 451 
455 451 452 
456 452 453 
457 453 454 
458 454 455 
459 455 456 
460 456 457 
461 457 458 
462 458 459 
463 459 460 
464 460 461 
465 461 462 
466 462 463 
467 463 464 
468 464 465 
469 465 466 
470 466 467 
471 467 468 
472 468 469 
473 469 470 
474 470 471 
475 471 472 
476 472 473 
477 473 474 
478 474 475 
479 475 476 
480 476 477 
481 477 478 
482 478 479 
483 479 480 
484 480 1 
2 2 2 18482
485 624 5851 5853 
486 614 4915 4922 
487 248 561 7409 
488 9392 4897 9414 
489 4831 663 9314 
490 5206 2827 5208 
491 5208 2827 9285 
492 530 24 4877 
493 5141 9392 9414 
494 4875 631 7860 
495 223 224 4992 
496 4825 661 5164 
497 8105 7183 9283 
498 10 560 4933 
499 558 276 4878 
500 186 187 5880 
501 630 4876 4900 
502 539 4820 7661 
503 4861 529 4863 
504 624 5853 5880 
505 559 4823 6562 
506 558 4938 6331 
507 663 4831 9410 
508 5625 560 7715 
509 530 4822 5511 
510 7333 4697 7433 
511 5210 9346 9363 
512 9346 516 9363 
513 4820 539 9365 
514 59 60 9326 
515 631 4875 9413 
516 224 4987 4992 
517 4871 535 4872 
518 190 191 9342 
519 226 227 9343 
520 4859 667 4860 
521 5164 661 9425 
522 564 5847 5849 
523 531 4958 4960 
524 609 4907 9471 
525 9373 5145 9481 
526 5163 653 5165 
527 522 5874 9378 
528 5874 522 9396 
529 538 257 4931 
530 4915 614 9442 
531 5851 624 5881 
532 4823 559 9371 
533 531 4960 4987 
534 4892 4999 9310 
535 529 4861 9416 
536 612 109 5528 
537 4413 4254 5782 
538 5145 5133 9481 
539 7409 561 9380 
540 622 4942 4944 
541 4822 5118 5511 
542 188 189 5881 
543 247 248 7409 
544 4913 547 4922 
545 4374 4376 9336 
546 4356 4358 9335 
547 4344 4346 9334 
548 4326 4328 9333 
549 4282 4284 9332 
550 5468 5470 5471 
551 609 4906 4907 
552 4912 547 4913 
553 578 4983 9395 
554 4827 664 4829 
555 3629 4895 4896 
556 24 25 4877 
557 4983 578 9408 
558 5438 5706 9330 
559 197 198 9357 
560 4921 8086 9461 
561 187 624 5880 
562 520 186 5880 
563 530 4877 9388 
564 564 5849 5881 
565 4915 4913 4922 
566 224 225 4987 
567 9 10 4933 
568 60 4995 9326 
569 276 277 4878 
570 199 512 5478 
571 582 223 4992 
572 625 5210 9324 
573 535 4871 9418 
574 192 511 5882 
575 228 617 4991 
576 5210 625 9346 
577 5 6 9266 
578 243 244 5144 
579 7183 8105 9390 
580 542 4944 4945 
581 191 5882 9342 
582 227 4991 9343 
583 9277 493 9288 
584 4907 4910 9471 
585 9283 7183 9377 
586 4829 555 4830 
587 4933 560 9383 
588 5874 5877 9362 
589 558 4878 9386 
590 8086 4921 9350 
591 4085 4681 4904 
592 5625 7715 9404 
593 4677 4058 4906 
594 4062 4683 4912 
595 3220 3217 5146 
596 170 171 4922 
597 6053 4388 9322 
598 6391 4391 9321 
599 5691 4396 9320 
600 5965 4402 9319 
601 5874 9362 9378 
602 6331 4938 9402 
603 5661 5667 9284 
604 130 131 9278 
605 3629 4894 4895 
606 47 48 4905 
607 48 4888 4905 
608 48 49 4888 
609 4839 562 4841 
610 569 4832 4834 
611 54 55 6006 
612 55 6005 6006 
613 55 56 6005 
614 638 4844 6002 
615 77 78 6047 
616 64 65 4889 
617 86 87 6386 
618 92 93 5915 
619 101 102 5686 
620 5686 102 5689 
621 102 103 5689 
622 4314 4316 5522 
623 5519 4314 5522 
624 4312 4314 5519 
625 114 115 6597 
626 123 124 5959 
627 7102 637 7400 
628 589 5935 5936 
629 138 139 5776 
630 142 143 6847 
631 501 5655 5656 
632 500 4835 4837 
633 4537 4091 7331 
634 167 168 4879 
635 4879 168 4911 
636 168 169 4911 
637 7140 8044 8086 
638 193 194 5843 
639 5442 629 5443 
640 5446 567 5448 
641 204 205 5463 
642 5452 508 5455 
643 207 208 5464 
644 5459 568 5462 
645 231 232 4891 
646 3215 3211 5138 
647 5134 3215 5138 
648 667 4859 9421 
649 536 9326 9376 
650 5468 5469 5470 
651 490 4842 4923 
652 5667 581 9284 
653 593 6046 6050 
654 493 6385 6389 
655 494 5914 5918 
656 503 6596 6600 
657 588 5958 5962 
658 4410 5772 6598 
659 5463 205 5480 
660 5464 208 5479 
661 160 161 4903 
662 9307 2823 9361 
663 7101 4411 9279 
664 6844 4415 9280 
665 6385 493 9277 
666 4192 4843 4953 
667 4076 4844 6004 
668 61 655 4995 
669 106 505 5525 
670 4697 7333 9403 
671 602 5524 9348 
672 4881 160 4903 
673 4847 645 4950 
674 660 4843 4951 
675 4845 655 4993 
676 4848 617 4954 
677 7577 4826 9481 
678 5521 4399 5526 
679 5779 498 5780 
680 9396 522 9407 
681 4387 4924 4926 
682 4390 6051 6055 
683 4395 5919 5923 
684 4401 6601 6603 
685 4406 6848 6850 
686 4408 5660 5663 
687 4842 4678 4923 
688 225 531 4987 
689 6004 536 9376 
690 6046 6044 6050 
691 6385 6383 6389 
692 5914 5912 5918 
693 6596 6594 6600 
694 5958 5956 5962 
695 205 206 5480 
696 208 209 5479 
697 4410 6598 6606 
698 502 4998 9270 
699 4412 7401 9268 
700 522 6929 9407 
701 5524 602 9352 
702 66 67 4883 
703 200 201 5467 
704 157 158 4884 
705 162 163 7332 
706 50 51 4887 
707 52 53 4952 
708 57 58 6003 
709 4068 4070 4994 
710 4064 4066 4890 
711 68 69 4882 
712 150 151 5659 
713 202 203 5465 
714 210 211 5466 
715 4684 4685 4893 
716 159 160 4881 
717 4983 4988 9379 
718 585 7332 9355 
719 4688 4894 8104 
720 4389 4372 6049 
721 4392 4354 6388 
722 4394 4342 5917 
723 4397 4324 5688 
724 4403 4280 5961 
725 4061 3624 4898 
726 5440 5437 5469 
727 4886 4418 9318 
728 131 5937 9278 
729 257 258 4931 
730 5146 5145 9373 
731 5521 612 5528 
732 5779 4413 5782 
733 5140 604 7939 
734 4983 9379 9395 
735 653 5163 9422 
736 4411 5963 9279 
737 4415 5777 9280 
738 4852 552 5163 
739 4387 4926 4927 
740 4390 6055 6056 
741 4395 5923 5924 
742 4401 6603 6604 
743 4406 6850 6851 
744 4408 5663 5664 
745 566 5867 9424 
746 5877 572 9362 
747 4872 535 4873 
748 544 6006 9347 
749 5867 566 9437 
750 4330 4332 9303 
751 4360 4362 9304 
752 4378 4380 9305 
753 4286 4288 9302 
754 4216 4218 9301 
755 4924 4387 5946 
756 6051 4390 6058 
757 5919 4395 6026 
758 6601 4401 7273 
759 5963 4411 7632 
760 131 132 5937 
761 5777 4415 7743 
762 6848 4406 7229 
763 148 149 5658 
764 5660 4408 7849 
765 5516 612 5520 
766 4302 4304 6599 
767 133 134 5938 
768 5773 4413 5778 
769 5838 5839 5844 
770 4687 4779 4955 
771 9408 578 9426 
772 607 4853 4855 
773 4857 605 4859 
774 5165 653 5166 
775 4909 5514 9479 
776 624 188 5881 
777 189 564 5881 
778 578 7302 9426 
779 104 105 9352 
780 538 4931 9397 
781 4388 9305 9322 
782 4391 9304 9321 
783 4396 9303 9320 
784 4402 9302 9319 
785 9313 5527 9368 
786 9312 5781 9367 
787 4895 4892 9310 
788 5872 5879 9428 
789 6049 4374 9336 
790 6388 4356 9335 
791 5917 4344 9334 
792 5688 4326 9333 
793 5961 4282 9332 
794 5462 5209 9459 
795 5872 9428 9440 
796 5514 669 9479 
797 4826 7577 9382 
798 109 110 5528 
799 4254 4256 5782 
800 512 5468 5478 
801 4418 4886 9272 
802 4868 636 4871 
803 5 9266 9450 
804 243 5144 9452 
805 198 5478 9357 
806 491 6045 6048 
807 594 6384 6387 
808 596 5913 5916 
809 495 5685 5687 
810 4409 5517 5520 
811 5772 4410 6599 
812 496 5957 5960 
813 5935 589 5938 
814 647 5774 5778 
815 650 4838 4880 
816 511 5841 5844 
817 512 5445 5468 
818 4842 490 4924 
819 6046 593 6051 
820 617 4848 4955 
821 5914 494 5919 
822 6596 503 6601 
823 5958 588 5963 
824 589 5936 5937 
825 5775 551 5777 
826 6846 499 6848 
827 501 5656 5658 
828 5657 641 5660 
829 4850 621 4892 
830 4876 4899 4900 
831 630 4900 4902 
832 5135 5139 5140 
833 5209 5462 9475 
834 8086 8044 9461 
835 4380 4382 4927 
836 4362 4364 6056 
837 4332 4334 5924 
838 4288 4290 6604 
839 4234 4236 6851 
840 4218 4220 5664 
841 536 59 9326 
842 8044 7140 9454 
843 4332 5924 9303 
844 4362 6056 9304 
845 4380 4927 9305 
846 4288 6604 9302 
847 4218 5664 9301 
848 4207 3630 4899 
849 5470 5438 9330 
850 2068 9405 9439 
851 4830 555 4831 
852 6599 9309 9313 
853 5938 9308 9312 
854 4418 9301 9318 
855 4822 530 9388 
856 7433 4697 9389 
857 4904 585 9355 
858 617 4955 4991 
859 511 5844 5882 
860 191 192 5882 
861 227 228 4991 
862 572 5877 9472 
863 4938 558 9386 
864 543 4851 4876 
865 4853 607 4864 
866 605 4857 4865 
867 649 4856 4862 
868 4953 544 9347 
869 643 4885 4886 
870 513 4985 9436 
871 198 199 5478 
872 560 5625 9383 
873 4867 636 4868 
874 4856 649 4861 
875 5842 9323 9345 
876 4985 513 9447 
877 2142 9398 9427 
878 5527 5528 9368 
879 5781 5782 9367 
880 622 4944 9417 
881 9270 4880 9349 
882 4876 630 9448 
883 4999 557 9310 
884 516 4988 9363 
885 4084 4192 4953 
886 4074 4076 6004 
887 60 61 4995 
888 5520 5521 5526 
889 5778 5779 5780 
890 5141 7110 9281 
891 4921 4919 9350 
892 4086 4085 4904 
893 4058 4059 4906 
894 4774 4062 4912 
895 5143 7410 8072 
896 9309 5527 9313 
897 9308 5781 9312 
898 4821 4820 9365 
899 5135 5140 7939 
900 9323 5476 9345 
901 4988 516 9379 
902 5137 608 7408 
903 4910 45 9471 
904 4399 5521 5527 
905 498 5779 5781 
906 5140 5141 9281 
907 564 190 9342 
908 531 226 9343 
909 542 4945 4948 
910 6851 9300 9306 
911 5518 5523 5525 
912 6562 4823 9381 
913 9314 663 9384 
914 4832 569 4882 
915 4835 500 4881 
916 4843 660 4952 
917 4841 562 4887 
918 4844 638 6003 
919 655 4845 4994 
920 504 4846 4890 
921 5655 501 5659 
922 5445 512 5467 
923 569 4834 4883 
924 641 5657 5659 
925 5443 629 5465 
926 5462 568 5466 
927 541 4849 4893 
928 567 5446 5465 
929 500 4837 4884 
930 7330 4682 7332 
931 629 5442 5467 
932 4842 4924 5946 
933 6046 6051 6058 
934 5914 5919 6026 
935 6596 6601 7273 
936 5958 5963 7632 
937 132 589 5937 
938 5775 5777 7743 
939 6846 6848 7229 
940 149 501 5658 
941 5657 5660 7849 
942 5517 5516 5520 
943 4410 4302 6599 
944 589 133 5938 
945 5774 5773 5778 
946 5841 5838 5844 
947 4848 4687 4955 
948 9443 5868 9445 
949 4960 4962 4987 
950 547 170 4922 
951 171 614 4922 
952 497 7095 7401 
953 4862 4930 4931 
954 7102 7400 7401 
955 4851 543 4875 
956 9437 566 9446 
957 2805 9443 9445 
958 4382 4387 4927 
959 4364 4390 6056 
960 4334 4395 5924 
961 4290 4401 6604 
962 4236 4406 6851 
963 4220 4408 5664 
964 45 4910 9393 
965 3220 5146 5147 
966 2074 9374 9401 
967 5853 5855 5880 
968 552 4852 5164 
969 6045 491 6047 
970 491 77 6047 
971 6384 594 6386 
972 594 86 6386 
973 5913 596 5915 
974 596 92 5915 
975 5685 495 5686 
976 495 101 5686 
977 4409 4312 5519 
978 5517 4409 5519 
979 544 54 6006 
980 6595 616 6597 
981 616 114 6597 
982 4846 504 4889 
983 504 64 4889 
984 609 47 4905 
985 5957 496 5959 
986 496 123 5959 
987 5774 647 5776 
988 647 138 5776 
989 6845 648 6847 
990 648 142 6847 
991 4838 650 4879 
992 650 167 4879 
993 5841 511 5843 
994 511 193 5843 
995 5448 567 5463 
996 567 204 5463 
997 5455 508 5464 
998 508 207 5464 
999 4849 541 4891 
1000 541 231 4891 
1001 49 562 4888 
1002 562 4839 4888 
1003 56 638 6005 
1004 638 6002 6005 
1005 65 645 4889 
1006 645 4847 4889 
1007 103 602 5689 
1008 4316 4398 5522 
1009 139 551 5776 
1010 551 5775 5776 
1011 143 499 6847 
1012 499 6846 6847 
1013 4682 7330 7331 
1014 4091 4682 7331 
1015 232 621 4891 
1016 621 4850 4891 
1017 169 547 4911 
1018 194 628 5843 
1019 628 5842 5843 
1020 3211 3221 5138 
1021 3218 5136 5145 
1022 5921 9277 9288 
1023 4829 664 9423 
1024 616 6595 6598 
1025 6047 78 6050 
1026 6386 87 6389 
1027 5915 93 5918 
1028 6597 115 6600 
1029 5959 124 5962 
1030 508 5452 5480 
1031 568 5459 5479 
1032 9454 7140 9472 
1033 9405 5875 9439 
1034 3207 3205 4896 
1035 3205 3629 4896 
1036 566 7341 9446 
1037 105 106 5525 
1038 505 5518 5525 
1039 161 585 4903 
1040 4681 4903 4904 
1041 5520 612 5521 
1042 5778 4413 5779 
1043 4955 4779 4956 
1044 5844 5839 5845 
1045 4905 4677 4906 
1046 5518 5522 5523 
1047 4683 4911 4912 
1048 5135 5138 5139 
1049 3217 3218 5146 
1050 565 5473 5475 
1051 4678 4882 4923 
1052 3215 5134 5142 
1053 5136 3218 5148 
1054 2148 9364 9391 
1055 4990 2136 9419 
1056 9350 4919 9399 
1057 608 5137 7410 
1058 643 4884 4885 
1059 4843 4952 4953 
1060 4844 6003 6004 
1061 655 4994 4995 
1062 7401 7095 9268 
1063 9300 5667 9306 
1064 5658 5661 9284 
1065 5477 9307 9361 
1066 645 4883 4950 
1067 4887 660 4951 
1068 4890 4845 4993 
1069 4893 4848 4954 
1070 4057 3637 4929 
1071 512 200 5467 
1072 67 569 4883 
1073 645 66 4883 
1074 569 68 4882 
1075 158 500 4884 
1076 643 157 4884 
1077 163 7330 7332 
1078 585 162 7332 
1079 51 660 4887 
1080 562 50 4887 
1081 53 544 4952 
1082 660 52 4952 
1083 638 57 6003 
1084 58 536 6003 
1085 4845 4068 4994 
1086 4070 4680 4994 
1087 4846 4064 4890 
1088 4066 4845 4890 
1089 500 159 4881 
1090 201 629 5467 
1091 501 150 5659 
1092 151 641 5659 
1093 629 202 5465 
1094 203 567 5465 
1095 568 210 5466 
1096 211 625 5466 
1097 4685 4848 4893 
1098 4849 4684 4893 
1099 4894 3629 8104 
1100 4372 4374 6049 
1101 4354 4356 6388 
1102 4342 4344 5917 
1103 4324 4326 5688 
1104 4280 4282 5961 
1105 3624 3625 4898 
1106 5437 5438 5469 
1107 4537 7331 9270 
1108 4880 4898 9349 
1109 4882 69 4923 
1110 4412 7102 7401 
1111 9434 4977 9438 
1112 4886 4885 9272 
1113 4688 4850 4894 
1114 6045 4389 6049 
1115 6384 4392 6388 
1116 5913 4394 5917 
1117 5685 4397 5688 
1118 5957 4403 5961 
1119 4838 4061 4898 
1120 5445 5440 5469 
1121 6044 6047 6050 
1122 6383 6386 6389 
1123 5912 5915 5918 
1124 6594 6597 6600 
1125 5956 5959 5962 
1126 6598 6595 6606 
1127 206 508 5480 
1128 209 568 5479 
1129 4998 4880 9270 
1130 637 7102 9279 
1131 648 6845 9280 
1132 7095 497 9278 
1133 497 130 9278 
1134 5921 4393 9277 
1135 4860 667 9331 
1136 5683 9348 9356 
1137 581 5667 9300 
1138 4900 4901 4902 
1139 7331 502 9270 
1140 5477 2810 9307 
1141 3633 7186 9390 
1142 5880 5855 9466 
1143 9447 513 9456 
1144 7102 7101 9279 
1145 6845 6844 9280 
1146 4862 4929 4930 
1147 5849 5851 5881 
1148 513 6930 9456 
1149 4376 4388 9336 
1150 4358 4391 9335 
1151 4346 4393 9334 
1152 4328 4396 9333 
1153 4284 4402 9332 
1154 4897 9310 9414 
1155 5142 5136 5148 
1156 3215 5142 5148 
1157 105 5525 9352 
1158 5847 564 9342 
1159 4958 531 9343 
1160 5706 2810 9330 
1161 9398 4984 9427 
1162 2136 4990 9457 
1163 7661 4820 9384 
1164 5689 602 9348 
1165 7186 3633 9473 
1166 3630 4095 4899 
1167 4851 4207 4899 
1168 604 5140 9281 
1169 520 5876 9455 
1170 4987 4962 4992 
1171 2814 9434 9438 
1172 5876 520 9466 
1173 4824 4823 9371 
1174 5842 628 9323 
1175 4396 4330 9303 
1176 4391 4360 9304 
1177 4388 4378 9305 
1178 4402 4286 9302 
1179 4418 4216 9301 
1180 5860 9411 9415 
1181 148 5658 9284 
1182 565 5475 5481 
1183 7410 5137 8072 
1184 5143 5144 7410 
1185 565 197 9357 
1186 4826 9373 9481 
1187 5523 5524 9352 
1188 2810 5477 9330 
1189 555 4829 9423 
1190 4944 542 9417 
1191 7860 631 9381 
1192 661 4825 9382 
1193 5471 5470 5472 
1194 5468 5471 5478 
1195 4970 9400 9406 
1196 2154 9317 9341 
1197 6599 4304 9309 
1198 5938 134 9308 
1199 4896 4895 4897 
1200 4234 6851 9306 
1201 582 4986 9464 
1202 3637 3636 4929 
1203 4856 4057 4929 
1204 4986 582 9477 
1205 4942 622 9402 
1206 4388 6053 9336 
1207 4391 6391 9335 
1208 4393 5921 9334 
1209 4396 5691 9333 
1210 4402 5965 9332 
1211 5879 2062 9428 
1212 4096 4853 4864 
1213 4857 4858 4865 
1214 520 5880 9466 
1215 4863 529 9389 
1216 9374 5866 9401 
1217 4919 4917 9399 
1218 664 4827 9404 
1219 5141 5139 9392 
1220 595 4928 9291 
1221 492 6057 9292 
1222 597 5925 9293 
1223 587 6605 9294 
1224 549 5665 9296 
1225 635 7206 9403 
1226 6851 6850 9300 
1227 4927 4926 4928 
1228 6056 6055 6057 
1229 5924 5923 5925 
1230 6604 6603 6605 
1231 5664 5663 5665 
1232 4865 4858 4866 
1233 5854 9369 9387 
1234 4928 4926 9291 
1235 6057 6055 9292 
1236 5925 5923 9293 
1237 6605 6603 9294 
1238 5665 5663 9296 
1239 9364 4976 9391 
1240 6048 6045 6049 
1241 6387 6384 6388 
1242 5916 5913 5917 
1243 5687 5685 5688 
1244 5960 5957 5961 
1245 4880 4838 4898 
1246 5468 5445 5469 
1247 4850 4892 4894 
1248 5140 5139 5141 
1249 7206 635 9469 
1250 4876 4851 4899 
1251 495 5687 5690 
1252 596 5916 5920 
1253 594 6387 6390 
1254 491 6048 6052 
1255 496 5960 5964 
1256 4924 490 4925 
1257 6051 593 6054 
1258 5919 494 5922 
1259 6601 503 6602 
1260 5937 5936 5939 
1261 6848 499 6849 
1262 5658 5656 5661 
1263 5660 641 5662 
1264 5466 625 9475 
1265 4920 4921 9430 
1266 5527 5521 5528 
1267 5781 5779 5782 
1268 4963 9358 9366 
1269 9348 5524 9356 
1270 4096 4864 4932 
1271 4962 4965 4992 
1272 5147 4675 8399 
1273 4862 4856 4929 
1274 9411 2807 9415 
1275 4956 4779 4957 
1276 5844 5845 5882 
1277 5845 5839 5846 
1278 4955 4956 4991 
1279 3207 4896 9311 
1280 4674 4825 5164 
1281 4852 4674 5164 
1282 4409 5520 5526 
1283 647 5778 5780 
1284 650 4880 4998 
1285 5963 588 5966 
1286 5777 551 5783 
1287 4892 621 4999 
1288 4774 4912 4913 
1289 4906 4059 4907 
1290 9399 4917 9442 
1291 643 4886 5000 
1292 602 104 9352 
1293 195 196 5481 
1294 4213 4214 9272 
1295 2823 8116 9361 
1296 4830 4831 9275 
1297 5163 552 9422 
1298 6929 5867 9407 
1299 625 9324 9475 
1300 5772 6599 9313 
1301 5935 5938 9312 
1302 7926 4920 9430 
1303 3214 3212 5148 
1304 5127 5129 5142 
1305 5471 5472 5473 
1306 3220 5147 8399 
1307 4826 4675 5147 
1308 4681 4835 4881 
1309 4678 4832 4882 
1310 5657 5655 5659 
1311 5446 5443 5465 
1312 5442 5445 5467 
1313 4996 4833 6808 
1314 62 63 4993 
1315 4951 4722 5059 
1316 229 230 4954 
1317 4997 4836 7781 
1318 5867 6929 9424 
1319 7400 497 7401 
1320 5118 4822 9372 
1321 9400 2815 9406 
1322 609 4905 4906 
1323 5138 3221 5139 
1324 3218 5145 5146 
1325 5522 4398 5523 
1326 4911 547 4912 
1327 9430 4921 9461 
1328 4308 4310 5526 
1329 165 166 4998 
1330 136 137 5780 
1331 233 234 4999 
1332 126 127 5966 
1333 140 141 5783 
1334 5469 5438 5470 
1335 9317 4964 9341 
1336 5771 616 6598 
1337 5772 5771 6598 
1338 78 79 6050 
1339 79 593 6050 
1340 87 88 6389 
1341 88 493 6389 
1342 93 94 5918 
1343 94 494 5918 
1344 116 503 6600 
1345 115 116 6600 
1346 5459 5457 5479 
1347 5457 5464 5479 
1348 124 125 5962 
1349 5452 5450 5480 
1350 125 588 5962 
1351 5450 5463 5480 
1352 196 565 5481 
1353 628 195 5481 
1354 4847 4950 9273 
1355 4681 4881 4903 
1356 4884 4837 4885 
1357 4952 544 4953 
1358 6003 536 6004 
1359 4994 4680 4995 
1360 4399 5527 9309 
1361 498 5781 9308 
1362 4896 4897 9311 
1363 4931 4930 9397 
1364 4903 585 4904 
1365 4866 4858 4934 
1366 4865 4866 4878 
1367 69 70 4923 
1368 70 490 4923 
1369 4997 4213 9272 
1370 4894 4892 4895 
1371 99 100 5690 
1372 100 495 5690 
1373 121 122 5964 
1374 122 496 5964 
1375 90 91 5920 
1376 91 596 5920 
1377 84 85 6390 
1378 85 594 6390 
1379 75 76 6052 
1380 76 491 6052 
1381 71 72 4925 
1382 490 71 4925 
1383 80 81 6054 
1384 593 80 6054 
1385 95 96 5922 
1386 494 95 5922 
1387 503 117 6602 
1388 117 118 6602 
1389 4404 5939 7094 
1390 5939 5936 7094 
1391 144 145 6849 
1392 499 144 6849 
1393 4407 5661 5666 
1394 5661 5656 5666 
1395 152 153 5662 
1396 641 152 5662 
1397 5476 8116 9345 
1398 3218 3214 5148 
1399 5129 5136 5142 
1400 5134 5127 5142 
1401 3212 3215 5148 
1402 4945 4947 4948 
1403 3089 9329 9339 
1404 4950 4996 9273 
1405 155 156 5000 
1406 4883 4834 4950 
1407 4841 4887 4951 
1408 504 4890 4993 
1409 541 4893 4954 
1410 3622 4996 6808 
1411 63 504 4993 
1412 655 62 4993 
1413 4843 4722 4951 
1414 4841 4951 5059 
1415 230 541 4954 
1416 617 229 4954 
1417 4837 4836 4997 
1418 4213 4997 7781 
1419 4834 4833 4996 
1420 4899 4095 4900 
1421 5845 5846 5847 
1422 4956 4957 4958 
1423 4310 4409 5526 
1424 4399 4308 5526 
1425 502 165 4998 
1426 166 650 4998 
1427 498 136 5780 
1428 137 647 5780 
1429 234 557 4999 
1430 621 233 4999 
1431 588 126 5966 
1432 127 637 5966 
1433 141 648 5783 
1434 551 140 5783 
1435 4774 4913 4914 
1436 4907 4059 4908 
1437 4948 4947 4949 
1438 607 4855 9420 
1439 4859 605 9421 
1440 4214 4418 9272 
1441 4096 4932 5718 
1442 4932 4689 5718 
1443 3117 4934 7999 
1444 9295 581 9300 
1445 4934 4858 7999 
1446 9305 4928 9322 
1447 9304 6057 9321 
1448 9303 5925 9320 
1449 9302 6605 9319 
1450 5690 5687 5691 
1451 5964 5960 5965 
1452 5920 5916 5921 
1453 6390 6387 6391 
1454 6052 6048 6053 
1455 4924 4925 4926 
1456 6051 6054 6055 
1457 5919 5922 5923 
1458 6601 6602 6603 
1459 5939 4404 7095 
1460 6848 6849 6850 
1461 5661 4407 5667 
1462 5660 5662 5663 
1463 5473 5472 5474 
1464 4929 3636 4930 
1465 549 155 5000 
1466 156 643 5000 
1467 4934 3117 4936 
1468 5523 4398 5524 
1469 5165 5166 9327 
1470 4932 4864 4933 
1471 4866 4934 4935 
1472 4885 4837 4997 
1473 4936 3117 5001 
1474 4900 4095 4901 
1475 5847 5846 5848 
1476 4958 4957 4959 
1477 4914 4913 4915 
1478 4907 4908 4909 
1479 5474 5472 5477 
1480 5473 5474 5475 
1481 4935 4934 4936 
1482 4958 4959 4960 
1483 5847 5848 5849 
1484 4907 4909 4910 
1485 4914 4915 4916 
1486 5475 5474 5476 
1487 2396 2384 5001 
1488 4935 4936 4937 
1489 2384 2595 5001 
1490 3117 2396 5001 
1491 5849 5848 5850 
1492 4960 4959 4961 
1493 4916 4915 4917 
1494 4950 4834 4996 
1495 4935 4937 4938 
1496 5849 5850 5851 
1497 4961 4959 4964 
1498 4960 4961 4962 
1499 4916 4917 4918 
1500 4938 4937 4939 
1501 4962 4961 4963 
1502 5851 5850 5852 
1503 4918 4917 4919 
1504 4939 4937 4940 
1505 5851 5852 5853 
1506 4962 4963 4965 
1507 4918 4919 4920 
1508 4939 4940 4941 
1509 4965 4963 4966 
1510 5853 5852 5854 
1511 4920 4919 4921 
1512 4939 4941 4942 
1513 5853 5854 5855 
1514 4965 4966 4967 
1515 4942 4941 4943 
1516 4967 4966 4968 
1517 5855 5854 5856 
1518 4942 4943 4944 
1519 4968 4966 4976 
1520 5855 5856 5857 
1521 4967 4968 4969 
1522 4944 4943 4945 
1523 4969 4968 4970 
1524 5857 5856 5858 
1525 4967 4969 4986 
1526 4945 4943 4946 
1527 5160 6016 8813 
1528 5858 5856 5866 
1529 5857 5858 5859 
1530 4969 4970 4971 
1531 6016 665 8813 
1532 6458 6459 9152 
1533 690 693 5670 
1534 5172 5171 9205 
1535 3444 4712 8797 
1536 2683 5020 8927 
1537 716 718 5636 
1538 5801 9179 9257 
1539 706 708 5013 
1540 4666 4811 9242 
1541 3680 979 9067 
1542 699 701 8931 
1543 4712 5018 5159 
1544 5018 3641 5159 
1545 7551 7549 9048 
1546 5006 1273 5007 
1547 993 990 9065 
1548 1196 994 9061 
1549 6835 6832 9021 
1550 7695 6916 8940 
1551 8395 3256 8949 
1552 6459 7440 9152 
1553 1354 928 8918 
1554 4712 5159 8797 
1555 722 724 8860 
1556 5021 840 5360 
1557 701 704 5023 
1558 704 1390 5023 
1559 5009 1390 5011 
1560 1390 5009 5023 
1561 5547 5546 8773 
1562 4799 4101 5030 
1563 5483 4649 7430 
1564 7392 7391 8738 
1565 5030 4101 5032 
1566 3680 5483 7430 
1567 4101 3677 5032 
1568 973 5031 6927 
1569 2649 5008 7960 
1570 5008 2649 6927 
1571 5031 5008 6927 
1572 1186 6214 7256 
1573 6214 6213 7256 
1574 1354 5592 6917 
1575 5369 5367 7010 
1576 7515 6834 7516 
1577 1275 5014 5016 
1578 3256 8905 8949 
1579 5592 5593 6917 
1580 1355 5369 7010 
1581 720 722 5024 
1582 5039 4704 8913 
1583 4106 3128 8865 
1584 5428 590 7568 
1585 5427 5428 7568 
1586 2729 5646 7204 
1587 5026 834 7942 
1588 5646 5645 7204 
1589 686 688 5926 
1590 5014 1275 5024 
1591 834 6324 7942 
1592 8023 8846 9247 
1593 831 7218 8834 
1594 1275 720 5024 
1595 6324 5238 7942 
1596 5238 6324 6325 
1597 701 5023 8931 
1598 5239 5238 6325 
1599 1284 5239 6325 
1600 5071 4860 8872 
1601 5239 1284 6591 
1602 8766 563 8789 
1603 1284 6254 6591 
1604 8206 833 8659 
1605 5024 722 8860 
1606 6254 5434 6591 
1607 4650 5160 8813 
1608 4647 4106 5035 
1609 4647 5035 5036 
1610 5434 6254 6255 
1611 5592 1354 8918 
1612 5071 610 8877 
1613 3664 7695 8940 
1614 831 5435 6255 
1615 3282 3280 5619 
1616 5435 5434 6255 
1617 8877 610 8882 
1618 4650 7494 8846 
1619 5002 4707 8891 
1620 5985 7392 8738 
1621 4752 7551 9048 
1622 5002 563 8766 
1623 4707 8882 8891 
1624 5005 8895 8923 
1625 5483 3680 9067 
1626 3652 5547 8773 
1627 1290 6835 9021 
1628 5004 5005 8923 
1629 5560 5555 9011 
1630 5004 662 8925 
1631 1390 706 5013 
1632 9014 5619 9095 
1633 7105 1196 9061 
1634 5087 993 9065 
1635 5019 2648 5926 
1636 4124 5614 8009 
1637 5614 5613 8009 
1638 8925 662 8947 
1639 5171 592 9205 
1640 5020 2683 7195 
1641 695 697 7195 
1642 4141 5723 8205 
1643 1273 5006 5926 
1644 5670 2683 8927 
1645 4170 4812 9175 
1646 1273 690 5670 
1647 5696 4149 5722 
1648 693 2683 5670 
1649 5613 4133 8009 
1650 6016 8766 8789 
1651 4133 5613 5615 
1652 840 5021 7195 
1653 8961 537 8998 
1654 665 6016 8789 
1655 4799 5030 7607 
1656 5350 537 8961 
1657 5256 5255 8821 
1658 5347 639 9032 
1659 4133 5615 6434 
1660 5035 4106 8865 
1661 7516 6834 7961 
1662 5100 5101 9182 
1663 4945 4946 4947 
1664 7379 5576 9105 
1665 5615 5616 6434 
1666 7494 4650 8813 
1667 610 5071 8872 
1668 5435 831 8834 
1669 965 5039 8913 
1670 989 986 9087 
1671 4711 5022 5052 
1672 3256 5636 8905 
1673 5616 4100 6434 
1674 4707 8877 8882 
1675 4639 5055 8647 
1676 718 1275 5636 
1677 3256 716 5636 
1678 4100 5616 5618 
1679 563 5002 8891 
1680 6102 9127 9220 
1681 5013 8395 8949 
1682 6096 9131 9225 
1683 6108 9124 9209 
1684 1299 1052 9054 
1685 5488 9036 9050 
1686 5034 4639 8647 
1687 6114 9120 9198 
1688 9032 639 9036 
1689 5487 5488 9050 
1690 5487 481 9086 
1691 5013 708 8395 
1692 6833 7894 7961 
1693 967 964 7607 
1694 987 988 8417 
1695 4709 5050 5051 
1696 1197 1070 9010 
1697 662 5004 8923 
1698 6120 9114 9188 
1699 9086 481 9092 
1700 5350 8925 8947 
1701 5285 5284 7488 
1702 6126 9108 9178 
1703 1227 1021 8468 
1704 1309 5285 7488 
1705 2245 2247 5201 
1706 4611 5017 8710 
1707 5723 5722 8205 
1708 1307 947 8987 
1709 6132 9099 9170 
1710 987 5043 7788 
1711 5954 5953 7665 
1712 6444 6445 9100 
1713 3376 3433 6042 
1714 7131 7130 8482 
1715 6445 9092 9100 
1716 6138 9091 9165 
1717 6444 598 9112 
1718 5953 812 7665 
1719 4581 5236 9172 
1720 5723 8206 8659 
1721 9112 598 9122 
1722 1306 953 8955 
1723 5347 8961 8998 
1724 537 5350 8947 
1725 6891 6890 7290 
1726 2678 6891 7290 
1727 5994 5993 7338 
1728 2672 5994 7338 
1729 6144 9082 9155 
1730 5388 5387 8966 
1731 5011 1390 5013 
1732 6150 9077 9145 
1733 5265 9122 9128 
1734 5266 5265 9128 
1735 4611 3444 8797 
1736 3329 5038 8467 
1737 5694 830 5695 
1738 5043 987 8417 
1739 5049 4708 5052 
1740 4709 4708 5049 
1741 4709 5049 5050 
1742 9059 6724 9066 
1743 5266 482 9135 
1744 4711 5052 7222 
1745 5038 4633 8467 
1746 2710 5027 5048 
1747 2238 2710 5048 
1748 6156 9072 9133 
1749 1196 9059 9066 
1750 5091 989 9087 
1751 5022 4711 5054 
1752 762 764 8641 
1753 5369 1355 8899 
1754 5828 1299 9054 
1755 830 760 5695 
1756 3280 4100 5619 
1757 7002 1197 9010 
1758 5019 8840 8861 
1759 5859 5858 5860 
1760 6406 8974 8980 
1761 6401 8962 8965 
1762 4971 4970 4972 
1763 639 5347 8998 
1764 2648 5019 8861 
1765 5857 5859 5876 
1766 830 5694 5696 
1767 4810 8509 8521 
1768 4461 4810 8521 
1769 9042 7927 9214 
1770 2648 686 5926 
1771 5243 5244 7872 
1772 7359 1227 8468 
1773 5007 1273 5670 
1774 688 1273 5926 
1775 9135 482 9139 
1776 1393 5051 7876 
1777 7785 4109 8607 
1778 5244 2735 7872 
1779 5226 5787 8613 
1780 1355 914 8899 
1781 5051 1393 6672 
1782 5255 810 8821 
1783 7076 8515 9057 
1784 5653 6458 9152 
1785 9051 4102 9211 
1786 760 762 5695 
1787 3679 7131 8482 
1788 5397 5396 8842 
1789 2236 2238 5048 
1790 5042 4437 5078 
1791 4419 5042 5078 
1792 4474 5025 5055 
1793 5029 2367 5200 
1794 5697 1276 8426 
1795 5306 5304 8819 
1796 2263 2354 5227 
1797 2354 5225 5227 
1798 5025 4474 5043 
1799 2367 5029 7690 
1800 7153 7155 8329 
1801 5043 4474 7788 
1802 5488 9032 9036 
1803 4811 7600 9242 
1804 5650 9162 9166 
1805 8206 9014 9095 
1806 4667 5186 9234 
1807 6672 1393 6673 
1808 2751 5229 7834 
1809 5714 5716 9217 
1810 5017 4611 8797 
1811 5651 5650 9166 
1812 6000 6001 6041 
1813 5651 483 9168 
1814 481 5487 9050 
1815 6001 4109 6041 
1816 6431 6430 8919 
1817 7726 5560 9011 
1818 5429 5431 9222 
1819 8878 4506 9156 
1820 5201 2247 5202 
1821 5225 2354 5228 
1822 756 758 5721 
1823 5051 5050 7876 
1824 7318 8986 9085 
1825 2261 2263 5227 
1826 2683 695 7195 
1827 697 840 7195 
1828 7855 5427 9226 
1829 2914 2151 8803 
1830 5045 4117 8075 
1831 3079 4117 5045 
1832 766 768 6038 
1833 3650 5550 8795 
1834 5758 1306 8955 
1835 5535 5536 9230 
1836 840 699 8931 
1837 1275 5016 5636 
1838 3599 6020 8854 
1839 5596 1361 8921 
1840 6042 4160 8718 
1841 5021 5020 7195 
1842 3990 7512 9202 
1843 6193 6192 8600 
1844 5173 5175 9196 
1845 3253 6808 8707 
1846 6447 2351 6448 
1847 8890 7009 8894 
1848 5644 8748 8761 
1849 380 580 8709 
1850 6796 6795 8507 
1851 7251 7252 8717 
1852 5711 5712 9192 
1853 4160 5202 8718 
1854 459 8509 9161 
1855 8820 3653 8828 
1856 5216 5218 9183 
1857 7022 8531 9144 
1858 7198 7199 8652 
1859 7028 8542 9138 
1860 2351 6447 7884 
1861 8840 5018 8861 
1862 7155 807 8329 
1863 6470 1379 9096 
1864 519 7389 8584 
1865 6989 1307 8987 
1866 3653 6466 8828 
1867 3079 5045 5046 
1868 7413 7285 8679 
1869 5290 5292 8498 
1870 5646 2729 8771 
1871 7009 7010 8894 
1872 3602 6032 8993 
1873 9168 483 9171 
1874 6445 9086 9092 
1875 5988 2632 8742 
1876 724 834 8860 
1877 6448 2351 7482 
1878 7016 8528 9147 
1879 7391 2632 8738 
1880 5546 7204 8773 
1881 3641 5018 8840 
1882 8788 3650 8795 
1883 5543 2732 7687 
1884 5722 4149 8205 
1885 7034 8539 9132 
1886 5052 4708 7222 
1887 5695 762 8641 
1888 5199 657 9174 
1889 5229 5228 7834 
1890 3172 3174 5610 
1891 6916 6917 8940 
1892 4711 4710 5054 
1893 928 926 8918 
1894 8597 8136 8724 
1895 5542 5543 7687 
1896 5055 7809 8647 
1897 5197 5651 9168 
1898 7123 7124 8823 
1899 7256 8990 8995 
1900 2367 2245 5201 
1901 6885 6884 8530 
1902 1295 5815 8999 
1903 9174 657 9184 
1904 7040 8533 9125 
1905 5649 5653 9245 
1906 926 924 9186 
1907 7046 8527 9117 
1908 8841 3599 8854 
1909 5218 553 9183 
1910 3659 5978 8694 
1911 1189 6495 8903 
1912 1295 8999 9006 
1913 3593 5736 8712 
1914 5198 5199 9174 
1915 5027 2710 6381 
1916 5047 4661 5423 
1917 2346 5292 5542 
1918 8719 3656 8720 
1919 2645 5702 5749 
1920 9006 5818 9012 
1921 5818 5819 9012 
1922 5721 5696 5722 
1923 1198 6402 8960 
1924 3593 8712 8713 
1925 2772 9023 9024 
1926 5029 6381 7690 
1927 4109 6001 8607 
1928 598 6444 9100 
1929 6204 6203 9020 
1930 5735 5736 8725 
1931 1316 5305 7892 
1932 9015 6204 9020 
1933 1289 6203 9019 
1934 5305 5303 7892 
1935 2624 2612 5597 
1936 4031 8650 8661 
1937 1302 6508 8837 
1938 4031 5741 8650 
1939 8719 5735 8725 
1940 8981 6996 8983 
1941 2346 5542 7687 
1942 7052 8520 9109 
1943 3665 6036 8963 
1944 6031 6032 9029 
1945 2591 7507 9047 
1946 3656 6276 8720 
1947 8948 3665 8963 
1948 1298 6244 8715 
1949 1300 6415 8941 
1950 5053 4165 8297 
1951 6996 2975 8983 
1952 9018 1289 9019 
1953 7058 8513 9093 
1954 6031 9029 9031 
1955 6834 6833 7961 
1956 2285 2353 5293 
1957 5030 967 7607 
1958 964 962 7607 
1959 2772 6209 9023 
1960 4100 5618 5619 
1961 2763 6489 8924 
1962 8708 3655 8728 
1963 6401 6402 8962 
1964 6401 8965 8971 
1965 1190 6068 8875 
1966 9025 5827 9037 
1967 1199 6501 8932 
1968 7551 4752 9041 
1969 2679 5707 8633 
1970 8110 7822 8551 
1971 2353 5291 5293 
1972 6832 6834 9021 
1973 6490 6489 8928 
1974 5812 5811 9210 
1975 4117 5057 8075 
1976 7894 2858 7961 
1977 4158 8307 8326 
1978 5787 2355 8613 
1979 1297 6225 8791 
1980 6406 6405 8974 
1981 5201 5202 8646 
1982 8922 2763 8924 
1983 979 2649 9067 
1984 7256 6213 8990 
1985 8988 7001 8997 
1986 6416 6415 8945 
1987 7070 8508 9073 
1988 9039 7551 9041 
1989 8929 1199 8932 
1990 6502 6501 8933 
1991 8967 3602 8993 
1992 5303 4777 7892 
1993 1430 1640 8680 
1994 1620 6014 7589 
1995 6490 8928 8929 
1996 5202 4160 8646 
1997 1301 6071 8888 
1998 6502 8933 8938 
1999 5006 5019 5926 
2000 8938 1300 8941 
2001 7064 8504 9080 
2002 6416 8945 8952 
2003 8742 1347 9142 
2004 1194 6701 8629 
2005 5057 4117 5329 
2006 7549 1335 9048 
2007 6067 6068 8881 
2008 5279 7427 9008 
2009 6072 6071 8892 
2010 4633 6672 8467 
2011 1191 6228 8822 
2012 8886 1301 8888 
2013 6507 6508 8869 
2014 8873 1190 8875 
2015 2591 9047 9053 
2016 5265 9112 9122 
2017 5702 2645 5748 
2018 4777 5303 5306 
2019 6067 8881 8886 
2020 1621 7142 7224 
2021 5264 5266 9135 
2022 7142 7141 7224 
2023 8898 1189 8903 
2024 5268 5267 5785 
2025 6072 8892 8898 
2026 2700 6267 8579 
2027 6507 8869 8873 
2028 8952 1198 8960 
2029 3662 3661 8297 
2030 373 579 8671 
2031 8685 3659 8694 
2032 6229 6228 8830 
2033 6406 8980 8984 
2034 8835 1302 8837 
2035 1184 6720 9056 
2036 5055 5025 7809 
2037 9028 2774 9034 
2038 1192 6238 8767 
2039 6222 6225 8808 
2040 3433 4160 6042 
2041 9068 5090 9076 
2042 6243 6244 8752 
2043 1303 6690 8666 
2044 6229 8830 8835 
2045 8814 1191 8822 
2046 6222 8808 8814 
2047 3128 4639 8865 
2048 994 993 9061 
2049 2774 6911 9034 
2050 2775 6723 9045 
2051 990 989 9065 
2052 6239 6238 8775 
2053 8757 1192 8767 
2054 6243 8752 8757 
2055 1288 5268 5785 
2056 4813 8874 8878 
2057 1276 6038 8426 
2058 1193 6693 8692 
2059 5346 5347 9032 
2060 4813 4647 8874 
2061 6041 3376 6042 
2062 5701 5702 5748 
2063 6453 1294 8445 
2064 1195 5969 8561 
2065 6239 8775 8784 
2066 9071 7279 9078 
2067 5712 659 9192 
2068 4507 5037 8896 
2069 6724 6723 9063 
2070 8784 1297 8791 
2071 6694 6693 8698 
2072 9183 553 9185 
2073 6687 6690 8681 
2074 9038 2775 9045 
2075 8555 1195 8561 
2076 1286 6270 8604 
2077 1228 7289 8916 
2078 7854 4165 8864 
2079 8706 1298 8715 
2080 6724 9063 9066 
2081 8686 1193 8692 
2082 6700 6701 8657 
2083 832 5701 5748 
2084 6694 8698 8706 
2085 9040 1184 9056 
2086 6687 8681 8686 
2087 4788 5037 8897 
2088 9052 1277 9213 
2089 8663 1303 8666 
2090 8599 1286 8604 
2091 6700 8657 8663 
2092 2283 2285 5293 
2093 8907 5039 8911 
2094 8572 2700 8579 
2095 1232 7337 8915 
2096 7279 2765 9078 
2097 3837 3959 8756 
2098 6271 6270 8614 
2099 5903 1293 8497 
2100 8771 1348 9115 
2101 4788 8897 8907 
2102 1208 1205 6673 
2103 6271 8614 8622 
2104 1288 788 8199 
2105 5723 4141 8206 
2106 8622 1194 8629 
2107 5039 965 8911 
2108 7324 3579 8475 
2109 8748 7392 8761 
2110 5486 5487 9086 
2111 832 5699 5701 
2112 6032 6030 8993 
2113 7218 5614 8834 
2114 9192 659 9193 
2115 4704 5040 8913 
2116 4420 4419 5078 
2117 5291 2353 5294 
2118 1023 1025 8904 
2119 6328 6329 8639 
2120 5175 484 9196 
2121 1723 1721 6658 
2122 9027 6201 9204 
2123 8930 5765 8943 
2124 6175 6177 7432 
2125 2356 5770 7843 
2126 2264 2262 5421 
2127 6177 580 7432 
2128 7285 7286 7538 
2129 5634 6444 9112 
2130 2668 6796 8507 
2131 5268 1288 8199 
2132 7318 1188 8986 
2133 2632 5988 8738 
2134 5292 2346 8498 
2135 7286 3988 7538 
2136 5888 5887 7971 
2137 8883 1360 9180 
2138 5333 5332 8958 
2139 8417 991 8430 
2140 5893 8035 8357 
2141 4130 4132 6381 
2142 5057 5329 5330 
2143 4437 5042 5358 
2144 4716 8431 8436 
2145 1393 1208 6673 
2146 4588 5056 5769 
2147 5550 8820 8828 
2148 1311 7379 9105 
2149 5075 1640 5358 
2150 5888 4179 5945 
2151 482 5266 9128 
2152 7204 5645 8773 
2153 7392 5985 8761 
2154 5054 4710 8297 
2155 5696 5694 6864 
2156 6891 8434 8447 
2157 988 991 8417 
2158 8921 2630 9194 
2159 5547 8788 8795 
2160 8041 4156 8112 
2161 5547 3652 8788 
2162 5631 5632 8569 
2163 6720 6719 9056 
2164 4179 5888 7971 
2165 4716 7297 8431 
2166 3660 3648 6671 
2167 991 7297 8430 
2168 7507 4658 9047 
2169 5550 3650 8820 
2170 9196 484 9197 
2171 4116 4666 5046 
2172 4149 5696 6864 
2173 2338 5044 5330 
2174 7136 7531 8884 
2175 4184 5943 5944 
2176 2765 1056 9078 
2177 6466 3653 8841 
2178 5632 7763 8569 
2179 5945 4179 7380 
2180 8794 7367 8798 
2181 7406 8794 8798 
2182 6452 8441 8449 
2183 5699 832 6914 
2184 5944 5945 7380 
2185 6723 6718 9045 
2186 4184 5944 7380 
2187 6276 3656 8708 
2188 5887 4176 7971 
2189 5765 2770 8943 
2190 6653 8506 8889 
2191 5578 5569 9070 
2192 5056 3233 5769 
2193 3670 7266 8465 
2194 1729 1727 8247 
2195 6891 2678 8434 
2196 5171 5170 9201 
2197 4173 5890 5892 
2198 5223 2754 7897 
2199 5759 8954 8956 
2200 2732 5543 8112 
2201 3672 8473 8477 
2202 4176 5887 5889 
2203 5228 2354 7834 
2204 5943 4184 8088 
2205 2709 6885 8530 
2206 6655 1902 6657 
2207 5994 2672 8448 
2208 5889 5890 7756 
2209 8650 6470 8661 
2210 5735 8719 8720 
2211 5360 840 8931 
2212 3671 8457 8463 
2213 5170 9197 9201 
2214 6448 7482 8112 
2215 7293 8801 8806 
2216 8712 5978 8713 
2217 2684 6193 8600 
2218 7589 6014 7590 
2219 5038 3329 8555 
2220 5907 1231 8499 
2221 7154 4718 8294 
2222 5994 8448 8458 
2223 6203 6202 9019 
2224 8801 646 8806 
2225 6402 7626 8960 
2226 5890 4173 7756 
2227 5038 8555 8561 
2228 1308 5279 9008 
2229 6329 7651 8639 
2230 1727 1725 6659 
2231 5902 8489 8492 
2232 8462 3670 8465 
2233 1021 1023 8468 
2234 1361 5596 8920 
2235 5222 5223 7897 
2236 6276 8708 8728 
2237 5042 5075 5358 
2238 5736 3593 8725 
2239 8469 7323 8472 
2240 7467 3577 8470 
2241 4121 5606 5609 
2242 3671 7263 8457 
2243 6911 6831 9034 
2244 7389 4613 8584 
2245 5969 1195 8572 
2246 5045 4116 5046 
2247 4710 5053 8297 
2248 4176 5889 7756 
2249 5284 8066 9001 
2250 7512 5172 9205 
2251 5978 3659 8713 
2252 5815 5813 8999 
2253 8244 2336 8683 
2254 6020 3599 8867 
2255 5741 4031 8685 
2256 5969 8572 8579 
2257 2345 5105 5222 
2258 8478 7134 8485 
2259 7134 3676 8485 
2260 4173 5892 7870 
2261 6646 8450 8859 
2262 4752 7833 9041 
2263 7130 7136 8482 
2264 5602 5383 8968 
2265 6209 6208 9023 
2266 6267 2700 8599 
2267 6381 2710 7690 
2268 2600 756 5721 
2269 2258 2256 8324 
2270 5606 4121 7587 
2271 8484 7131 8488 
2272 5892 5893 7870 
2273 6989 5277 8989 
2274 8185 5397 8842 
2275 6466 8841 8854 
2276 4557 5708 7792 
2277 3959 7634 8228 
2278 7131 3679 8488 
2279 6036 6035 8963 
2280 8499 2664 8912 
2281 2679 5700 6914 
2282 758 830 5721 
2283 3574 6875 8461 
2284 6267 8599 8604 
2285 4534 5604 5605 
2286 6459 9135 9139 
2287 7512 7307 9202 
2288 7440 6459 9139 
2289 5741 8685 8694 
2290 5044 2338 8304 
2291 8970 6988 8975 
2292 1188 1060 8986 
2293 5730 5731 8668 
2294 5716 485 9217 
2295 5103 5105 8386 
2296 2975 1064 8983 
2297 2299 2352 5106 
2298 6415 6412 8941 
2299 5398 5379 8959 
2300 6495 6494 8903 
2301 5893 4134 7870 
2302 6270 1286 8614 
2303 5418 2333 5422 
2304 5326 5327 8950 
2305 1276 766 6038 
2306 2099 2101 5581 
2307 4579 5909 7996 
2308 3575 8480 8483 
2309 3575 7532 8480 
2310 2352 5104 5106 
2311 768 2645 6038 
2312 5605 5606 7587 
2313 2333 2260 5422 
2314 6874 6875 8490 
2315 8483 6874 8490 
2316 5200 2367 5201 
2317 6648 1903 6650 
2318 5604 4534 7749 
2319 3682 6570 8443 
2320 5151 2337 8267 
2321 5229 2751 8326 
2322 3661 5054 8297 
2323 7010 5367 8894 
2324 4534 5605 7587 
2325 4134 5893 8357 
2326 3683 6340 8415 
2327 1735 1733 8210 
2328 5565 5564 9026 
2329 1727 6659 8247 
2330 834 5026 8860 
2331 1307 8989 9005 
2332 2333 5418 5420 
2333 5607 4559 5930 
2334 3174 4121 5610 
2335 3571 6567 8421 
2336 4138 3533 7590 
2337 5931 5930 7842 
2338 6639 8409 8810 
2339 5607 5604 7749 
2340 8431 1294 8436 
2341 8455 3574 8461 
2342 5193 5194 8444 
2343 1293 1027 8497 
2344 3571 8421 8424 
2345 6566 6567 8438 
2346 6701 1194 8657 
2347 3568 6516 8379 
2348 1733 1731 6660 
2349 5708 5709 7792 
2350 5910 8107 8133 
2351 6271 8622 8629 
2352 8439 3682 8443 
2353 6566 8438 8439 
2354 2260 2258 5422 
2355 2193 2194 7621 
2356 6700 8663 8666 
2357 4630 5004 8925 
2358 4559 5607 7749 
2359 7634 8218 8228 
2360 1361 922 8921 
2361 4664 4046 8914 
2362 2368 5077 6678 
2363 2345 5222 7897 
2364 6690 1303 8681 
2365 4571 5931 7842 
2366 7297 4716 8430 
2367 6501 6499 8932 
2368 3569 6336 8401 
2369 5601 5599 8978 
2370 1902 6655 6659 
2371 6687 8686 8692 
2372 5930 4559 7842 
2373 4812 8412 9175 
2374 4125 5709 8083 
2375 5910 5909 8107 
2376 5673 1341 8833 
2377 3647 5049 5052 
2378 6489 6488 8924 
2379 1294 6453 8436 
2380 5931 4571 5933 
2381 5321 5318 8939 
2382 5022 3647 5052 
2383 6693 1193 8698 
2384 4165 5053 8864 
2385 8434 1232 8447 
2386 2770 959 8943 
2387 7865 5256 8821 
2388 4120 6842 8186 
2389 1725 1902 6659 
2390 7199 7170 8652 
2391 8413 3683 8415 
2392 5933 4571 7766 
2393 6335 6336 8410 
2394 6694 8706 8715 
2395 6244 1298 8752 
2396 8288 4719 8299 
2397 3611 3078 5423 
2398 5054 3661 7973 
2399 3579 3498 8475 
2400 5348 5350 8961 
2401 5700 5699 6914 
2402 811 8849 8851 
2403 6335 8410 8413 
2404 7923 4175 8229 
2405 8441 1228 8449 
2406 5673 5672 8850 
2407 3565 6523 8360 
2408 6243 8757 8767 
2409 5943 8088 8563 
2410 8400 3569 8401 
2411 6020 6019 8854 
2412 7154 7153 8329 
2413 8013 5388 8966 
2414 6515 6516 8397 
2415 5224 5225 5228 
2416 1307 6989 8989 
2417 2612 2610 5597 
2418 5672 8849 8850 
2419 5572 2884 5575 
2420 6238 1192 8775 
2421 5022 5054 7973 
2422 6515 8397 8400 
2423 7290 6890 8453 
2424 4157 5224 5228 
2425 8457 7466 8463 
2426 6213 6215 8990 
2427 5745 4144 5747 
2428 4723 4611 8710 
2429 4777 5306 8819 
2430 8473 7266 8477 
2431 5249 809 8731 
2432 6632 8370 8763 
2433 8812 5254 8825 
2434 965 966 8911 
2435 6842 4120 8188 
2436 1294 999 8445 
2437 5255 5254 8812 
2438 1227 7359 8458 
2439 7865 7713 8793 
2440 5329 2624 5597 
2441 5746 5065 7898 
2442 4144 5745 5746 
2443 3380 5095 8374 
2444 6508 6509 8837 
2445 1902 1723 6658 
2446 6071 6066 8888 
2447 6225 1297 8808 
2448 7884 6447 8326 
2449 7338 5993 8459 
2450 5933 7766 7996 
2451 1733 6660 8210 
2452 7466 7467 8470 
2453 5532 1342 8385 
2454 1293 5903 8476 
2455 5954 7665 8783 
2456 7266 3670 8477 
2457 5532 5533 8382 
2458 4588 5769 5770 
2459 7285 7538 8679 
2460 1341 8825 8833 
2461 6522 6523 8358 
2462 5909 4579 8107 
2463 8448 1227 8458 
2464 5953 5952 8796 
2465 7263 8462 8465 
2466 7766 4579 7996 
2467 6239 8784 8791 
2468 5743 808 8635 
2469 5406 2731 8594 
2470 7263 3671 8462 
2471 6641 1904 6643 
2472 3577 7467 8469 
2473 5355 811 8851 
2474 6228 1191 8830 
2475 5709 4125 7792 
2476 5278 5279 9016 
2477 3577 8469 8472 
2478 6229 8835 8837 
2479 1231 5907 8492 
2480 6222 8814 8822 
2481 5770 5769 7843 
2482 6068 6511 8875 
2483 3330 8855 8866 
2484 3172 5610 8088 
2485 6808 4833 8707 
2486 5253 5673 8833 
2487 5720 2193 7621 
2488 4654 5071 8877 
2489 5194 4618 8444 
2490 3553 6783 8319 
2491 5037 7812 8896 
2492 8796 5952 8802 
2493 5077 4715 6678 
2494 6522 8358 8369 
2495 5338 805 8414 
2496 8369 3568 8379 
2497 2691 4474 5055 
2498 7155 7156 8335 
2499 4639 2691 5055 
2500 6917 5593 8940 
2501 5064 4714 5065 
2502 8489 1231 8492 
2503 580 6177 8709 
2504 5431 652 9222 
2505 5580 5577 8082 
2506 4645 5073 8847 
2507 4125 8083 8126 
2508 1903 6648 6660 
2509 3579 7324 8478 
2510 1741 1739 8166 
2511 8382 5533 8392 
2512 2095 2097 7993 
2513 3560 6787 8340 
2514 8133 4120 8186 
2515 6625 8339 8711 
2516 6507 8873 8875 
2517 4144 5746 7898 
2518 1739 1737 6663 
2519 2262 2333 5421 
2520 8335 7156 8359 
2521 5403 806 8588 
2522 6788 6787 8346 
2523 3676 7134 8484 
2524 6508 1302 8869 
2525 5422 2258 8324 
2526 6426 6433 8826 
2527 5550 5548 8795 
2528 5065 4714 7898 
2529 6068 1190 8881 
2530 805 8392 8414 
2531 400 8175 8818 
2532 7252 3991 8717 
2533 7695 3664 8948 
2534 1650 6706 8428 
2535 5249 5248 8760 
2536 8352 3565 8360 
2537 2677 8765 8770 
2538 1731 1903 6660 
2539 5910 8133 8186 
2540 7143 8505 8512 
2541 3579 8478 8485 
2542 9005 5278 9016 
2543 6782 6783 8331 
2544 8336 3560 8340 
2545 6225 6282 8791 
2546 6788 8346 8352 
2547 2133 2135 8153 
2548 5294 2353 7649 
2549 5313 5580 8082 
2550 5341 2708 8474 
2551 5242 5249 8731 
2552 7893 2648 8861 
2553 4715 5288 8029 
2554 8990 5812 8995 
2555 6244 6245 8715 
2556 6782 8331 8336 
2557 6067 8886 8888 
2558 5700 2679 8633 
2559 2135 2137 5394 
2560 4562 4650 8846 
2561 6071 1301 8892 
2562 6344 6349 8557 
2563 2297 2299 5106 
2564 3676 8484 8488 
2565 1338 8608 8612 
2566 4639 5034 8865 
2567 3544 6800 8298 
2568 8083 5785 8126 
2569 6228 6224 8822 
2570 6862 6860 8062 
2571 3222 5066 5068 
2572 9217 485 9219 
2573 2337 8288 8299 
2574 3470 6738 8313 
2575 808 8621 8635 
2576 1342 8359 8385 
2577 6422 6425 8817 
2578 8318 3553 8319 
2579 5180 2914 8803 
2580 6072 8898 8903 
2581 6801 6800 8316 
2582 5046 5047 5423 
2583 6000 6041 6042 
2584 6495 8922 8924 
2585 5743 5510 8662 
2586 6489 2763 8928 
2587 6495 1189 8922 
2588 7695 8948 8963 
2589 5785 5267 8126 
2590 3539 6857 8274 
2591 790 792 8568 
2592 2189 5061 7769 
2593 5243 7872 8705 
2594 4717 4806 8291 
2595 8421 6340 8424 
2596 6678 4715 8029 
2597 4647 5036 8874 
2598 6801 8316 8318 
2599 8760 5248 8765 
2600 4714 5064 7689 
2601 3222 5068 7668 
2602 8480 6874 8483 
2603 5815 1295 9003 
2604 2971 5577 5581 
2605 4633 6671 6672 
2606 5978 5742 8694 
2607 1197 7002 8984 
2608 7532 3575 8481 
2609 5064 5066 7689 
2610 2197 5288 7621 
2611 6490 8929 8932 
2612 5353 5355 8851 
2613 579 6380 8671 
2614 3282 5619 9014 
2615 5066 3222 7689 
2616 806 8575 8588 
2617 6657 1902 6658 
2618 2337 5151 8288 
2619 1339 8670 8682 
2620 8514 4140 8696 
2621 1640 5075 8680 
2622 2656 5063 6863 
2623 4718 7154 8329 
2624 6570 3682 8455 
2625 5037 4507 8897 
2626 1739 6663 8166 
2627 8662 5510 8670 
2628 5577 2971 8082 
2629 6875 3574 8490 
2630 6566 8439 8443 
2631 1340 8500 8545 
2632 6570 8455 8461 
2633 8293 3544 8298 
2634 6340 3683 8424 
2635 3698 6862 8062 
2636 5068 5948 7668 
2637 5046 4666 5047 
2638 6856 6857 8285 
2639 5104 2352 5107 
2640 6501 1199 8933 
2641 5101 8553 9182 
2642 5063 4549 6863 
2643 6415 1300 8945 
2644 2189 2190 8085 
2645 8307 5229 8326 
2646 8999 5818 9006 
2647 2731 8585 8594 
2648 2708 8435 8474 
2649 6335 8413 8415 
2650 6567 3571 8438 
2651 6618 8281 8654 
2652 6658 1721 8110 
2653 6515 8400 8401 
2654 4971 4972 4973 
2655 807 7155 8335 
2656 2135 5394 8153 
2657 6466 6465 8828 
2658 6502 8938 8941 
2659 809 8703 8731 
2660 5614 4124 8834 
2661 6856 8285 8293 
2662 6336 3569 8410 
2663 6634 1906 6636 
2664 1188 8981 8983 
2665 5859 5860 5861 
2666 3692 7865 8793 
2667 9179 4671 9257 
2668 5029 4130 6381 
2669 8519 7589 8536 
2670 7909 5003 8376 
2671 6238 6235 8767 
2672 6036 3665 8967 
2673 1904 6641 6663 
2674 6523 3565 8358 
2675 5749 5702 7483 
2676 2264 5421 8035 
2677 2460 2462 7395 
2678 6402 1198 8962 
2679 8035 5421 8357 
2680 6516 3568 8397 
2681 5427 7568 9226 
2682 6452 6453 8445 
2683 8272 3539 8274 
2684 4132 5027 6381 
2685 386 5674 8755 
2686 5819 1187 9012 
2687 764 1276 8641 
2688 4599 5058 8460 
2689 5948 3691 7668 
2690 6447 4158 8326 
2691 2975 6996 8988 
2692 6737 6738 8270 
2693 1737 1904 6663 
2694 8965 1296 8971 
2695 6701 6702 8629 
2696 4633 3660 6671 
2697 5048 5028 8677 
2698 2729 890 8771 
2699 2632 880 8742 
2700 3648 4709 6671 
2701 6737 8270 8272 
2702 1651 6985 8402 
2703 1745 1743 6664 
2704 5061 2189 8085 
2705 1296 6405 8971 
2706 2754 5223 8229 
2707 5288 2197 8029 
2708 9222 652 9223 
2709 5501 3691 5948 
2710 1747 1745 8115 
2711 8846 7494 9247 
2712 1342 5532 8382 
2713 6611 8219 8615 
2714 6782 8336 8340 
2715 5150 5151 8267 
2716 5061 5062 7769 
2717 6522 8369 8379 
2718 2904 5393 5394 
2719 5543 8041 8112 
2720 5386 2901 5389 
2721 5105 2345 8386 
2722 4788 8907 8911 
2723 7482 2732 8112 
2724 5227 5226 8613 
2725 6405 1296 8974 
2726 1187 5819 9025 
2727 2975 8988 8997 
2728 6658 8110 8551 
2729 788 790 8199 
2730 4174 5749 7483 
2731 6787 3560 8346 
2732 5787 7785 8607 
2733 6788 8352 8360 
2734 6416 8952 8960 
2735 6783 3553 8331 
2736 9023 6214 9024 
2737 7275 2972 7277 
2738 8088 5610 8563 
2739 2137 2904 5394 
2740 5579 2095 7993 
2741 6203 1289 9020 
2742 5060 3635 6327 
2743 4175 5294 8229 
2744 6801 8318 8319 
2745 6693 6689 8692 
2746 7844 7154 8294 
2747 4718 4717 8294 
2748 5736 5737 8712 
2749 4720 5897 8071 
2750 4165 3662 8297 
2751 9000 7488 9001 
2752 5286 8977 8982 
2753 4806 8282 8291 
2754 6032 3602 9029 
2755 4719 5044 8304 
2756 6690 6703 8666 
2757 7598 5954 8783 
2758 6209 2772 9018 
2759 6209 9018 9019 
2760 8392 5533 8414 
2761 5506 5743 8635 
2762 6327 2799 8002 
2763 4156 6448 8112 
2764 5286 5285 8977 
2765 6800 3544 8316 
2766 5294 4175 7841 
2767 4709 5051 6671 
2768 1187 9025 9037 
2769 6276 6274 8720 
2770 1613 8510 8532 
2771 6430 2891 8919 
2772 6214 1186 9024 
2773 6538 6539 8648 
2774 8359 7156 8385 
2775 8463 7466 8470 
2776 8502 7148 8516 
2777 6834 7515 9021 
2778 5301 5396 7966 
2779 2101 2971 5581 
2780 6856 8293 8298 
2781 642 8332 8857 
2782 5897 2184 8071 
2783 3465 8248 8275 
2784 8980 1197 8984 
2785 4593 8495 8689 
2786 1613 5682 8510 
2787 6036 8967 8993 
2788 754 2600 8659 
2789 1745 6664 8115 
2790 7488 5284 9001 
2791 2129 2131 5395 
2792 4747 9039 9041 
2793 4136 8519 8536 
2794 805 5338 8435 
2795 5741 5740 8650 
2796 6857 3539 8285 
2797 5291 5294 7841 
2798 1652 6924 8381 
2799 5060 6327 8002 
2800 2338 5330 8591 
2801 2093 2095 5579 
2802 8244 5150 8267 
2803 6737 8272 8274 
2804 5186 5185 9238 
2805 4126 5200 8646 
2806 1906 6634 6664 
2807 2884 2099 5581 
2808 6534 6535 8631 
2809 1335 5033 9048 
2810 8976 7509 8978 
2811 7323 7324 8475 
2812 6543 6542 8619 
2813 2780 8282 8743 
2814 7659 4606 8494 
2815 5040 1321 8913 
2816 6994 7281 7317 
2817 2778 9026 9046 
2818 7507 2591 9042 
2819 1324 5333 8958 
2820 5404 5406 8594 
2821 7148 4136 8516 
2822 368 651 8651 
2823 5555 5557 9011 
2824 6014 4138 7590 
2825 8275 6762 8315 
2826 2207 8422 8425 
2827 6835 1290 9028 
2828 5330 5597 8591 
2829 6627 1907 6629 
2830 4661 3611 5423 
2831 5032 3677 9049 
2832 7509 5601 8978 
2833 8515 3960 9057 
2834 5062 2733 7769 
2835 1615 5727 8573 
2836 3454 6763 8220 
2837 6267 6266 8579 
2838 6162 9058 9118 
2839 366 550 8636 
2840 1743 1906 6664 
2841 7459 4605 8517 
2842 5031 973 9051 
2843 6738 3470 8270 
2844 5058 2680 8460 
2845 7124 8175 8823 
2846 3533 3531 7590 
2847 4166 4695 5110 
2848 5033 1335 9053 
2849 5575 2884 5581 
2850 6762 6763 8315 
2851 2127 2129 8106 
2852 6547 6546 8601 
2853 6348 8181 8593 
2854 2338 2322 8304 
2855 9226 7568 9227 
2856 5902 5903 8497 
2857 2194 2197 7621 
2858 9240 4815 9241 
2859 4157 5228 5229 
2860 2649 7960 9067 
2861 8365 5804 8416 
2862 6795 4605 8507 
2863 3078 3079 5423 
2864 3445 6756 8178 
2865 4501 5539 7417 
2866 6835 9028 9034 
2867 7143 7142 8505 
2868 2333 5420 5421 
2869 3454 8220 8226 
2870 6013 6014 8549 
2871 1751 1749 6665 
2872 6769 6768 8268 
2873 5190 2745 7885 
2874 5293 5290 8498 
2875 5896 4504 5898 
2876 7992 5243 8705 
2877 5191 5190 7885 
2878 5393 2904 7966 
2879 6270 6265 8604 
2880 6551 6550 8587 
2881 4144 3142 5747 
2882 2901 5386 5395 
2883 5059 4722 5081 
2884 5727 5726 8573 
2885 3691 5501 7823 
2886 5107 2352 7762 
2887 6738 6736 8313 
2888 5402 5403 8588 
2889 2176 2173 5093 
2890 4146 8334 8365 
2891 989 5091 9065 
2892 3142 3144 5747 
2893 7281 7280 7317 
2894 5536 7442 9230 
2895 8435 5338 8474 
2896 2337 2316 8267 
2897 2129 5395 8106 
2898 7393 4796 8567 
2899 6755 6756 8238 
2900 8226 6755 8238 
2901 3465 6768 8248 
2902 7763 5632 8575 
2903 6769 8268 8284 
2904 4717 8291 8294 
2905 2973 7280 7395 
2906 2708 5341 8500 
2907 1903 1729 8247 
2908 8136 5770 8724 
2909 7430 4649 9068 
2910 8580 2652 8581 
2911 6013 8549 8559 
2912 8299 4719 8304 
2913 3417 6744 8099 
2914 5331 4723 7753 
2915 1753 1751 8025 
2916 6555 6554 8570 
2917 2456 2458 7366 
2918 8284 3470 8313 
2919 3431 6823 8147 
2920 6720 1184 9038 
2921 8248 6762 8275 
2922 830 5696 5721 
2923 1624 5833 8550 
2924 6885 2709 8535 
2925 1696 1693 8314 
2926 2131 2901 5395 
2927 9047 5033 9053 
2928 8677 5028 8724 
2929 5191 2344 7786 
2930 5833 5832 8550 
2931 5501 5500 7823 
2932 8559 1615 8573 
2933 7258 4608 8544 
2934 2979 2093 5579 
2935 7978 1222 8321 
2936 774 776 6914 
2937 4504 5896 5897 
2938 8524 6885 8535 
2939 1321 8930 8943 
2940 6749 6823 8165 
2941 5639 8005 8227 
2942 6911 2774 9040 
2943 2610 2326 8591 
2944 5380 2967 5382 
2945 5834 5833 8554 
2946 6559 6558 8552 
2947 8172 3445 8178 
2948 6884 4608 8530 
2949 361 7393 8567 
2950 8547 5834 8554 
2951 806 5403 8585 
2952 1751 6665 8025 
2953 6749 8165 8172 
2954 5294 7649 8229 
2955 6839 7592 8611 
2956 2360 8246 8287 
2957 5500 3704 7823 
2958 1299 5828 9071 
2959 5539 4501 5540 
2960 483 5651 9166 
2961 2652 7201 8581 
2962 7280 2973 7317 
2963 1321 5040 8930 
2964 3431 8147 8148 
2965 5969 4632 8561 
2966 5609 6707 8563 
2967 5806 827 8491 
2968 5044 5057 5330 
2969 5095 4794 8374 
2970 7430 9068 9076 
2971 4623 3549 8598 
2972 5804 5803 8416 
2973 8608 5406 8612 
2974 5803 5802 8418 
2975 8500 5341 8545 
2976 5223 7923 8229 
2977 5156 3358 5157 
2978 5896 2184 5897 
2979 6743 6744 8151 
2980 5825 2850 7274 
2981 4146 7301 8334 
2982 8610 1623 8611 
2983 1904 1735 8210 
2984 7896 7106 8286 
2985 4608 3491 8544 
2986 5072 2174 5361 
2987 8148 6743 8151 
2988 5186 601 9234 
2989 8441 6452 8445 
2990 1627 6258 8541 
2991 1907 6627 6665 
2992 6775 6886 8487 
2993 8220 6755 8226 
2994 5107 7762 7947 
2995 2097 2884 7993 
2996 5372 5502 5503 
2997 2731 5406 8608 
2998 2344 5191 7885 
2999 7469 4623 8598 
3000 993 5087 9061 
3001 2638 5641 8177 
3002 7393 519 8584 
3003 8986 2765 9085 
3004 6704 7527 8452 
3005 1609 7007 8501 
3006 1196 7105 9059 
3007 5339 5341 8474 
3008 6258 7555 8541 
3009 5396 5393 7966 
3010 6720 9038 9045 
3011 5189 4467 7947 
3012 6257 6258 8538 
3013 4444 7311 7854 
3014 2733 5062 5539 
3015 6875 6876 8461 
3016 7007 7006 8501 
3017 6911 9040 9056 
3018 1626 6586 8388 
3019 2704 6191 8522 
3020 1653 7335 8362 
3021 7201 7200 8581 
3022 1625 6589 8408 
3023 2173 2174 5093 
3024 8575 5632 8588 
3025 2671 6900 8464 
3026 6516 6517 8379 
3027 8982 1308 9008 
3028 7266 7264 8465 
3029 7822 6431 8551 
3030 2884 5572 7993 
3031 6723 2775 9063 
3032 2704 8522 8525 
3033 2711 7176 8427 
3034 1627 8541 8543 
3035 1628 6078 8366 
3036 5154 3358 5156 
3037 1231 1033 8499 
3038 8548 1624 8550 
3039 3079 5046 5423 
3040 6673 1205 8356 
3041 4605 3511 8517 
3042 1749 1907 6665 
3043 4159 5803 8418 
3044 5185 9237 9238 
3045 6768 3465 8268 
3046 1610 6896 8440 
3047 2745 5190 7947 
3048 4772 3750 5083 
3049 4725 7311 7868 
3050 6191 6190 8522 
3051 2709 1541 8535 
3052 6749 8172 8178 
3053 5003 5002 8766 
3054 3233 5056 8246 
3055 6257 8538 8548 
3056 4772 5083 8131 
3057 4723 5331 5624 
3058 5566 2979 5568 
3059 5260 2360 8287 
3060 7934 5300 7966 
3061 2972 7275 7366 
3062 2462 2973 7395 
3063 5682 5681 8510 
3064 6192 4623 8600 
3065 7991 4726 8042 
3066 6823 3431 8165 
3067 2972 2460 7395 
3068 8094 3417 8099 
3069 7649 2754 8229 
3070 6899 6900 8493 
3071 3679 3490 8488 
3072 3959 8228 8756 
3073 8147 6743 8148 
3074 7277 2972 7395 
3075 8496 1609 8501 
3076 5063 2656 7978 
3077 6620 1908 6622 
3078 6661 6431 8919 
3079 5568 2979 5579 
3080 6860 6863 8062 
3081 6900 6901 8464 
3082 6585 6586 8398 
3083 3676 3494 8485 
3084 6523 6524 8360 
3085 6899 8493 8496 
3086 8405 1625 8408 
3087 2371 2369 5157 
3088 1629 6082 8338 
3089 7532 6873 8480 
3090 6570 6568 8443 
3091 6340 6338 8415 
3092 7301 4146 8306 
3093 7868 1696 7877 
3094 5540 4501 7670 
3095 5531 5532 8385 
3096 6896 6895 8440 
3097 7311 4725 7854 
3098 4136 3527 8516 
3099 4581 3612 5235 
3100 8433 1610 8440 
3101 8420 2711 8427 
3102 6838 8617 8624 
3103 1299 9071 9078 
3104 6079 6078 8371 
3105 2672 1017 8448 
3106 4725 7868 7877 
3107 7098 8603 8616 
3108 2368 8451 8839 
3109 8585 5403 8594 
3110 1623 6839 8611 
3111 1323 5578 9070 
3112 8454 2671 8464 
3113 5003 6015 8376 
3114 1906 1741 8166 
3115 5619 5618 9095 
3116 5337 5338 8414 
3117 6838 6839 8617 
3118 550 7100 8636 
3119 6756 3445 8238 
3120 4438 4166 5110 
3121 4722 4721 5081 
3122 3577 3504 8470 
3123 6650 1903 8247 
3124 5539 5062 7417 
3125 2778 5565 9026 
3126 5202 2247 8197 
3127 6585 8398 8405 
3128 7176 7175 8427 
3129 4793 7235 7896 
3130 6744 3417 8151 
3131 2901 2133 8153 
3132 6079 8371 8377 
3133 1630 6248 8310 
3134 3742 3106 8264 
3135 8037 4051 8122 
3136 6769 8284 8313 
3137 4606 3523 8494 
3138 7956 7235 8007 
3139 8334 5804 8365 
3140 2193 5720 8085 
3141 7297 995 8431 
3142 6862 8094 8099 
3143 488 9208 9218 
3144 8377 1626 8388 
3145 8621 6329 8635 
3146 4194 5233 5234 
3147 6589 6588 8408 
3148 6081 6082 8347 
3149 5069 4438 5110 
3150 6336 6337 8401 
3151 4787 7860 8236 
3152 2190 2193 8085 
3153 4438 5069 5513 
3154 2770 5765 8956 
3155 2256 2332 8324 
3156 6586 6587 8388 
3157 7651 6329 8621 
3158 6862 3698 8094 
3159 1757 1755 6666 
3160 2678 1009 8434 
3161 7533 5370 7861 
3162 3358 2371 5157 
3163 3704 5500 5502 
3164 7235 4793 8007 
3165 6078 6077 8366 
3166 2174 4729 5361 
3167 7762 2745 7947 
3168 3249 3251 5359 
3169 5093 4720 8071 
3170 4550 7956 8007 
3171 6081 8347 8353 
3172 1631 6196 8280 
3173 5213 5540 7670 
3174 1996 2909 8051 
3175 2029 1687 8251 
3176 6863 4549 8062 
3177 6567 6571 8421 
3178 6763 3454 8315 
3179 2967 5380 6011 
3180 2175 2177 8084 
3181 5368 5369 8899 
3182 5081 4721 5641 
3183 5513 5070 5989 
3184 651 7173 8651 
3185 5451 5454 8161 
3186 6247 6248 8322 
3187 3702 5258 5259 
3188 2344 7374 7786 
3189 3716 7215 8180 
3190 7263 7262 8457 
3191 5322 8934 8935 
3192 5150 8244 8683 
3193 708 710 8395 
3194 2174 5072 5093 
3195 5494 2350 7562 
3196 1536 8170 8350 
3197 5494 5495 7955 
3198 6706 7874 8428 
3199 8246 5056 8287 
3200 9234 601 9236 
3201 2123 2125 6011 
3202 8624 1638 8630 
3203 6643 1904 8210 
3204 4464 6310 7755 
3205 8353 1628 8366 
3206 1632 6355 8250 
3207 5074 489 5334 
3208 4749 5094 7917 
3209 5322 5321 8934 
3210 8327 1629 8338 
3211 5107 4467 7862 
3212 5456 5482 8213 
3213 6247 8322 8327 
3214 5233 4194 5363 
3215 5376 2969 5378 
3216 2979 5566 7194 
3217 5104 5107 7862 
3218 6949 8149 8341 
3219 1907 1747 8115 
3220 7775 4749 8047 
3221 6195 6196 8289 
3222 5502 5372 7574 
3223 2799 5110 8002 
3224 6082 6379 8338 
3225 5047 4666 9242 
3226 4467 5107 7947 
3227 651 7198 8652 
3228 2751 7884 8326 
3229 8944 5325 8946 
3230 6763 6758 8220 
3231 7562 2350 7657 
3232 4606 8502 8516 
3233 6310 6308 7755 
3234 5199 9168 9171 
3235 6783 6784 8319 
3236 5274 5281 5287 
3237 6195 8289 8301 
3238 4729 5113 5361 
3239 5259 5260 8287 
3240 1757 6666 7660 
3241 8356 3329 8467 
3242 5273 5271 7427 
3243 4121 5609 5610 
3244 7985 7602 8073 
3245 6770 6736 6843 
3246 1281 6770 6843 
3247 4821 6312 6904 
3248 4745 4448 7698 
3249 8301 1630 8310 
3250 1633 6359 8216 
3251 4667 5183 5186 
3252 2850 5825 7368 
3253 5094 2909 7917 
3254 7374 5495 7786 
3255 2639 2808 5641 
3256 2458 2972 7366 
3257 2765 7279 9085 
3258 808 5743 8662 
3259 5073 2963 8847 
3260 832 774 6914 
3261 5495 7374 7955 
3262 4581 5235 5236 
3263 6312 3119 6904 
3264 2645 5749 6038 
3265 2850 2456 7366 
3266 7274 2850 7366 
3267 1759 1757 7660 
3268 2355 5787 8607 
3269 6354 6355 8259 
3270 7907 4540 8120 
3271 5315 5317 5669 
3272 4159 8418 8442 
3273 6433 2950 8826 
3274 5413 5414 5415 
3275 1908 6620 6666 
3276 1312 5321 8939 
3277 2170 2171 5230 
3278 5069 5070 5513 
3279 5081 2808 5114 
3280 4136 7148 8519 
3281 6636 1906 8166 
3282 8472 7323 8475 
3283 776 2679 6914 
3284 8266 1631 8280 
3285 8510 6796 8532 
3286 2452 2454 7368 
3287 5563 5562 5564 
3288 2797 7164 7421 
3289 2909 5094 8051 
3290 4194 5234 5235 
3291 2797 7163 7164 
3292 3612 4194 5235 
3293 2934 3735 5257 
3294 3742 7991 8042 
3295 6800 6799 8298 
3296 4676 4860 5071 
3297 4749 7917 8047 
3298 4713 5719 5720 
3299 5378 2969 6011 
3300 6248 6249 8310 
3301 6787 6781 8340 
3302 4869 7163 7546 
3303 7173 8638 8651 
3304 8868 5302 8876 
3305 1323 9070 9081 
3306 2350 5494 7955 
3307 5909 5908 7996 
3308 489 5074 5624 
3309 6695 6245 6731 
3310 6318 7282 8156 
3311 4618 5194 8495 
3312 6983 6982 7883 
3313 5122 668 5143 
3314 6857 6858 8274 
3315 7163 2797 7546 
3316 2176 5093 8071 
3317 6354 8259 8266 
3318 5143 668 5144 
3319 1634 6579 8174 
3320 3979 6110 6111 
3321 4693 4869 5177 
3322 5491 7657 7921 
3323 5110 4695 8002 
3324 411 412 5414 
3325 2588 5537 7919 
3326 5200 5201 8646 
3327 5177 4869 7546 
3328 5108 2170 5230 
3329 3313 4157 8307 
3330 6358 6359 8230 
3331 5325 5326 8946 
3332 5288 4713 7621 
3333 4713 5720 7621 
3334 1281 6767 6770 
3335 3963 6152 6153 
3336 5491 7562 7657 
3337 2261 5227 8613 
3338 5682 1613 8534 
3339 579 7413 8679 
3340 6308 2905 7755 
3341 3961 6158 6159 
3342 5106 5103 8386 
3343 3358 5154 7820 
3344 3702 5257 5258 
3345 1755 1908 6666 
3346 2890 5080 7725 
3347 1312 8939 8944 
3348 4727 5084 7190 
3349 5213 2359 5540 
3350 5183 5185 5186 
3351 4781 7215 7495 
3352 3681 3133 5089 
3353 5096 4624 5119 
3354 3978 6116 6117 
3355 9081 5574 9094 
3356 4973 4972 4974 
3357 6196 6352 8280 
3358 3755 4781 7495 
3359 5283 5286 5287 
3360 4195 5624 5798 
3361 3926 3928 6109 
3362 4051 4052 8122 
3363 1908 1753 8025 
3364 2808 5081 5641 
3365 4190 4691 5176 
3366 5300 5301 7966 
3367 6985 8008 8402 
3368 6272 6702 6811 
3369 3878 3880 6157 
3370 6358 8230 8237 
3371 5028 8597 8724 
3372 8237 1632 8250 
3373 4691 4693 5177 
3374 6230 6509 6726 
3375 7164 7165 7541 
3376 2967 2127 8106 
3377 5176 4691 5177 
3378 2680 8389 8460 
3379 5154 5152 7820 
3380 1313 5326 8950 
3381 5561 5562 5563 
3382 2363 2392 5680 
3383 6983 6439 7226 
3384 3920 3922 6115 
3385 1635 6583 8130 
3386 3884 3886 6151 
3387 6439 6983 7883 
3388 2067 2069 5280 
3389 4605 7459 8507 
3390 5281 5283 5287 
3391 4606 7659 8502 
3392 5861 5860 5862 
3393 7165 3089 7541 
3394 5089 5088 5091 
3395 6355 6356 8250 
3396 5731 8296 8668 
3397 6306 2905 6308 
3398 6539 4424 8648 
3399 5492 5491 7921 
3400 6756 6751 8178 
3401 1215 6760 6761 
3402 3969 6140 6141 
3403 5489 3608 6279 
3404 5444 6482 8096 
3405 5582 5191 7786 
3406 8005 4772 8227 
3407 2969 5376 5399 
3408 4797 5806 8491 
3409 6842 6841 8186 
3410 7220 7226 8124 
3411 1895 6962 6964 
3412 5346 5489 6279 
3413 5389 2901 8153 
3414 3704 5502 7574 
3415 6578 6579 8184 
3416 3726 5086 5088 
3417 8015 8222 8245 
3418 6629 1907 8115 
3419 7421 7164 7541 
3420 4587 3703 5259 
3421 657 5199 9171 
3422 8489 5902 8497 
3423 2236 5048 8677 
3424 5274 5280 5281 
3425 5084 5085 7190 
3426 3285 3287 5221 
3427 3628 3387 5079 
3428 6425 2889 8817 
3429 6982 2898 7883 
3430 5231 4745 7698 
3431 5086 3726 5097 
3432 4667 5182 5183 
3433 5105 5221 5222 
3434 5800 4187 7950 
3435 5111 8052 8109 
3436 4040 6164 6165 
3437 5310 5315 5669 
3438 4624 4622 5119 
3439 4297 8182 8380 
3440 5079 3387 7900 
3441 5331 489 5624 
3442 4307 8140 8391 
3443 2755 6958 6960 
3444 5557 5553 5561 
3445 5216 3689 5217 
3446 5131 5133 5145 
3447 412 506 5414 
3448 3896 3898 6139 
3449 2343 2200 5640 
3450 5120 2030 6822 
3451 2069 2881 5280 
3452 812 5953 8796 
3453 3966 6146 6147 
3454 3980 6104 6105 
3455 5082 4560 8144 
3456 2969 2123 6011 
3457 3971 6134 6135 
3458 1143 1145 6766 
3459 8849 5672 8851 
3460 3872 3874 6163 
3461 3287 4181 5221 
3462 5230 2175 8084 
3463 3974 6128 6129 
3464 1890 6954 6956 
3465 6590 3609 7737 
3466 6796 2668 8532 
3467 5302 5305 8876 
3468 1970 1973 7117 
3469 5059 5081 5114 
3470 3249 5359 7259 
3471 7224 7141 8514 
3472 3979 6109 6110 
3473 1149 1151 6759 
3474 6578 8184 8198 
3475 810 5255 8812 
3476 5600 5599 5601 
3477 7116 4738 8121 
3478 839 8146 8201 
3479 6359 6576 8216 
3480 1973 4740 5121 
3481 2766 7336 7980 
3482 5242 5245 5246 
3483 3021 3023 5407 
3484 8198 1633 8216 
3485 3710 7533 7861 
3486 6073 6494 6496 
3487 2963 8838 8847 
3488 5566 5562 7194 
3489 3963 6151 6152 
3490 2436 2438 6897 
3491 1622 7304 8524 
3492 3112 4033 7666 
3493 5454 7867 8161 
3494 5628 5989 7882 
3495 8825 5254 8833 
3496 8494 4610 8726 
3497 2757 6950 6952 
3498 1654 7351 8193 
3499 241 668 5122 
3500 7142 1621 8505 
3501 3251 4437 5359 
3502 2200 2199 5640 
3503 1347 6277 6278 
3504 4734 5086 5097 
3505 1973 5121 7117 
3506 2753 6966 6968 
3507 2735 5244 8703 
3508 3976 6122 6123 
3509 4772 8131 8227 
3510 5382 2967 8106 
3511 5179 7914 7958 
3512 5492 2349 7914 
3513 6936 8234 8403 
3514 523 7030 7031 
3515 2904 7934 7966 
3516 6014 1620 8549 
3517 3908 3910 6127 
3518 3961 6157 6158 
3519 3890 3892 6145 
3520 611 356 670 
3521 5242 5246 5249 
3522 6535 4425 8631 
3523 3880 6155 6157 
3524 5639 4052 8005 
3525 5197 5647 5648 
3526 3928 6107 6109 
3527 5800 4740 5970 
3528 2119 2121 5399 
3529 3902 3904 6133 
3530 5317 5322 5669 
3531 5010 7915 8010 
3532 3978 6115 6116 
3533 6407 7004 7708 
3534 2332 5745 8345 
3535 574 7048 7049 
3536 5179 7958 8113 
3537 5063 7978 8321 
3538 5896 5898 8081 
3539 6582 6583 8138 
3540 5557 5561 5563 
3541 5078 3253 8707 
3542 3922 6113 6115 
3543 6542 4426 8619 
3544 2171 2175 5230 
3545 2366 2885 5371 
3546 6430 6429 8804 
3547 7875 5158 8055 
3548 5830 2452 7368 
3549 682 684 7893 
3550 3700 3167 5214 
3551 1994 5111 7457 
3552 3914 3916 6121 
3553 2950 8824 8826 
3554 5085 6478 7190 
3555 3107 7003 7416 
3556 575 7036 7037 
3557 6613 1910 6615 
3558 379 380 8709 
3559 7877 1696 8314 
3560 2125 2967 6011 
3561 7304 1622 8526 
3562 7599 2596 7722 
3563 1825 1823 7376 
3564 528 7078 7079 
3565 3226 3618 5182 
3566 1341 5673 8850 
3567 5324 5323 5375 
3568 6744 6745 8099 
3569 1215 6759 6760 
3570 5975 7630 8150 
3571 1863 1861 8031 
3572 5079 7900 7967 
3573 3228 3226 5182 
3574 3886 6149 6151 
3575 5502 5498 5503 
3576 5080 7599 7722 
3577 3932 3934 6103 
3578 3969 6139 6140 
3579 2720 7377 8097 
3580 525 7054 7055 
3581 6471 5740 6472 
3582 6726 6667 7946 
3583 1281 6766 6767 
3584 1994 7457 7502 
3585 5989 5070 7882 
3586 1809 1807 7327 
3587 5279 5273 7427 
3588 6328 5408 7913 
3589 6349 8196 8557 
3590 876 874 6277 
3591 524 7042 7043 
3592 1313 8950 8957 
3593 445 446 7029 
3594 3980 6103 6104 
3595 4195 4723 5624 
3596 6478 5085 6878 
3597 2932 2934 5257 
3598 6924 8070 8381 
3599 6583 6802 8130 
3600 5343 5631 8569 
3601 809 5249 8760 
3602 6942 8200 8364 
3603 1636 6463 8057 
3604 3966 6145 6146 
3605 5121 4740 5800 
3606 2359 5538 5540 
3607 1935 1955 8059 
3608 6579 6580 8174 
3609 1821 1819 7213 
3610 6210 2978 6212 
3611 5323 2893 5375 
3612 1910 6613 6918 
3613 3133 3726 5089 
3614 577 7072 7073 
3615 8155 1634 8174 
3616 5327 5324 5375 
3617 611 670 671 
3618 3971 6133 6134 
3619 2638 2639 5641 
3620 1721 1719 8110 
3621 5631 5343 7705 
3622 2361 2366 5371 
3623 3735 4599 5257 
3624 4793 7896 8286 
3625 5754 5751 5760 
3626 5080 4518 7725 
3627 436 437 7047 
3628 2889 8809 8817 
3629 5996 5082 8144 
3630 421 422 7077 
3631 7523 4764 8068 
3632 4040 6163 6164 
3633 3616 3175 5167 
3634 5080 2890 7599 
3635 6073 6496 7796 
3636 8670 5510 8682 
3637 4217 4215 7378 
3638 442 443 7035 
3639 8954 2770 8956 
3640 5197 5195 5647 
3641 8804 6429 8809 
3642 4492 4491 5719 
3643 3898 6137 6139 
3644 6458 5653 7673 
3645 844 842 5788 
3646 4588 5770 8136 
3647 573 7060 7061 
3648 7160 1661 7345 
3649 433 434 7053 
3650 1813 1811 6981 
3651 3681 5089 5090 
3652 6819 4180 8114 
3653 5598 5599 5600 
3654 672 5074 5334 
3655 3979 3926 6109 
3656 3874 6161 6163 
3657 3974 6127 6128 
3658 1817 1815 7180 
3659 5083 3750 8042 
3660 2111 2888 5314 
3661 5082 2638 8177 
3662 611 672 5334 
3663 1145 6764 6766 
3664 3321 3372 7785 
3665 8422 5058 8425 
3666 2893 5323 5328 
3667 4491 4724 5719 
3668 5482 2812 8213 
3669 3963 3884 6151 
3670 1859 1913 7582 
3671 4187 5611 7950 
3672 5113 4729 5537 
3673 5112 4736 7628 
3674 6582 8138 8155 
3675 2776 5398 8959 
3676 7914 2349 7958 
3677 5820 5817 5822 
3678 5099 2948 5161 
3679 5641 4721 8177 
3680 3880 3882 6155 
3681 4778 4686 8240 
3682 439 440 7041 
3683 3007 3009 5342 
3684 748 750 5620 
3685 3031 3586 5507 
3686 5173 3711 5174 
3687 5270 2067 5280 
3688 8199 790 8568 
3689 6622 1908 8025 
3690 1151 6757 6759 
3691 8703 5244 8731 
3692 3976 6121 6122 
3693 3928 3930 6107 
3694 6722 4758 7953 
3695 3119 5084 6904 
3696 3922 3924 6113 
3697 2905 6306 7437 
3698 2115 2117 5328 
3699 4504 3380 8374 
3700 5211 4488 5356 
3701 6546 4427 8601 
3702 3961 3878 6157 
3703 5730 4629 7145 
3704 2977 6215 6897 
3705 5197 5648 5651 
3706 571 7024 7025 
3707 5637 4052 5639 
3708 4745 7985 8073 
3709 7003 3107 7708 
3710 2364 2348 6260 
3711 430 431 7059 
3712 5102 3285 5221 
3713 3978 3920 6115 
3714 8765 5248 8770 
3715 4039 6167 6168 
3716 5408 5407 7913 
3717 3153 3151 5652 
3718 882 2632 7391 
3719 842 845 5788 
3720 6731 6730 7879 
3721 424 425 7071 
3722 5271 5274 7427 
3723 7215 4781 8180 
3724 1892 8152 8189 
3725 4463 4726 7991 
3726 523 7029 7030 
3727 3703 3702 5259 
3728 1915 6945 6948 
3729 2588 2590 5537 
3730 3886 3888 6149 
3731 3910 6125 6127 
3732 4514 5362 7930 
3733 1910 1759 7660 
3734 6962 1895 7213 
3735 3726 5088 5089 
3736 3892 6143 6145 
3737 6535 6536 8640 
3738 2199 5638 5640 
3739 5624 5074 5798 
3740 7160 7345 7751 
3741 5247 5971 5972 
3742 4187 3110 5611 
3743 5174 3711 7903 
3744 2081 7937 7981 
3745 1285 6753 6754 
3746 3969 3896 6139 
3747 3904 6131 6133 
3748 6715 6718 6721 
3749 6760 6758 6763 
3750 1281 1143 6766 
3751 5707 5708 8633 
3752 5354 7666 7667 
3753 3277 4467 5189 
3754 5190 5189 7947 
3755 574 7047 7048 
3756 2149 2914 5304 
3757 2454 2850 7368 
3758 3916 6119 6121 
3759 5816 2849 5822 
3760 6260 7907 8120 
3761 1895 6964 7376 
3762 7281 6994 7318 
3763 3966 3890 6145 
3764 527 7066 7067 
3765 8935 1324 8958 
3766 1215 1149 6759 
3767 7432 7251 8717 
3768 2753 6968 7308 
3769 575 7035 7036 
3770 2510 2512 6913 
3771 3137 3609 6442 
3772 6030 6033 6034 
3773 6575 4553 8164 
3774 4038 6170 6171 
3775 6464 6463 8093 
3776 3971 3902 6133 
3777 6954 1890 6981 
3778 2757 6952 6981 
3779 5111 1994 8052 
3780 6958 2755 7180 
3781 2392 5178 5680 
3782 4040 3872 6163 
3783 4486 4488 5211 
3784 3687 3021 5407 
3785 3616 5167 5168 
3786 3874 3876 6161 
3787 2755 6960 7213 
3788 5461 8257 8263 
3789 4489 4487 7417 
3790 5898 3740 8081 
3791 3980 3932 6103 
3792 2849 5816 5821 
3793 5065 5746 7329 
3794 1145 1147 6764 
3795 5430 5713 5714 
3796 8908 4664 8914 
3797 5342 3009 7705 
3798 3700 5214 5215 
3799 3898 3900 6137 
3800 6818 6819 8114 
3801 4488 4490 5356 
3802 2286 2284 6707 
3803 3269 3271 5496 
3804 750 833 5620 
3805 4518 6373 7725 
3806 1909 6970 6972 
3807 5084 4727 6904 
3808 5496 5582 7786 
3809 524 7041 7042 
3810 6443 3609 6590 
3811 3039 3695 7992 
3812 6542 6541 8623 
3813 528 7077 7078 
3814 2949 5997 5998 
3815 5823 5822 5830 
3816 359 613 5193 
3817 6310 4464 7803 
3818 3974 3908 6127 
3819 3257 4531 5178 
3820 5195 3157 5647 
3821 5351 3690 5353 
3822 446 7027 7029 
3823 525 7053 7054 
3824 577 7071 7072 
3825 3317 4110 5224 
3826 2893 2119 5399 
3827 2776 8959 8964 
3828 7817 5276 8036 
3829 6736 6770 8313 
3830 5496 3271 5582 
3831 3718 5112 7628 
3832 3990 7511 7512 
3833 409 410 5409 
3834 5158 5157 8055 
3835 2288 2286 5608 
3836 1622 8524 8535 
3837 4228 4230 5666 
3838 5214 3689 5216 
3839 6306 6304 7437 
3840 437 7045 7047 
3841 3976 3914 6121 
3842 5212 5213 7670 
3843 6373 4518 7157 
3844 5507 3586 5508 
3845 422 7075 7077 
3846 2117 2893 5328 
3847 5412 619 5413 
3848 4188 7775 8047 
3849 443 7033 7035 
3850 5314 2888 5315 
3851 3934 6101 6103 
3852 1522 1654 8295 
3853 3087 4193 5799 
3854 619 411 5414 
3855 6966 2753 7376 
3856 5119 4622 5120 
3857 836 826 6525 
3858 4005 4637 5092 
3859 5400 3687 5404 
3860 3892 3894 6143 
3861 434 7051 7053 
3862 1913 6296 7582 
3863 6527 6189 6529 
3864 2347 2363 5680 
3865 6550 4428 8587 
3866 1890 6956 7180 
3867 5380 5378 6011 
3868 1995 1996 8051 
3869 6414 6500 6502 
3870 1955 1970 7117 
3871 3097 7116 8121 
3872 573 7059 7060 
3873 3916 3918 6119 
3874 1285 6752 6753 
3875 5178 4531 5179 
3876 6482 2825 8096 
3877 6372 6373 7157 
3878 448 449 7023 
3879 479 666 5232 
3880 3167 3165 5214 
3881 841 836 6525 
3882 6355 1632 8259 
3883 6729 6731 7765 
3884 2948 2620 5161 
3885 7004 7003 7708 
3886 427 428 7065 
3887 6695 6731 7879 
3888 1151 1153 6757 
3889 3583 5630 5631 
3890 571 7023 7024 
3891 5485 3608 5489 
3892 5968 6266 6273 
3893 7860 4818 8236 
3894 6252 4001 6253 
3895 5223 4181 7923 
3896 5823 5830 7368 
3897 3910 3912 6125 
3898 2983 2075 5598 
3899 6248 1630 8322 
3900 4475 2728 7373 
3901 6823 6742 8147 
3902 6296 1913 6323 
3903 3904 3906 6131 
3904 3868 3870 6166 
3905 5344 3645 5348 
3906 6426 6025 6433 
3907 1637 6377 7970 
3908 2394 2364 6260 
3909 5095 3220 8399 
3910 6196 1631 8289 
3911 3590 3047 5971 
3912 2115 5328 5885 
3913 440 7039 7041 
3914 5372 5503 7861 
3915 6828 6831 6836 
3916 4424 8642 8648 
3917 2170 5108 7305 
3918 5295 5304 5306 
3919 4157 5229 8307 
3920 4758 6722 6724 
3921 4630 5349 6792 
3922 6078 1628 8371 
3923 7112 7111 7890 
3924 6082 1629 8347 
3925 5259 5258 5260 
3926 7336 5120 7980 
3927 938 1362 6033 
3928 4187 5800 5970 
3929 6496 6913 7796 
3930 5211 8768 8782 
3931 5751 5753 5760 
3932 6910 6719 7952 
3933 5680 5179 8113 
3934 6721 6722 7953 
3935 5358 1640 8132 
3936 2948 5099 5233 
3937 5224 4110 5225 
3938 4490 4493 5356 
3939 1426 7259 8132 
3940 5343 5342 7705 
3941 6230 6726 7946 
3942 523 445 7029 
3943 4863 7997 8037 
3944 6861 6745 7187 
3945 5711 5174 7903 
3946 431 7057 7059 
3947 6945 1915 6979 
3948 8640 6536 8642 
3949 1604 1602 7609 
3950 6195 8301 8310 
3951 2121 2969 5399 
3952 1909 6972 7212 
3953 5114 2808 5884 
3954 6025 6426 6432 
3955 554 409 5409 
3956 5239 6591 7963 
3957 6464 8093 8103 
3958 4425 8627 8631 
3959 5817 5816 5822 
3960 6250 4001 6252 
3961 527 7065 7066 
3962 5119 5120 6822 
3963 266 533 8034 
3964 4205 6040 7825 
3965 5156 5157 5158 
3966 9127 1953 9220 
3967 5193 613 5194 
3968 3685 5337 7784 
3969 1155 1157 6752 
3970 4039 6166 6167 
3971 5021 5360 7383 
3972 4038 6169 6170 
3973 425 7069 7071 
3974 3632 4096 5718 
3975 5404 3687 5405 
3976 5236 8676 9172 
3977 6731 6245 7765 
3978 6610 6609 6611 
3979 23 530 5511 
3980 2030 5120 7336 
3981 2284 2340 6707 
3982 6212 2978 6897 
3983 5409 619 5412 
3984 5574 7379 9094 
3985 22 23 5511 
3986 9124 1952 9209 
3987 6354 8266 8280 
3988 4505 5192 7778 
3989 5310 5314 5315 
3990 4477 4475 7305 
3991 5908 2605 7996 
3992 5371 2885 5372 
3993 5161 2620 5551 
3994 575 442 7035 
3995 6463 6462 8057 
3996 6950 2757 7327 
3997 5617 748 5620 
3998 5786 3321 7785 
3999 6359 1633 8230 
4000 2266 2264 8035 
4001 2057 2879 7782 
4002 3191 3997 5425 
4003 5353 3690 5354 
4004 6586 1626 8398 
4005 8018 7407 8176 
4006 574 436 7047 
4007 2147 2149 5304 
4008 5588 5589 5594 
4009 528 421 7077 
4010 6247 8327 8338 
4011 6773 4539 8058 
4012 2726 7694 7911 
4013 678 679 5995 
4014 5611 3110 6908 
4015 6442 3609 6443 
4016 524 439 7041 
4017 3992 8729 8733 
4018 3583 5629 5630 
4019 633 7081 7082 
4020 5304 2914 8819 
4021 3107 7161 7708 
4022 7305 4475 7373 
4023 6721 6718 6722 
4024 525 433 7053 
4025 5509 5724 5725 
4026 5280 2881 5281 
4027 4446 4630 6792 
4028 906 904 6021 
4029 2952 3645 5344 
4030 902 900 6467 
4031 6970 1909 7308 
4032 443 444 7033 
4033 5348 3645 5349 
4034 4560 8128 8144 
4035 5292 5541 5542 
4036 8103 1635 8130 
4037 4608 7258 8530 
4038 5610 5609 8563 
4039 3690 3112 7666 
4040 2349 5492 7921 
4041 6461 6182 6668 
4042 3283 3285 5102 
4043 2438 2977 6897 
4044 3586 3033 5724 
4045 422 423 7075 
4046 355 356 611 
4047 5182 3618 5183 
4048 2039 2022 5675 
4049 8623 6541 8627 
4050 437 438 7045 
4051 6040 4741 7825 
4052 577 424 7071 
4053 446 447 7027 
4054 2879 5762 7782 
4055 6272 6811 7565 
4056 6350 1912 6608 
4057 6351 6350 6608 
4058 573 430 7059 
4059 6260 2348 7907 
4060 3045 3590 5245 
4061 6468 4543 8108 
4062 5221 4181 5222 
4063 7182 7183 7184 
4064 3615 3153 5652 
4065 874 2641 6277 
4066 904 1359 6021 
4067 5108 4477 7305 
4068 2978 2436 6897 
4069 5791 6253 7447 
4070 3267 4168 5493 
4071 5754 5760 5761 
4072 5486 6590 7737 
4073 2283 5293 8498 
4074 3181 3179 7511 
4075 5586 7211 7774 
4076 3319 3321 5786 
4077 3075 3690 5351 
4078 7457 7270 7502 
4079 1285 1155 6752 
4080 5820 5822 5823 
4081 4194 3080 5363 
4082 6546 6545 8605 
4083 6811 6809 7565 
4084 1264 6372 7157 
4085 5506 5508 5743 
4086 3750 3743 8042 
4087 440 441 7039 
4088 3802 3804 7498 
4089 3989 8675 8688 
4090 5359 5358 8132 
4091 3934 3936 6101 
4092 5157 2369 8055 
4093 5240 3043 5245 
4094 434 435 7051 
4095 1916 6289 6302 
4096 5212 5109 5213 
4097 5553 5552 5561 
4098 5628 1376 7650 
4099 5506 5507 5508 
4100 5889 2598 5890 
4101 4736 5112 7639 
4102 2512 2857 6913 
4103 884 882 7391 
4104 6290 6295 8091 
4105 6579 1634 8184 
4106 3685 3003 5335 
4107 431 432 7057 
4108 357 546 670 
4109 1359 902 6467 
4110 6188 6189 6527 
4111 6772 6773 8058 
4112 2887 6374 7450 
4113 3080 2623 5363 
4114 5152 2378 7820 
4115 2948 5233 5363 
4116 571 448 7023 
4117 7226 6439 8124 
4118 5825 5823 7368 
4119 6972 6974 7212 
4120 3864 3866 6169 
4121 7003 6999 7416 
4122 5608 2286 6707 
4123 6554 4429 8570 
4124 2432 2434 7439 
4125 6585 8405 8408 
4126 4208 4741 7778 
4127 7915 2845 8010 
4128 9077 1945 9145 
4129 4479 5109 5212 
4130 4450 4217 7378 
4131 527 427 7065 
4132 5746 5744 7329 
4133 2087 2981 5552 
4134 2107 2109 5308 
4135 5192 4505 7724 
4136 5162 5163 5165 
4137 782 784 5710 
4138 1276 5697 8641 
4139 5414 506 5415 
4140 2993 2995 7760 
4141 5537 4729 7919 
4142 9091 1947 9165 
4143 4734 5097 7572 
4144 428 7063 7065 
4145 4230 4407 5666 
4146 6411 6416 6417 
4147 3175 3173 5167 
4148 2377 2380 5219 
4149 6811 6702 6813 
4150 6079 8377 8388 
4151 5653 5652 7673 
4152 736 831 6255 
4153 5253 5671 5673 
4154 3187 3993 5713 
4155 3019 3687 5400 
4156 8531 3975 9144 
4157 5634 6443 6444 
4158 5533 5530 7819 
4159 1829 1827 7308 
4160 5654 4228 5666 
4161 2395 2836 5098 
4162 5701 4201 5702 
4163 4107 4813 5705 
4164 821 4764 7523 
4165 3299 3301 5541 
4166 6836 6910 7952 
4167 548 7084 7085 
4168 8542 3973 9138 
4169 2757 1809 7327 
4170 6358 8237 8250 
4171 3189 3187 5713 
4172 3584 5729 5730 
4173 6304 2730 7437 
4174 2276 2339 7779 
4175 2978 6210 7439 
4176 5167 3711 5173 
4177 546 5193 8444 
4178 2669 8211 8225 
4179 1823 1895 7376 
4180 6477 6478 6878 
4181 419 420 7080 
4182 425 426 7069 
4183 2109 2111 5314 
4184 5544 5545 5548 
4185 780 829 5707 
4186 2113 2115 5885 
4187 5894 8081 8089 
4188 5727 1615 8580 
4189 3301 4163 5541 
4190 5551 2615 6794 
4191 7212 6974 7558 
4192 1347 876 6277 
4193 3584 5730 7145 
4194 5995 682 7893 
4195 6509 6510 6726 
4196 2359 2179 5538 
4197 5605 2335 5606 
4198 3990 3181 7511 
4199 1895 1821 7213 
4200 4115 3228 5182 
4201 3686 3007 5342 
4202 4033 4662 7666 
4203 6171 6367 7717 
4204 2753 1825 7376 
4205 1890 1813 6981 
4206 1919 6188 6527 
4207 2755 1817 7180 
4208 7351 8182 8193 
4209 5216 5217 5218 
4210 2381 2378 5152 
4211 240 241 5122 
4212 7403 1995 8051 
4213 449 7021 7023 
4214 3882 3963 6155 
4215 5339 3686 5340 
4216 6608 6609 6610 
4217 2707 7112 7890 
4218 5668 2780 7489 
4219 5977 5737 6592 
4220 5704 4739 5705 
4221 554 5409 5410 
4222 811 5355 8855 
4223 6589 1625 8420 
4224 5245 3590 5246 
4225 5698 4201 5701 
4226 6583 1635 8138 
4227 6215 2977 8003 
4228 1811 2757 6981 
4229 3719 5513 5989 
4230 3041 3043 5240 
4231 3924 3979 6113 
4232 4974 4972 4984 
4233 4485 4483 7670 
4234 2065 2067 5270 
4235 5362 5675 7930 
4236 6578 8198 8216 
4237 2075 2077 5598 
4238 2983 5598 5600 
4239 7282 2915 8156 
4240 6615 1910 7660 
4241 5493 4168 5494 
4242 1995 7403 8052 
4243 940 938 6033 
4244 5754 5763 7681 
4245 2446 2448 5821 
4246 7226 7219 7671 
4247 3685 5335 5336 
4248 6062 6060 6511 
4249 6920 4450 7377 
4250 1661 7160 7935 
4251 1819 2755 7213 
4252 2157 2159 5997 
4253 5703 4739 5704 
4254 6714 6715 6721 
4255 6081 8353 8366 
4256 6377 6378 7970 
4257 4171 7369 7801 
4258 7888 3760 7972 
4259 489 354 5334 
4260 3373 3371 7216 
4261 9072 1944 9133 
4262 6790 6791 8020 
4263 6376 6377 8030 
4264 505 107 5516 
4265 746 748 5617 
4266 5242 5240 5245 
4267 6033 1362 6034 
4268 355 611 5334 
4269 6773 6774 8090 
4270 7713 7865 8821 
4271 1807 1915 7327 
4272 5530 3570 7819 
4273 7801 7369 7802 
4274 1358 868 5767 
4275 5951 5954 7597 
4276 4110 3319 5786 
4277 4741 6040 7778 
4278 428 429 7063 
4279 5577 5575 5581 
4280 3930 3980 6107 
4281 6735 6858 7166 
4282 3051 3053 7598 
4283 3584 5728 5729 
4284 5176 4188 8050 
4285 7168 4472 7448 
4286 5719 4724 5720 
4287 7275 7274 7366 
4288 6205 2980 6207 
4289 1873 7964 8022 
4290 2188 2187 7603 
4291 5447 5449 8223 
4292 7528 5976 8060 
4293 5295 2147 5304 
4294 2650 7910 8045 
4295 3888 3966 6149 
4296 6088 3802 7498 
4297 9120 1951 9198 
4298 4188 8047 8050 
4299 8508 3962 9073 
4300 5738 5739 5742 
4301 5671 5253 5928 
4302 1380 6477 6878 
4303 2766 5307 7109 
4304 4039 3868 6166 
4305 6589 8420 8427 
4306 4168 3269 5496 
4307 3371 4135 7216 
4308 1815 1890 7180 
4309 2185 2182 5894 
4310 3876 3961 6161 
4311 633 7080 7081 
4312 2941 5967 6273 
4313 4739 4107 5705 
4314 6111 6110 6112 
4315 7988 2029 8251 
4316 7622 2890 7725 
4317 5564 5562 5566 
4318 1157 6750 6752 
4319 8517 7144 8701 
4320 2936 2987 7844 
4321 2620 2617 5551 
4322 3208 3210 7802 
4323 603 476 5432 
4324 2237 2240 7709 
4325 734 736 6255 
4326 5750 5754 7681 
4327 42 669 5514 
4328 6881 6882 7714 
4329 744 1274 5612 
4330 6184 6183 6186 
4331 5482 5461 8263 
4332 6582 8155 8174 
4333 2448 2849 5821 
4334 8040 1636 8057 
4335 5529 3570 5530 
4336 6153 6152 6154 
4337 1861 7582 8031 
4338 6999 2769 7416 
4339 1912 6350 7699 
4340 107 108 5516 
4341 3768 3770 7800 
4342 4610 3519 5681 
4343 5894 2182 5895 
4344 2881 2071 7968 
4345 2374 2376 5635 
4346 2826 8257 8258 
4347 6827 6828 6836 
4348 5805 827 5806 
4349 5372 2885 7574 
4350 2605 5932 5933 
4351 868 866 5767 
4352 6791 4200 8020 
4353 1917 6938 6941 
4354 3009 3011 7705 
4355 622 274 6331 
4356 772 832 5748 
4357 6409 6411 6417 
4358 6882 3096 7714 
4359 9108 1949 9178 
4360 5407 3023 7913 
4361 5967 5968 6273 
4362 20 21 5115 
4363 632 7090 7091 
4364 5247 3590 5971 
4365 896 1356 5544 
4366 4038 3864 6169 
4367 6374 7622 7725 
4368 5509 3586 5724 
4369 6159 6158 6160 
4370 6816 6814 7524 
4371 6321 6323 7571 
4372 4038 6171 7717 
4373 6789 6524 7758 
4374 586 8772 8776 
4375 6117 6116 6118 
4376 5365 5367 5369 
4377 1805 1803 6979 
4378 8527 3968 9117 
4379 6517 6519 6520 
4380 3176 3178 7587 
4381 6550 6549 8590 
4382 5261 3610 5262 
4383 7280 7277 7395 
4384 6836 6831 6910 
4385 4570 4247 5766 
4386 1147 1215 6764 
4387 7270 4733 7625 
4388 2232 5370 7533 
4389 6968 6970 7308 
4390 4495 4492 5719 
4391 2100 2810 5706 
4392 546 358 5193 
4393 5274 5287 7427 
4394 5198 5217 7492 
4395 6219 6217 6282 
4396 2617 2615 5551 
4397 2270 2268 5891 
4398 5552 2981 5561 
4399 6569 6876 7150 
4400 4487 4501 7417 
4401 2145 2147 5295 
4402 2836 2835 7909 
4403 3658 3012 5588 
4404 4448 5188 7698 
4405 860 2593 5738 
4406 3029 3031 5507 
4407 6017 906 6021 
4408 5149 4123 5150 
4409 5884 2806 7742 
4410 2177 2359 8084 
4411 2450 2452 5830 
4412 3900 3971 6137 
4413 2997 3570 5529 
4414 2605 2300 5932 
4415 238 239 5512 
4416 3981 6097 6098 
4417 415 416 7090 
4418 800 802 5802 
4419 5113 4457 5361 
4420 2370 2382 7407 
4421 6376 8030 8040 
4422 1861 1859 7582 
4423 1922 2001 7363 
4424 6063 6504 6505 
4425 6925 6076 7553 
4426 7815 5256 7864 
4427 1105 1282 6519 
4428 5756 5752 7606 
4429 5563 5564 5565 
4430 1803 1801 7525 
4431 410 619 5409 
4432 7370 4524 8011 
4433 7683 7888 7972 
4434 9099 1948 9170 
4435 3715 4769 5187 
4436 5307 2766 7980 
4437 548 7083 7084 
4438 3047 3049 5971 
4439 2316 2314 8267 
4440 4505 7572 7724 
4441 6496 6493 6912 
4442 1103 1105 6519 
4443 6558 4430 8552 
4444 3202 4123 5149 
4445 6974 6976 7558 
4446 5861 5862 5863 
4447 5246 5248 5249 
4448 8605 6545 8609 
4449 417 418 7083 
4450 6303 2730 6304 
4451 6761 6760 6762 
4452 3918 3978 6119 
4453 6784 6820 6821 
4454 2037 2780 5668 
4455 4450 6920 7739 
4456 449 450 7021 
4457 1588 1661 7935 
4458 2102 2100 5706 
4459 3139 3137 6442 
4460 6454 6362 6455 
4461 3594 5951 7597 
4462 2335 2288 5608 
4463 4180 8098 8114 
4464 2949 2157 5997 
4465 604 238 5512 
4466 6141 6140 6142 
4467 2022 2021 5675 
4468 5425 3997 5429 
4469 2339 2274 5886 
4470 5692 4108 5693 
4471 1157 1159 6750 
4472 6364 6365 6366 
4473 2773 6024 6432 
4474 6337 6512 6513 
4475 1325 5602 8968 
4476 3401 4446 6793 
4477 2524 2863 6503 
4478 357 358 546 
4479 2600 5723 8659 
4480 5710 784 5784 
4481 5436 2102 5706 
4482 3981 6098 6099 
4483 5707 829 5708 
4484 2254 2252 5744 
4485 4426 8609 8619 
4486 3275 3277 5189 
4487 3193 3191 5425 
4488 6253 4001 7447 
4489 5115 5117 7646 
4490 7414 5904 7471 
4491 6220 6232 6240 
4492 6397 6409 6417 
4493 4121 3176 7587 
4494 1988 6806 7922 
4495 3912 3976 6125 
4496 6254 734 6255 
4497 5744 2252 7329 
4498 6323 1913 7571 
4499 8090 6774 8098 
4500 1374 1382 7650 
4501 6289 1916 6291 
4502 5449 5451 8161 
4503 6493 2966 6912 
4504 3894 3969 6143 
4505 5750 2878 5751 
4506 1767 1912 7699 
4507 6684 6682 6703 
4508 3618 3203 7987 
4509 2472 2474 7416 
4510 1955 7117 8059 
4511 5250 3069 5928 
4512 3206 4457 5113 
4513 1350 1333 7214 
4514 9082 1946 9155 
4515 5727 8580 8581 
4516 5603 2335 5605 
4517 3625 5362 8102 
4518 6868 6816 7524 
4519 2397 3401 6793 
4520 3315 3317 5224 
4521 6076 3718 7628 
4522 1911 6976 7671 
4523 2958 2956 6279 
4524 2268 2334 5891 
4525 2085 2087 5552 
4526 6024 6025 6432 
4527 7527 4432 8452 
4528 5886 2598 5889 
4529 3870 4040 6166 
4530 8539 3972 9132 
4531 5484 3608 5485 
4532 1153 1285 6757 
4533 7187 6745 7299 
4534 7991 3742 8264 
4535 3979 6111 6113 
4536 3906 3974 6131 
4537 684 2648 7893 
4538 6912 2510 6913 
4539 5327 5375 5376 
4540 3294 4108 5692 
4541 6220 6231 6232 
4542 4454 7189 8046 
4543 6028 6030 6032 
4544 3271 3273 5582 
4545 778 780 5707 
4546 5252 5256 7815 
4547 3013 3015 5629 
4548 4733 7270 7457 
4549 6979 1803 7525 
4550 6404 6407 7162 
4551 3255 678 5995 
4552 6878 5085 7339 
4553 506 413 8053 
4554 5807 2446 5821 
4555 1915 6948 7327 
4556 6374 2887 7622 
4557 2628 1985 6326 
4558 6135 6134 6136 
4559 6105 6104 6106 
4560 5373 1672 5374 
4561 4262 4264 7094 
4562 2214 2227 5717 
4563 2802 2039 5675 
4564 6997 2769 6999 
4565 5348 5349 5350 
4566 2104 2102 5436 
4567 6129 6128 6130 
4568 5738 2593 5739 
4569 679 682 5995 
4570 6372 1264 6852 
4571 3780 4001 6250 
4572 1109 7758 7772 
4573 2868 6241 7686 
4574 3143 3610 5261 
4575 6339 6571 7526 
4576 6995 6991 6997 
4577 7489 4458 7977 
4578 6685 6697 6698 
4579 2341 5929 5930 
4580 7176 2711 8433 
4581 3043 3045 5245 
4582 6147 6146 6148 
4583 3856 3858 6365 
4584 6676 4453 7656 
4585 3081 4097 5159 
4586 8052 7403 8109 
4587 5289 3299 5541 
4588 8533 3970 9125 
4589 3372 4109 7785 
4590 3606 4656 7909 
4591 5356 4493 5357 
4592 2203 2368 6678 
4593 6427 1901 7679 
4594 3033 3035 5724 
4595 6531 6532 6934 
4596 6351 6608 6610 
4597 5115 626 5116 
4598 5544 1356 5545 
4599 5999 2255 7254 
4600 7572 5097 7724 
4601 7450 6480 7580 
4602 3963 6153 6155 
4603 3180 3182 7749 
4604 3961 6159 6161 
4605 3766 3768 5940 
4606 6503 2863 6504 
4607 4035 6362 6454 
4608 732 734 6254 
4609 8513 3965 9093 
4610 2960 3608 5484 
4611 6500 6414 7718 
4612 1672 5373 7412 
4613 6938 1917 6980 
4614 4193 5162 5165 
4615 5535 3617 5536 
4616 4498 4713 5288 
4617 7152 3567 7617 
4618 1998 6575 8164 
4619 4155 5181 6280 
4620 5262 5265 5266 
4621 2339 5888 7779 
4622 7630 4439 8150 
4623 6021 1359 6022 
4624 6685 6696 6697 
4625 738 740 7218 
4626 438 524 7045 
4627 6324 728 6325 
4628 2869 2556 7752 
4629 6987 5277 6989 
4630 4501 4485 7670 
4631 7031 7030 7032 
4632 5940 3768 7800 
4633 6753 6751 6756 
4634 3163 3161 7492 
4635 1915 1805 6979 
4636 5253 5250 5928 
4637 2362 5894 8089 
4638 2864 2532 7824 
4639 5583 5586 7774 
4640 6691 2869 7752 
4641 6476 3712 6478 
4642 444 523 7033 
4643 479 480 666 
4644 2063 2880 7944 
4645 423 577 7075 
4646 2433 2915 8141 
4647 6172 6175 7768 
4648 7049 7048 7050 
4649 6413 7691 7718 
4650 2607 2292 5603 
4651 6188 1919 7438 
4652 5429 3997 5430 
4653 3091 6075 7733 
4654 6063 6503 6504 
4655 2344 2309 7374 
4656 6446 6447 6448 
4657 3583 3013 5629 
4658 6444 6443 6445 
4659 2912 6676 7656 
4660 3978 6117 6119 
4661 4500 4489 7417 
4662 615 478 5232 
4663 5713 3993 5714 
4664 4610 5681 5682 
4665 4128 5029 5200 
4666 2887 7450 7580 
4667 633 419 7080 
4668 2051 2878 5750 
4669 6123 6122 6124 
4670 1918 6531 6934 
4671 2607 5603 5604 
4672 7694 6035 7911 
4673 3584 3235 5728 
4674 726 728 6324 
4675 816 2686 6804 
4676 6477 1380 7214 
4677 1602 2720 7609 
4678 2954 2952 5344 
4679 5702 4201 7483 
4680 7784 5337 7819 
4681 3265 3267 5493 
4682 4676 4859 4860 
4683 505 5516 5517 
4684 1648 1476 6560 
4685 435 574 7051 
4686 2253 2255 5999 
4687 3003 3005 5335 
4688 5813 5809 5814 
4689 441 575 7039 
4690 6068 6062 6511 
4691 268 7181 7182 
4692 7037 7036 7038 
4693 354 355 5334 
4694 829 782 5710 
4695 7937 5558 7981 
4696 3017 3019 5400 
4697 4625 3554 6192 
4698 2280 2597 5942 
4699 6886 4431 8487 
4700 1218 6786 6789 
4701 5456 5458 5482 
4702 7176 8433 8440 
4703 447 571 7027 
4704 6976 1911 7558 
4705 7378 4215 7757 
4706 4193 3631 5162 
4707 4034 6455 6456 
4708 2980 6205 7556 
4709 556 6008 6010 
4710 4982 4981 5203 
4711 5753 5758 5759 
4712 3159 3157 5195 
4713 6983 7226 7671 
4714 6509 6506 6510 
4715 6441 2918 7601 
4716 3425 4154 6080 
4717 5298 5303 5305 
4718 5494 4168 5495 
4719 3380 3219 5095 
4720 4761 7472 7949 
4721 2841 3257 5178 
4722 6463 1636 8093 
4723 6069 2857 7684 
4724 6960 6962 7213 
4725 1436 1641 6538 
4726 3613 3147 5534 
4727 5370 2361 5371 
4728 1761 1910 6918 
4729 5628 5626 5989 
4730 2166 2164 7900 
4731 432 525 7057 
4732 6008 6009 6010 
4733 356 357 670 
4734 21 626 5115 
4735 108 612 5516 
4736 2857 2514 7684 
4737 5308 2109 5314 
4738 5763 2968 7681 
4739 6179 6183 6184 
4740 8520 3967 9109 
4741 173 526 5515 
4742 3199 3617 5535 
4743 5267 3318 8126 
4744 6013 8559 8573 
4745 6019 6021 6022 
4746 5634 6442 6443 
4747 6806 4754 7922 
4748 6956 6958 7180 
4749 5490 3265 5493 
4750 7419 7179 7850 
4751 6322 6297 6323 
4752 2339 5886 5887 
4753 4274 4276 7632 
4754 6826 7625 7732 
4755 5638 2199 7697 
4756 3616 5168 5169 
4757 2548 2868 7686 
4758 7073 7072 7074 
4759 353 354 489 
4760 6234 6239 6240 
4761 3365 4183 6803 
4762 5233 5100 5234 
4763 7043 7042 7044 
4764 1901 1717 7679 
4765 2376 2383 5635 
4766 7061 7060 7062 
4767 6297 6296 6323 
4768 217 218 7302 
4769 1215 6761 6764 
4770 3969 6141 6143 
4771 6943 6945 6979 
4772 2379 2377 5219 
4773 2414 2984 6827 
4774 3717 4505 7778 
4775 5127 5128 5129 
4776 825 839 6902 
4777 3307 3309 6446 
4778 8339 2913 8711 
4779 7055 7054 7056 
4780 2980 2432 7439 
4781 6225 6219 6282 
4782 1672 1604 7609 
4783 1917 6941 7525 
4784 5408 6328 8639 
4785 7617 3567 7760 
4786 3263 3265 5490 
4787 6076 4445 7553 
4788 6207 2980 7439 
4789 2231 3710 5497 
4790 6226 2864 7824 
4791 6613 6609 6918 
4792 6888 6889 6892 
4793 3134 3136 7689 
4794 3858 4037 6365 
4795 4247 4245 5766 
4796 8219 2921 8615 
4797 3037 3039 7992 
4798 5583 3956 5584 
4799 700 702 7591 
4800 5433 4099 5434 
4801 6403 6404 7162 
4802 7377 4450 7378 
4803 6799 6853 6854 
4804 1644 1452 6544 
4805 6075 7628 7733 
4806 4040 6165 6166 
4807 3027 3029 5504 
4808 8504 3964 9080 
4809 554 5410 5411 
4810 280 281 667 
4811 618 240 5122 
4812 742 744 5612 
4813 475 603 6007 
4814 548 417 7083 
4815 5327 5376 5377 
4816 7625 4733 7732 
4817 5752 2878 7606 
4818 3179 7510 7511 
4819 611 671 672 
4820 3800 3802 6088 
4821 171 172 614 
4822 2329 2361 5370 
4823 2692 2722 5627 
4824 6289 6286 6302 
4825 6690 6684 6703 
4826 410 411 619 
4827 5315 2888 5316 
4828 4181 3289 7923 
4829 3309 4158 6446 
4830 3966 6147 6149 
4831 5541 4163 5542 
4832 6284 6287 6298 
4833 6397 6408 6409 
4834 3981 3938 6097 
4835 5631 5630 5632 
4836 6991 6990 6997 
4837 554 5411 7721 
4838 770 772 5748 
4839 3866 4039 6169 
4840 3098 7674 7962 
4841 7301 7300 8334 
4842 4013 3094 7145 
4843 4973 4974 4975 
4844 2793 2794 7830 
4845 2966 6491 6812 
4846 4034 6456 7497 
4847 4427 8596 8601 
4848 8120 4540 8121 
4849 6538 1641 6539 
4850 2873 2404 6714 
4851 7113 3341 7636 
4852 2935 7844 8294 
4853 5370 5371 7861 
4854 6934 6532 6936 
4855 2726 932 6915 
4856 4561 8018 8176 
4857 6730 2869 7879 
4858 6173 6176 6177 
4859 2490 2853 6408 
4860 6001 5999 7254 
4861 1333 1328 6475 
4862 7235 3322 7896 
4863 6403 2854 7340 
4864 5808 5809 5813 
4865 6332 6333 6338 
4866 1648 6560 6561 
4867 1799 1797 6980 
4868 3463 3461 6901 
4869 6526 6528 7716 
4870 9114 1950 9188 
4871 6506 6504 6510 
4872 804 827 5805 
4873 2395 2835 2836 
4874 5335 3686 5339 
4875 7025 7024 7026 
4876 3980 6105 6107 
4877 4462 6826 7608 
4878 908 906 6017 
4879 3790 3949 7561 
4880 3658 5588 5594 
4881 6232 6234 6240 
4882 862 860 5738 
4883 420 528 7080 
4884 1909 1829 7308 
4885 1333 6475 7214 
4886 3971 6135 6137 
4887 5676 3946 5677 
4888 3778 3780 6250 
4889 1892 1879 6670 
4890 8245 5155 8308 
4891 6820 6784 7522 
4892 8590 6549 8596 
4893 3519 3517 5681 
4894 6882 7638 7663 
4895 1376 1374 7650 
4896 6080 4154 6081 
4897 3233 5768 5769 
4898 521 7017 7018 
4899 3266 4099 5433 
4900 942 940 6027 
4901 556 473 6008 
4902 7535 2644 7560 
4903 7210 3994 7211 
4904 1646 1464 6552 
4905 1346 1365 6481 
4906 5648 5650 5651 
4907 6027 940 6033 
4908 5296 5295 5306 
4909 3974 6129 6131 
4910 5225 4110 5226 
4911 4480 4479 5212 
4912 822 819 5424 
4913 3388 4172 6577 
4914 426 527 7069 
4915 3936 3981 6101 
4916 6399 6403 7340 
4917 2888 2113 5885 
4918 1564 2659 6330 
4919 6896 1610 8454 
4920 6085 7616 7631 
4921 6023 2743 7109 
4922 2398 2397 6793 
4923 1328 1336 6475 
4924 2594 3717 6039 
4925 3326 2628 6326 
4926 5178 5179 5680 
4927 632 415 7090 
4928 2274 2272 5886 
4929 3073 3075 5351 
4930 521 7018 7019 
4931 5683 4397 5684 
4932 4387 4384 5946 
4933 7638 1369 7663 
4934 3803 3956 5583 
4935 5508 3586 5509 
4936 3804 3950 7498 
4937 6220 6216 6231 
4938 5934 4262 7094 
4939 4739 5703 7312 
4940 2341 2296 5929 
4941 6952 6954 6981 
4942 2212 2210 7863 
4943 7419 3328 7420 
4944 5487 5485 5488 
4945 6436 2918 6441 
4946 2412 2414 6827 
4947 6268 2870 7384 
4948 3764 3946 5676 
4949 7377 7378 8097 
4950 6754 6753 6755 
4951 6920 7448 7739 
4952 5737 5767 6592 
4953 3673 3522 5899 
4954 3836 8844 8870 
4955 3616 5169 7510 
4956 2656 1177 7978 
4957 6060 6063 6511 
4958 3067 3069 5250 
4959 267 268 7182 
4960 5114 5884 7742 
4961 2785 3719 5626 
4962 3693 3051 7598 
4963 1644 6544 6545 
4964 5155 5154 5156 
4965 2592 5947 8028 
4966 3046 3651 5642 
4967 740 2665 7218 
4968 3798 4010 6083 
4969 5984 5985 5986 
4970 6216 2540 6231 
4971 3587 4155 6280 
4972 3608 2958 6279 
4973 6022 1359 6465 
4974 3976 6123 6125 
4975 3394 4169 6357 
4976 239 618 5512 
4977 6909 6908 7811 
4978 2239 2237 7709 
4979 7067 7066 7068 
4980 7219 1911 7671 
4981 6472 856 8092 
4982 5597 2610 8591 
4983 6554 6553 8576 
4984 3091 6074 6075 
4985 1645 1458 6548 
4986 7099 7172 7648 
4987 1646 6552 6553 
4988 3235 3237 5728 
4989 5330 5329 5597 
4990 814 816 6804 
4991 6519 1282 6520 
4992 3405 4167 6353 
4993 5833 1624 8554 
4994 1883 1881 7583 
4995 472 556 5801 
4996 1101 1103 6518 
4997 1827 2753 7308 
4998 6577 4172 6578 
4999 1218 6785 6786 
5000 3244 7781 7797 
5001 2854 6403 7162 
5002 9131 1966 9225 
5003 523 7031 7033 
5004 7166 6858 7682 
5005 20 5115 7646 
5006 6810 6811 6813 
5007 4034 6454 6455 
5008 5593 5590 7940 
5009 2725 6468 8108 
5010 2444 2446 5807 
5011 4819 3708 5831 
5012 7738 2587 7787 
5013 5237 5239 7963 
5014 3276 4133 6434 
5015 5215 5214 5216 
5016 6478 3712 7190 
5017 6877 6878 7339 
5018 5129 5130 5131 
5019 6441 8135 8163 
5020 5173 5174 5175 
5021 6964 6966 7376 
5022 477 615 5432 
5023 5307 6023 7109 
5024 6876 7149 7150 
5025 7167 7168 7448 
5026 5967 2941 7451 
5027 5642 3651 5643 
5028 6083 4010 6086 
5029 4252 4413 5773 
5030 7207 3994 7210 
5031 3348 4527 6378 
5032 931 933 7487 
5033 4568 5021 7383 
5034 3381 4178 6581 
5035 2726 6915 6916 
5036 5899 5900 5905 
5037 3576 4577 7804 
5038 2434 2978 7439 
5039 5424 819 7746 
5040 5160 4595 6015 
5041 4604 3475 6190 
5042 7139 572 7140 
5043 274 275 6331 
5044 1327 1346 6481 
5045 358 359 5193 
5046 2849 2450 5830 
5047 1214 6746 6747 
5048 626 22 5511 
5049 2995 5529 7760 
5050 4298 4300 6606 
5051 5703 7177 7312 
5052 429 573 7063 
5053 5892 2334 5893 
5054 1999 7370 8011 
5055 5072 5361 7369 
5056 6809 2870 7565 
5057 6518 1103 6519 
5058 6581 4178 6582 
5059 5162 4852 5163 
5060 1662 7167 7448 
5061 1645 6548 6549 
5062 3774 3776 7675 
5063 574 7049 7051 
5064 6685 6681 6696 
5065 7087 7088 7089 
5066 4609 3515 6795 
5067 6673 8356 8467 
5068 2835 2837 3606 
5069 2031 3093 6822 
5070 3161 3684 7492 
5071 359 360 613 
5072 6086 4010 6087 
5073 4539 8048 8058 
5074 2030 2031 6822 
5075 2302 2605 5908 
5076 4395 4336 6026 
5077 7964 6300 8022 
5078 525 7055 7057 
5079 3320 3318 5267 
5080 5726 3537 6012 
5081 5499 5498 5500 
5082 5764 5761 5765 
5083 575 7037 7039 
5084 730 1284 6325 
5085 2987 3738 7844 
5086 6460 6461 6668 
5087 1214 6747 6748 
5088 2600 5721 5722 
5089 6464 8103 8130 
5090 7153 7152 7155 
5091 2798 3083 3640 
5092 4171 5072 7369 
5093 6357 4169 6358 
5094 4264 4404 7094 
5095 524 7043 7045 
5096 6414 6413 7718 
5097 2308 2306 6037 
5098 3012 3010 5588 
5099 3240 1665 5979 
5100 5763 5764 8027 
5101 528 7079 7080 
5102 898 896 5544 
5103 2159 2162 5997 
5104 108 109 612 
5105 6353 4167 6354 
5106 5708 829 5709 
5107 5090 5089 5091 
5108 2383 2395 5098 
5109 5217 3689 7492 
5110 241 242 668 
5111 8450 2903 8859 
5112 8528 3977 9147 
5113 2787 2788 2798 
5114 5626 3719 5989 
5115 3154 3156 7870 
5116 6182 6180 6668 
5117 3083 3632 5718 
5118 3095 3127 7572 
5119 4322 4397 5683 
5120 3461 4601 6901 
5121 4384 4386 5946 
5122 3718 6076 6925 
5123 5404 5405 5406 
5124 3946 3766 5940 
5125 21 22 626 
5126 5237 4098 5238 
5127 3705 3640 4054 
5128 3700 5215 5711 
5129 1647 6556 6557 
5130 3438 4153 7197 
5131 7569 3748 7840 
5132 3297 3299 5289 
5133 5257 4599 5258 
5134 477 478 615 
5135 1879 1877 6670 
5136 6681 2564 6696 
5137 7839 4756 8049 
5138 6491 2966 6493 
5139 1007 2678 7289 
5140 6453 6450 6574 
5141 2615 2614 6794 
5142 4336 4338 6026 
5143 4560 5082 8177 
5144 3222 3134 7689 
5145 3044 3042 7912 
5146 2191 2188 7603 
5147 3632 4056 4096 
5148 42 43 669 
5149 1647 1470 6556 
5150 6217 6220 6282 
5151 1917 1799 6980 
5152 4446 6792 6793 
5153 1085 1087 6572 
5154 1666 2676 7816 
5155 2713 2715 5884 
5156 5904 5901 7471 
5157 6476 4451 7629 
5158 4054 4689 5625 
5159 1079 1224 7150 
5160 2598 2270 5891 
5161 3554 3551 6192 
5162 1865 1916 6302 
5163 4183 6464 6803 
5164 2808 2713 5884 
5165 7158 4225 7696 
5166 6876 6872 7149 
5167 5444 5447 6482 
5168 2404 2406 6714 
5169 5192 4208 7778 
5170 5486 5485 5487 
5171 7635 2494 7691 
5172 1380 1350 7214 
5173 3022 3020 5364 
5174 3987 3769 7169 
5175 6480 6481 7481 
5176 7833 2860 7904 
5177 1005 1007 7289 
5178 2158 2817 7951 
5179 6786 6788 6789 
5180 3509 3507 7144 
5181 534 112 5771 
5182 8409 2907 8810 
5183 577 7073 7075 
5184 6002 4679 6005 
5185 3673 5899 5905 
5186 6024 2773 7454 
5187 4625 6192 6193 
5188 6039 3717 6040 
5189 6908 3110 7811 
5190 2877 2043 6777 
5191 4482 4484 7791 
5192 3413 6194 6249 
5193 6178 6179 6184 
5194 3540 3537 5726 
5195 2300 2298 5932 
5196 5911 4394 5912 
5197 1869 1867 6283 
5198 6342 6346 6460 
5199 5074 674 5798 
5200 1121 6820 7522 
5201 6376 8040 8057 
5202 2868 6729 7765 
5203 4494 4492 4495 
5204 5281 2881 5282 
5205 4393 4348 6392 
5206 6008 6007 6009 
5207 3719 2787 6709 
5208 3606 4653 4656 
5209 4583 4595 5160 
5210 7182 7181 7183 
5211 8281 2919 8654 
5212 2785 2786 2787 
5213 5891 2334 5892 
5214 5652 3151 7673 
5215 7240 4460 7534 
5216 2187 2748 7603 
5217 6426 6419 6432 
5218 416 548 7090 
5219 4468 7113 7636 
5220 3260 4098 5237 
5221 7420 3328 7566 
5222 2641 872 5732 
5223 4604 6190 6191 
5224 3141 3139 5633 
5225 3712 6476 7629 
5226 6710 606 6711 
5227 8506 2900 8889 
5228 7758 6524 7772 
5229 2308 6037 6841 
5230 2767 2743 6023 
5231 418 633 7083 
5232 5429 5430 5431 
5233 4113 5010 8010 
5234 2636 5082 5996 
5235 1650 6705 6706 
5236 5062 4500 7417 
5237 2623 2621 5363 
5238 3515 3513 6795 
5239 5282 2881 7968 
5240 2554 2869 6730 
5241 6512 6337 6921 
5242 5754 5761 5763 
5243 5546 1356 7203 
5244 2488 2490 6408 
5245 1039 1230 7719 
5246 6995 6997 6998 
5247 6408 2853 6409 
5248 457 514 7088 
5249 4416 4242 6844 
5250 5970 4740 7137 
5251 3940 6095 6097 
5252 4080 4679 6002 
5253 6736 6733 6843 
5254 3985 7099 7648 
5255 540 469 5980 
5256 573 7061 7063 
5257 933 1309 7487 
5258 3091 2015 6074 
5259 7151 7152 7153 
5260 1650 1488 6705 
5261 4300 4410 6606 
5262 7155 7152 7156 
5263 6341 6342 6460 
5264 220 221 6930 
5265 377 518 7283 
5266 1923 1922 7363 
5267 4534 3180 7749 
5268 3606 3607 4653 
5269 5955 4403 5956 
5270 6480 7481 7580 
5271 6563 6564 6568 
5272 2706 4526 7856 
5273 4629 4013 7145 
5274 478 479 5232 
5275 6775 1648 6886 
5276 6799 6797 6853 
5277 2141 7827 7934 
5278 7259 5359 8132 
5279 6682 6685 6703 
5280 3940 3942 6095 
5281 3782 3784 7447 
5282 7475 4765 7995 
5283 1330 1270 7445 
5284 1285 6754 6757 
5285 3481 4148 6256 
5286 5337 5336 5338 
5287 606 41 5514 
5288 2759 1783 6178 
5289 8128 6819 8144 
5290 2759 6178 6184 
5291 2833 3087 5799 
5292 5709 5710 8083 
5293 2428 2430 7556 
5294 5627 5628 7650 
5295 6446 4158 6447 
5296 5220 5551 6794 
5297 3210 3213 7802 
5298 5131 5132 5133 
5299 4493 4492 4494 
5300 4039 6168 6169 
5301 6722 6718 6723 
5302 6768 6765 8248 
5303 5750 5751 5754 
5304 1919 1787 7438 
5305 1093 2606 6332 
5306 3769 3767 7169 
5307 5183 3618 5184 
5308 4636 4202 6908 
5309 1097 6512 6921 
5310 7130 7135 7136 
5311 6778 6781 6785 
5312 571 7025 7027 
5313 632 7091 7924 
5314 2769 2472 7416 
5315 2947 2767 6023 
5316 6297 8125 8159 
5317 5747 3144 8224 
5318 3581 3532 7357 
5319 5123 5122 5143 
5320 3535 4138 6012 
5321 3015 3688 5629 
5322 5340 3686 5342 
5323 4226 4228 5654 
5324 4340 4394 5911 
5325 5438 5436 5706 
5326 559 38 6713 
5327 5981 3774 7675 
5328 7867 5454 8168 
5329 3149 3613 7673 
5330 4092 4852 5162 
5331 1476 1474 6560 
5332 1274 746 5617 
5333 6197 2851 6198 
5334 4224 4417 7849 
5335 4166 4054 4694 
5336 2055 2057 7782 
5337 2798 3640 3705 
5338 6733 1139 6843 
5339 6668 6180 6669 
5340 2427 2425 7484 
5341 6266 6262 6273 
5342 4797 8491 8529 
5343 1376 5628 7882 
5344 2474 3107 7416 
5345 7561 3949 7615 
5346 450 521 7021 
5347 3242 3240 7411 
5348 7296 7405 7406 
5349 2282 2280 5942 
5350 3179 3177 7510 
5351 7008 1355 7010 
5352 974 973 6927 
5353 5360 4112 7383 
5354 3635 2792 6327 
5355 3754 4546 4784 
5356 2210 2642 7863 
5357 4060 4058 4677 
5358 4839 4677 4888 
5359 2001 4205 7363 
5360 2886 2953 7574 
5361 3738 2989 7151 
5362 2785 2787 3719 
5363 4348 4350 6392 
5364 6258 1627 8538 
5365 7185 7184 7186 
5366 4437 5358 5359 
5367 4656 4653 4707 
5368 5099 5100 5233 
5369 4686 3628 5079 
5370 2798 3705 6709 
5371 8370 2911 8763 
5372 8449 1228 8916 
5373 5832 3483 6256 
5374 376 377 7283 
5375 3096 6882 7663 
5376 2522 2524 6503 
5377 3561 4147 6837 
5378 1115 6778 6785 
5379 2341 5930 5931 
5380 2783 2785 5626 
5381 5674 586 8776 
5382 3982 6090 6091 
5383 4278 4403 5955 
5384 8179 4558 8192 
5385 4796 7393 8584 
5386 5336 5335 5339 
5387 1643 6540 6541 
5388 5887 5886 5889 
5389 6297 6322 8125 
5390 3427 3425 6080 
5391 2633 1085 6572 
5392 1462 6551 6552 
5393 1450 6543 6544 
5394 6677 6676 7931 
5395 4665 4115 4667 
5396 7910 7159 8045 
5397 2873 6714 6721 
5398 5115 5116 5117 
5399 5168 5167 5173 
5400 3063 7815 7864 
5401 6458 6457 6459 
5402 5499 5501 5947 
5403 180 181 6929 
5404 5836 5840 5883 
5405 2852 6497 6498 
5406 6210 6207 7439 
5407 3594 5950 5951 
5408 5500 5498 5502 
5409 1566 1564 6330 
5410 1133 7166 7682 
5411 3398 3396 6356 
5412 4035 6360 6361 
5413 6797 1127 6853 
5414 521 451 7017 
5415 527 7067 7069 
5416 2941 2582 7451 
5417 2835 3606 7909 
5418 6667 2864 7946 
5419 6485 2856 6812 
5420 1452 1450 6544 
5421 1260 2631 6825 
5422 6261 2941 6273 
5423 5947 5501 5948 
5424 2852 2498 6497 
5425 6356 3396 6357 
5426 5188 5637 5638 
5427 6537 1438 6538 
5428 2689 983 7788 
5429 6082 4154 6379 
5430 4687 4778 4779 
5431 5674 5587 8755 
5432 2872 6810 6813 
5433 7161 7162 7708 
5434 3230 3614 5220 
5435 4780 6575 8190 
5436 5262 5263 5265 
5437 5734 1358 5767 
5438 5558 5559 8095 
5439 4116 4115 4665 
5440 6332 2606 6333 
5441 8324 2332 8345 
5442 2426 2851 6197 
5443 534 5771 5772 
5444 1438 1436 6538 
5445 3646 5345 5346 
5446 2743 2739 7109 
5447 40 606 6710 
5448 2084 2082 7847 
5449 3213 3214 3216 
5450 6382 4392 6383 
5451 6943 6979 7525 
5452 6702 6699 6813 
5453 1159 1214 6750 
5454 5753 5755 5758 
5455 5222 4181 5223 
5456 3796 3798 6083 
5457 6699 6697 6813 
5458 5264 5262 5266 
5459 2825 2108 8012 
5460 2036 1992 7242 
5461 5720 4724 8085 
5462 6859 2656 6863 
5463 1065 1067 7135 
5464 6728 7093 7623 
5465 1095 1097 6921 
5466 4479 5108 5109 
5467 2296 2294 5929 
5468 6827 2984 6828 
5469 468 540 6281 
5470 4482 4480 4483 
5471 2730 6303 7674 
5472 6419 6418 6432 
5473 3327 2036 7242 
5474 5822 2849 5830 
5475 703 700 7591 
5476 475 476 603 
5477 3938 3940 6097 
5478 5890 5891 5892 
5479 6870 1279 6871 
5480 2962 5484 7737 
5481 4603 3471 7006 
5482 7111 7113 7890 
5483 2043 2045 6777 
5484 6418 2773 6432 
5485 7241 7240 7534 
5486 6341 1914 6342 
5487 1474 6559 6560 
5488 5763 5761 5764 
5489 4035 6361 6362 
5490 1801 1917 7525 
5491 6745 6861 8099 
5492 4546 3101 8032 
5493 533 7185 8034 
5494 6580 3383 6581 
5495 3118 4058 4060 
5496 3485 3483 5832 
5497 6445 6443 6590 
5498 3312 4557 7792 
5499 3147 3145 5534 
5500 3705 4054 4166 
5501 6097 6096 6098 
5502 7941 1637 7970 
5503 4054 3640 4689 
5504 7088 514 7089 
5505 4481 4480 4482 
5506 5513 3719 6709 
5507 6262 6261 6273 
5508 5546 7203 7204 
5509 2182 2180 5895 
5510 5711 5215 5712 
5511 1356 894 7203 
5512 1643 1446 6540 
5513 8509 4810 9161 
5514 4597 6588 6589 
5515 7203 2729 7204 
5516 3166 3168 7380 
5517 4607 3495 6884 
5518 456 457 7088 
5519 6413 7635 7691 
5520 3982 3944 6090 
5521 7283 518 7287 
5522 4153 6079 7197 
5523 6246 4161 6247 
5524 6043 4389 6044 
5525 1818 1941 7225 
5526 1763 1761 6918 
5527 6941 6943 7525 
5528 2870 2574 7384 
5529 6194 4164 6195 
5530 5136 5131 5145 
5531 5302 5298 5305 
5532 6571 6572 7526 
5533 4242 4244 6844 
5534 4150 3463 6901 
5535 2192 2191 5231 
5536 2292 2290 5603 
5537 4390 4366 6058 
5538 1219 1101 6518 
5539 1043 2666 7260 
5540 2580 2941 6261 
5541 4276 5955 7632 
5542 4209 3242 7411 
5543 5604 5603 5605 
5544 1083 2633 6563 
5545 4684 3628 4685 
5546 2974 2468 6990 
5547 5183 5184 5185 
5548 1462 1460 6551 
5549 6374 6371 7450 
5550 2970 5311 7965 
5551 3695 5243 7992 
5552 4060 4677 4839 
5553 4462 6825 6826 
5554 828 7300 7301 
5555 6365 4037 6366 
5556 6674 4453 6675 
5557 618 5122 5123 
5558 1169 7187 7299 
5559 3148 3150 5417 
5560 1440 1438 6537 
5561 2916 2427 7484 
5562 4195 4611 4723 
5563 7997 4051 8037 
5564 2395 2396 2835 
5565 6576 3390 6577 
5566 8189 6309 8203 
5567 6591 4099 7963 
5568 4546 8032 8117 
5569 7418 7322 7465 
5570 1773 1914 6341 
5571 1073 1279 6870 
5572 7240 6881 7714 
5573 5606 2335 5608 
5574 4008 6085 7631 
5575 4472 7168 7696 
5576 4114 3228 4115 
5577 2902 2381 5152 
5578 4103 4649 5483 
5579 4179 3166 7380 
5580 3603 2988 7505 
5581 6321 6320 6322 
5582 1214 1161 6746 
5583 5488 5485 5489 
5584 4981 4979 4990 
5585 6099 6098 6100 
5586 4142 3283 5102 
5587 2762 2587 7738 
5588 1464 1462 6552 
5589 3483 3481 6256 
5590 5184 3618 7987 
5591 5246 3590 5247 
5592 4446 4447 4630 
5593 2726 6916 7694 
5594 1450 1448 6543 
5595 3152 4134 7485 
5596 6512 1219 6513 
5597 5561 2981 5562 
5598 5739 5740 5741 
5599 2005 2594 6039 
5600 1264 1255 6852 
5601 6483 2856 6484 
5602 6510 2863 6725 
5603 2626 2624 5329 
5604 674 676 5798 
5605 7578 3729 7611 
5606 5291 5290 5293 
5607 978 981 7177 
5608 3361 6375 6462 
5609 3646 2954 5344 
5610 3537 3535 6012 
5611 5444 5446 5447 
5612 5888 5945 7779 
5613 3328 7419 7850 
5614 3396 3394 6357 
5615 4272 4411 7101 
5616 2665 5613 5614 
5617 3278 3276 6434 
5618 4505 3095 7572 
5619 4517 8232 8249 
5620 1797 6933 6980 
5621 4511 5190 5191 
5622 1709 2773 6418 
5623 6896 8454 8464 
5624 4448 3715 5187 
5625 4352 4392 6382 
5626 4444 7310 7311 
5627 5767 866 6592 
5628 4035 3852 6360 
5629 4695 4694 4827 
5630 6352 3407 6353 
5631 1224 6569 7150 
5632 7093 3723 7623 
5633 4597 3450 6588 
5634 866 864 6592 
5635 6375 4196 6376 
5636 3708 3124 5831 
5637 1679 4453 6674 
5638 3367 3365 6803 
5639 2872 2568 6810 
5640 4694 4054 5625 
5641 5109 5108 5230 
5642 7609 2720 8097 
5643 3725 2847 6986 
5644 3245 6573 7196 
5645 2593 858 6472 
5646 1388 2636 5996 
5647 6326 1985 7564 
5648 3385 3383 6580 
5649 4609 6795 6796 
5650 3390 3388 6577 
5651 2180 2184 5895 
5652 5261 5262 5264 
5653 6460 6346 6461 
5654 4036 3856 6365 
5655 1218 6789 7758 
5656 474 6007 6008 
5657 3646 5346 6279 
5658 6370 6479 6480 
5659 6785 6781 6786 
5660 6370 3323 6479 
5661 4132 4638 5027 
5662 6319 6320 6321 
5663 6825 2631 6826 
5664 4452 7005 7179 
5665 6563 2633 6564 
5666 3350 3348 6378 
5667 3407 3405 6353 
5668 4650 4583 5160 
5669 7657 2317 7921 
5670 6879 3716 6883 
5671 4118 5026 7957 
5672 2792 2698 6327 
5673 6351 6610 6612 
5674 6814 1810 7524 
5675 6491 6485 6812 
5676 4814 4041 6732 
5677 977 974 6927 
5678 8855 5355 8866 
5679 5127 5125 5128 
5680 2798 2788 3083 
5681 3302 3300 7483 
5682 4260 4262 5934 
5683 3522 3524 5899 
5684 5753 5759 5760 
5685 4744 7535 7560 
5686 2806 3118 7742 
5687 4250 4252 5773 
5688 7472 1639 7949 
5689 5405 3687 5407 
5690 3507 4139 7144 
5691 4416 6844 6845 
5692 5668 7489 7977 
5693 6558 6557 8558 
5694 3240 5979 7411 
5695 6505 6504 6506 
5696 1041 1043 7260 
5697 4519 3703 4520 
5698 4511 3275 5189 
5699 2015 2011 6074 
5700 278 279 605 
5701 2787 2786 2788 
5702 2007 4451 6473 
5703 3442 3440 6587 
5704 5555 5553 5557 
5705 4641 6909 7811 
5706 3475 3473 6190 
5707 3418 4161 6246 
5708 3210 3212 3213 
5709 2350 2315 7657 
5710 4180 6819 8128 
5711 4683 4838 4879 
5712 6095 6096 6097 
5713 1474 1472 6559 
5714 2715 2806 5884 
5715 2502 2856 6483 
5716 5621 3730 5622 
5717 3411 4164 6194 
5718 4370 4389 6043 
5719 3392 3390 6576 
5720 5648 3615 5649 
5721 4626 4482 7791 
5722 3495 3493 6884 
5723 7260 7261 7264 
5724 633 7082 7083 
5725 2674 898 5544 
5726 239 240 618 
5727 982 980 7429 
5728 2484 2855 7217 
5729 6798 6801 6821 
5730 3728 4744 7728 
5731 4517 7722 8232 
5732 2255 2257 7254 
5733 5262 3610 5263 
5734 3005 3686 5335 
5735 3268 5433 7983 
5736 7608 6826 7732 
5737 41 42 5514 
5738 1478 1648 6775 
5739 5427 5426 5428 
5740 6762 6760 6763 
5741 6534 1642 6535 
5742 2590 2829 3204 
5743 4438 5513 6709 
5744 1253 1264 7548 
5745 4037 3860 7717 
5746 4190 5176 8050 
5747 2240 5497 5498 
5748 1099 1219 6512 
5749 3409 3407 6352 
5750 6074 4445 6075 
5751 6034 6035 6036 
5752 7613 4753 7808 
5753 4603 7006 7007 
5754 452 7015 7017 
5755 6872 1279 7149 
5756 2287 2289 7649 
5757 3624 2802 3625 
5758 5612 1274 5615 
5759 2773 1707 7454 
5760 3821 3819 7295 
5761 2213 2212 2214 
5762 5820 5823 5824 
5763 3165 3689 5214 
5764 3230 5220 6794 
5765 3567 2993 7760 
5766 3594 5949 5950 
5767 4096 4056 4853 
5768 6725 6667 6726 
5769 6063 6505 6511 
5770 7171 3986 7172 
5771 6369 6372 6852 
5772 3685 5336 5337 
5773 4303 4301 7365 
5774 37 559 6562 
5775 728 730 6325 
5776 7177 2657 7312 
5777 5508 5509 5510 
5778 6029 6028 6031 
5779 798 1291 8038 
5780 1808 1810 6814 
5781 386 387 5674 
5782 2968 5763 8027 
5783 4466 5800 7950 
5784 2956 3646 6279 
5785 6528 6531 7716 
5786 6739 1280 6740 
5787 6077 3427 6080 
5788 3359 4196 6375 
5789 4041 4042 6732 
5790 5377 5379 5398 
5791 2374 5635 7895 
5792 3094 3232 7145 
5793 3809 3994 7207 
5794 3668 3543 6888 
5795 1852 1854 7545 
5796 3997 3189 5713 
5797 5220 5161 5551 
5798 5246 5247 5248 
5799 3173 3711 5167 
5800 3241 3245 7196 
5801 6685 6698 6703 
5802 5627 5626 5628 
5803 4476 4475 4477 
5804 5794 5797 6380 
5805 4453 1677 7656 
5806 6611 6609 6613 
5807 2783 2784 2785 
5808 7248 7247 7544 
5809 111 112 534 
5810 5353 5354 5355 
5811 6220 6240 6282 
5812 7017 7016 7018 
5813 3357 841 6525 
5814 3059 3692 5949 
5815 1988 1414 6805 
5816 4135 5269 7216 
5817 1576 1671 5975 
5818 3001 3685 7784 
5819 5793 3952 5794 
5820 1885 3730 5621 
5821 8204 1997 8215 
5822 5684 4397 5685 
5823 6259 2394 6260 
5824 1988 6805 6806 
5825 3069 3071 5928 
5826 4457 3208 7802 
5827 2520 2522 6059 
5828 4010 3800 6088 
5829 5458 5461 5482 
5830 3145 3143 5261 
5831 6818 1986 6819 
5832 3401 3604 4446 
5833 5027 4638 5028 
5834 620 471 5801 
5835 932 930 6915 
5836 6484 6486 7118 
5837 980 3680 7429 
5838 1512 1653 7127 
5839 7289 2678 7290 
5840 1067 1225 7135 
5841 3695 3041 5240 
5842 3383 3381 6581 
5843 4776 7878 7892 
5844 6698 6697 6699 
5845 5026 7942 7957 
5846 4400 4298 6606 
5847 7189 4771 8046 
5848 6397 6417 7626 
5849 2045 2968 6777 
5850 7225 1941 7236 
5851 3213 3216 7801 
5852 1598 1662 6919 
5853 1418 6727 6728 
5854 3219 3217 3220 
5855 2273 2275 7482 
5856 3646 5344 5345 
5857 6675 4453 6676 
5858 1458 1456 6548 
5859 5947 5948 8028 
5860 3770 3947 7800 
5861 4520 4587 4588 
5862 7162 6407 7708 
5863 1251 1260 6825 
5864 3267 3269 4168 
5865 2468 2470 6990 
5866 1548 1669 6903 
5867 4508 7569 7840 
5868 3138 3140 7898 
5869 4564 4463 4790 
5870 6205 6199 7556 
5871 5434 4099 6591 
5872 6473 4451 6474 
5873 6510 6725 6726 
5874 7335 8140 8362 
5875 4828 4827 4829 
5876 5243 5241 5244 
5877 113 616 5771 
5878 6090 4663 6094 
5879 2660 6877 7339 
5880 3204 3206 5113 
5881 4202 5611 6908 
5882 7019 7018 7020 
5883 1257 6368 6852 
5884 3195 4004 7855 
5885 4515 2738 7678 
5886 5493 5494 7562 
5887 2170 2169 2171 
5888 5784 1288 5785 
5889 4055 3121 6311 
5890 5160 6015 6016 
5891 4270 4272 7101 
5892 3743 3742 8042 
5893 1165 1280 6739 
5894 6778 1278 6779 
5895 1648 6561 6886 
5896 2960 2958 3608 
5897 1366 1386 7241 
5898 1490 1650 6926 
5899 2722 2783 5627 
5900 3257 3259 4531 
5901 5169 5168 5170 
5902 1891 1779 6669 
5903 2240 2235 5497 
5904 2590 3204 5537 
5905 5684 5685 5686 
5906 5951 5950 5952 
5907 1987 1408 6772 
5908 3684 3159 5195 
5909 5354 3690 7666 
5910 3705 4438 6709 
5911 1382 2692 7650 
5912 7169 3986 7171 
5913 474 475 6007 
5914 2665 742 5612 
5915 4683 4061 4838 
5916 6496 6912 6913 
5917 5315 5316 5317 
5918 3738 7151 7153 
5919 6746 6742 6747 
5920 2167 2588 7919 
5921 2898 2445 7693 
5922 3625 2802 5362 
5923 3273 3275 4511 
5924 592 325 7306 
5925 6802 3367 6803 
5926 1934 3718 6925 
5927 3614 3611 4170 
5928 1652 6923 6924 
5929 6031 6028 6032 
5930 7361 5904 7414 
5931 618 5123 5124 
5932 5976 4436 8060 
5933 2886 2951 2952 
5934 6368 6369 6852 
5935 5732 1358 5733 
5936 6748 6747 6749 
5937 6910 6831 6911 
5938 7015 7016 7017 
5939 6837 4147 6838 
5940 1386 2027 7241 
5941 3415 3413 6249 
5942 5396 5301 8842 
5943 6256 4148 6257 
5944 1077 1079 7150 
5945 3177 3175 3616 
5946 465 7119 7120 
5947 3223 3219 3380 
5948 2322 2320 8304 
5949 6005 4679 6006 
5950 3563 3561 6837 
5951 3715 3637 4057 
5952 4177 5491 5492 
5953 2956 2954 3646 
5954 2168 2167 2169 
5955 6286 6283 6302 
5956 3558 3556 7592 
5957 3707 4727 7190 
5958 4654 4676 5071 
5959 2642 4463 4564 
5960 4724 4500 5061 
5961 1257 1266 6368 
5962 3605 4561 4562 
5963 6710 6712 6713 
5964 1213 6861 7187 
5965 1351 2007 6473 
5966 2634 1404 6905 
5967 4166 4694 4695 
5968 2695 2696 2697 
5969 4092 4674 4852 
5970 1492 6926 6984 
5971 3684 5196 5198 
5972 2614 2612 2624 
5973 4593 3572 7267 
5974 1608 1606 7412 
5975 3730 1883 7583 
5976 5064 4152 5066 
5977 4154 3422 6379 
5978 6465 1359 6467 
5979 5061 4500 5062 
5980 3429 3427 6077 
5981 1400 1986 6818 
5982 1470 1468 6556 
5983 5942 2597 5944 
5984 3499 3497 7303 
5985 4728 4819 4820 
5986 1580 1578 5973 
5987 4589 4303 7365 
5988 2697 2698 2792 
5989 6113 6111 6114 
5990 6587 3440 7197 
5991 4685 3628 4686 
5992 6174 3954 7740 
5993 672 674 5074 
5994 3471 3468 7006 
5995 7217 6399 7340 
5996 2627 5970 7137 
5997 845 2747 5788 
5998 6393 2488 6408 
5999 2863 2526 6725 
6000 7160 7159 7935 
6001 3645 2951 6792 
6002 6119 6117 6120 
6003 6531 1918 7716 
6004 570 7011 7012 
6005 3118 3120 4058 
6006 2215 2214 2216 
6007 4140 3499 7303 
6008 5385 5387 5388 
6009 1442 1642 6534 
6010 466 623 7119 
6011 6920 1662 7448 
6012 2329 2330 2357 
6013 6675 6676 6677 
6014 476 477 5432 
6015 4486 4487 4488 
6016 5728 4640 5729 
6017 1270 1263 7445 
6018 1264 7157 7548 
6019 2686 4594 6804 
6020 6774 2634 6905 
6021 2232 2233 2329 
6022 1893 1841 7220 
6023 3596 3067 5250 
6024 1175 2656 6859 
6025 4728 3708 4819 
6026 3273 4511 5582 
6027 3018 3657 7559 
6028 2250 2331 7329 
6029 5647 3615 5648 
6030 3631 4092 5162 
6031 6504 2863 6510 
6032 3049 3051 3693 
6033 6933 6934 6935 
6034 2009 4445 6074 
6035 470 620 5980 
6036 4446 3604 4447 
6037 5864 5862 5875 
6038 6734 6736 6738 
6039 3150 3152 7485 
6040 5730 5729 5731 
6041 1828 1830 7247 
6042 2970 2107 5308 
6043 7536 4455 7677 
6044 2660 1385 6877 
6045 2933 2932 3702 
6046 5733 1358 5734 
6047 1540 1657 7108 
6048 6143 6141 6144 
6049 5126 5125 5127 
6050 6853 1283 6854 
6051 3161 3159 3684 
6052 2974 6990 6991 
6053 4156 3307 6446 
6054 3987 7169 7170 
6055 4730 5161 5220 
6056 7521 7578 7611 
6057 3124 3635 5831 
6058 7603 7602 7985 
6059 2698 2799 6327 
6060 2832 3716 6879 
6061 2530 2864 6667 
6062 2600 5722 5723 
6063 4840 4839 4841 
6064 5129 5131 5136 
6065 4478 4479 4480 
6066 5837 5835 7563 
6067 1091 1093 6332 
6068 4421 4678 4842 
6069 972 975 7812 
6070 6584 4151 6585 
6071 2482 2484 7217 
6072 2748 2749 2750 
6073 1217 6798 6821 
6074 7529 1268 7640 
6075 7794 5492 7914 
6076 1123 1217 6820 
6077 4627 4486 5211 
6078 5169 5172 7510 
6079 6776 4743 7343 
6080 8522 7007 8525 
6081 5298 5296 5303 
6082 3702 2932 5257 
6083 472 473 556 
6084 6081 4154 6082 
6085 1063 2667 7128 
6086 1502 1652 6907 
6087 2217 2218 2219 
6088 6739 6742 6746 
6089 6367 4037 7717 
6090 5694 4108 6864 
6091 4989 4982 5203 
6092 3819 3817 7405 
6093 2162 2163 2728 
6094 3401 3402 3604 
6095 5529 5530 5531 
6096 1117 1278 6778 
6097 1606 1672 7412 
6098 40 41 606 
6099 6728 6727 7093 
6100 7009 7008 7010 
6101 3369 3367 6802 
6102 2077 2982 5598 
6103 3775 3952 5793 
6104 3835 3833 7633 
6105 164 502 7330 
6106 1037 1039 7719 
6107 1977 7314 7560 
6108 6883 3716 8180 
6109 2692 5627 7650 
6110 3124 2792 3635 
6111 2619 2622 7902 
6112 2697 2696 2698 
6113 4740 1974 7137 
6114 4122 3297 5289 
6115 2331 4152 5064 
6116 6790 1987 6791 
6117 5583 5584 5586 
6118 6486 6490 7118 
6119 1644 6545 6546 
6120 981 2657 7177 
6121 1888 1905 6928 
6122 2746 6321 7571 
6123 1646 6553 6554 
6124 1336 6473 6475 
6125 1665 1618 5979 
6126 2242 2239 2592 
6127 831 738 7218 
6128 3613 5534 6457 
6129 4322 4324 4397 
6130 2306 2342 6037 
6131 452 453 7015 
6132 2329 2357 2361 
6133 2630 918 7008 
6134 4588 4587 5056 
6135 4601 6895 6896 
6136 4607 6884 6885 
6137 4078 4080 6002 
6138 4004 3193 5425 
6139 1059 1229 7446 
6140 548 7085 7090 
6141 3692 7864 7865 
6142 900 2674 6467 
6143 1055 1057 7325 
6144 2870 6268 7565 
6145 3015 3017 3688 
6146 4636 6908 6909 
6147 1843 1893 7092 
6148 2042 7990 8019 
6149 8576 6553 8578 
6150 3688 3017 5400 
6151 6155 6153 6156 
6152 1652 1500 6923 
6153 4667 4115 5182 
6154 2272 2270 2598 
6155 3135 2962 7737 
6156 6354 4167 6355 
6157 6498 6500 7718 
6158 4519 4520 4521 
6159 3035 3037 3694 
6160 1645 6549 6550 
6161 3598 3073 5351 
6162 2910 2145 5295 
6163 1783 1781 6178 
6164 2397 3400 3401 
6165 2630 7008 7009 
6166 2955 2954 2956 
6167 2886 2952 2953 
6168 2857 6069 7796 
6169 5297 5296 5298 
6170 2589 2166 7900 
6171 2159 2161 2162 
6172 2217 2216 2218 
6173 3585 3027 5504 
6174 470 471 620 
6175 2498 2500 6497 
6176 4062 4061 4683 
6177 4296 4400 6593 
6178 6941 6939 6942 
6179 4386 4421 5946 
6180 5932 5931 5933 
6181 6283 1867 6302 
6182 3206 3208 4457 
6183 6479 1327 6481 
6184 1468 6555 6556 
6185 7086 634 7087 
6186 6166 6165 6167 
6187 4743 1975 7343 
6188 5375 2893 5399 
6189 3322 1201 7107 
6190 1644 6546 6547 
6191 4464 7641 7803 
6192 5671 5672 5673 
6193 2143 2910 7827 
6194 3714 3637 3715 
6195 6377 1637 8030 
6196 2351 2273 7482 
6197 6319 6318 6320 
6198 2361 2365 2366 
6199 6764 6761 6765 
6200 7245 1961 7246 
6201 6043 6046 6058 
6202 2117 2119 2893 
6203 3811 3809 7207 
6204 6161 6159 6162 
6205 6435 2918 6436 
6206 3005 3007 3686 
6207 6526 1919 6527 
6208 3816 3818 7455 
6209 6131 6129 6132 
6210 5283 5282 5284 
6211 1416 1988 6727 
6212 5751 2878 5752 
6213 3289 3290 3291 
6214 6358 4169 6359 
6215 6578 4172 6579 
6216 2880 2065 5270 
6217 2417 2415 7372 
6218 6671 5051 6672 
6219 3230 3078 3611 
6220 5714 3993 5715 
6221 2748 7602 7603 
6222 3850 4035 6454 
6223 4128 4130 5029 
6224 2679 778 5707 
6225 5381 5383 5602 
6226 6710 6711 6712 
6227 2843 2623 3080 
6228 1800 1801 1802 
6229 7128 2667 7129 
6230 1777 2760 6669 
6231 2091 2979 7194 
6232 5576 5577 5580 
6233 4469 7529 7640 
6234 6137 6135 6138 
6235 7319 7322 7418 
6236 4435 8406 8407 
6237 7243 1961 7245 
6238 2415 3098 7372 
6239 2572 2870 6809 
6240 2007 2694 2695 
6241 3166 3165 3167 
6242 4770 4861 4863 
6243 2695 2694 2696 
6244 2790 2791 3119 
6245 3440 3438 7197 
6246 4157 3315 5224 
6247 4484 4483 4485 
6248 6593 4400 6594 
6249 6841 6037 8186 
6250 1798 1799 1800 
6251 2880 5272 7944 
6252 1034 1186 7255 
6253 2111 2113 2888 
6254 3201 3199 5535 
6255 2232 2329 5370 
6256 6241 2868 7765 
6257 4195 3444 4611 
6258 6298 6287 8056 
6259 7080 7079 7081 
6260 6107 6105 6108 
6261 5332 5310 5669 
6262 462 7230 7231 
6263 3088 3740 8154 
6264 1647 6557 6558 
6265 4695 4827 4828 
6266 5715 3993 7221 
6267 1488 1486 6705 
6268 1216 6735 7166 
6269 6898 4150 6899 
6270 1171 1213 7187 
6271 1779 1777 6669 
6272 7260 2666 7261 
6273 3287 3289 4181 
6274 3078 2626 3079 
6275 4529 3306 5698 
6276 5709 829 5710 
6277 1977 1969 7314 
6278 1113 1115 6785 
6279 2178 2176 8071 
6280 2208 2210 2211 
6281 2883 678 3255 
6282 4715 4498 5288 
6283 2685 1852 7545 
6284 2592 2239 7709 
6285 1549 1621 7223 
6286 2366 2397 2398 
6287 2785 2784 2786 
6288 5131 5130 5132 
6289 1456 6547 6548 
6290 3446 4151 6584 
6291 6520 1282 6521 
6292 2162 2728 4198 
6293 2168 2169 2170 
6294 2083 2085 2882 
6295 2989 2991 7151 
6296 4186 4640 5728 
6297 724 726 834 
6298 1876 1878 6771 
6299 2946 2947 4011 
6300 5872 5870 5879 
6301 6741 1280 7299 
6302 2090 2088 5835 
6303 7063 7061 7064 
6304 1993 2034 7928 
6305 2244 2242 7453 
6306 1851 1894 6313 
6307 1974 1976 7137 
6308 2224 2225 2226 
6309 3174 3173 3175 
6310 7136 1225 7531 
6311 7223 1621 7224 
6312 3219 3220 5095 
6313 3237 4186 5728 
6314 5299 5298 5302 
6315 2614 2624 2625 
6316 5585 3956 7798 
6317 1514 1512 7127 
6318 3333 3335 7456 
6319 7205 4696 7206 
6320 1141 1281 6843 
6321 2089 2091 7194 
6322 2208 2209 2210 
6323 2221 2223 2224 
6324 6012 4138 6013 
6325 2324 2322 2338 
6326 6169 6168 6170 
6327 3854 4036 6360 
6328 2125 2127 2967 
6329 2171 2173 2175 
6330 3277 3279 4467 
6331 4888 4677 4905 
6332 5447 5448 5449 
6333 6022 6465 6466 
6334 1931 1934 6925 
6335 1800 1799 1801 
6336 2441 2918 6435 
6337 2237 2235 2240 
6338 7295 3819 7405 
6339 3323 1320 6479 
6340 1129 1283 6853 
6341 2928 1681 6674 
6342 1925 1923 6708 
6343 1537 1539 7257 
6344 6698 6699 6700 
6345 1480 6775 6893 
6346 2538 2540 6216 
6347 2332 2254 5744 
6348 2879 7817 8036 
6349 6091 6090 6094 
6350 6520 6521 6522 
6351 3206 3207 3208 
6352 2219 2218 2220 
6353 3712 3707 7190 
6354 5198 5196 5199 
6355 6313 1894 6314 
6356 3001 3003 3685 
6357 7005 4452 7385 
6358 6044 6045 6047 
6359 7156 7152 7617 
6360 953 952 954 
6361 5237 5238 5239 
6362 7033 7031 7034 
6363 3300 4174 7483 
6364 3562 3576 7804 
6365 6747 6742 6823 
6366 4080 4082 4679 
6367 1681 1679 6674 
6368 2856 2504 6812 
6369 1365 1364 1377 
6370 1814 1816 6865 
6371 3107 2476 7161 
6372 1484 1649 6704 
6373 5377 5378 5379 
6374 4455 2875 7677 
6375 4148 3479 7555 
6376 3552 3555 7125 
6377 3784 4003 7447 
6378 5545 5546 5547 
6379 6854 6855 6856 
6380 1468 1466 6555 
6381 6919 1662 6920 
6382 2613 2612 2614 
6383 2077 2079 2982 
6384 6755 6753 6756 
6385 2759 6184 6185 
6386 2486 2488 6393 
6387 6474 4451 6476 
6388 5912 4394 5913 
6389 1027 1029 8497 
6390 7448 4472 7739 
6391 850 6469 8092 
6392 7057 7055 7058 
6393 2962 2960 5484 
6394 2997 2999 3570 
6395 4147 3558 7592 
6396 451 452 7017 
6397 2883 3255 3444 
6398 3252 3622 6808 
6399 1614 1537 7257 
6400 2686 2687 2688 
6401 6745 6741 7299 
6402 237 238 604 
6403 1081 1083 6563 
6404 1496 1651 6922 
6405 1659 1558 7271 
6406 6040 3717 7778 
6407 6582 4178 6583 
6408 772 774 832 
6409 2289 2754 7649 
6410 408 409 554 
6411 6899 4150 6900 
6412 6729 6730 6731 
6413 6185 6184 6186 
6414 2667 1065 7135 
6415 6820 1217 6821 
6416 6779 6780 6782 
6417 6043 6044 6046 
6418 786 788 1288 
6419 1314 8985 8992 
6420 6943 6942 6944 
6421 1394 822 5424 
6422 2552 2554 6730 
6423 2663 2662 2790 
6424 6704 1649 7527 
6425 1765 1763 6607 
6426 3195 3193 4004 
6427 39 6710 6713 
6428 5863 5862 5864 
6429 6528 6527 6529 
6430 7465 7322 7467 
6431 5677 3946 5678 
6432 4004 5426 5427 
6433 1137 1139 6733 
6434 5911 5912 5914 
6435 1798 1797 1799 
6436 2614 2625 6794 
6437 2790 2662 2791 
6438 3005 3006 3007 
6439 570 454 7011 
6440 2213 2214 2215 
6441 1378 1377 1388 
6442 2607 5604 5607 
6443 4192 4722 4843 
6444 872 870 5732 
6445 1643 6541 6542 
6446 3833 3831 7347 
6447 6505 6506 6507 
6448 1410 1987 6790 
6449 2240 5498 5499 
6450 763 761 7871 
6451 2791 2662 7339 
6452 3251 3252 3253 
6453 1351 1371 2007 
6454 2841 3132 3257 
6455 7787 2860 7833 
6456 1015 2672 7337 
6457 1243 4454 7228 
6458 5990 3669 5991 
6459 6786 6781 6787 
6460 754 756 2600 
6461 2207 2206 2208 
6462 2933 3703 4519 
6463 5252 5251 5254 
6464 6342 6343 6344 
6465 6383 6384 6386 
6466 957 956 958 
6467 6686 6684 6687 
6468 5545 1356 5546 
6469 4320 4322 5683 
6470 6215 6212 6897 
6471 2430 2980 7556 
6472 5339 5340 5341 
6473 604 5512 7939 
6474 892 2729 7203 
6475 2175 2176 2177 
6476 3237 4185 4186 
6477 5941 5940 7800 
6478 4776 3589 7759 
6479 4555 4553 6575 
6480 6935 6936 6937 
6481 2882 2085 5552 
6482 6565 2633 6572 
6483 6383 4392 6384 
6484 2738 2740 7678 
6485 3210 3211 3212 
6486 676 2883 5798 
6487 623 467 6281 
6488 174 175 7138 
6489 1791 6526 7716 
6490 4601 3459 6895 
6491 3143 3141 3610 
6492 6258 4148 7555 
6493 6044 4389 6045 
6494 2179 2180 2181 
6495 2611 2610 2612 
6496 2674 5544 5548 
6497 6344 6345 6349 
6498 6382 6383 6385 
6499 4780 4555 6575 
6500 4045 4664 4815 
6501 6871 1279 6872 
6502 1649 6893 6894 
6503 269 627 7181 
6504 1899 2643 3591 
6505 6314 6318 6319 
6506 364 640 7388 
6507 5226 4110 5786 
6508 5126 5127 5134 
6509 2294 2292 2607 
6510 6149 6147 6150 
6511 2636 2637 2638 
6512 3275 3276 3277 
6513 4170 3611 4661 
6514 6179 6180 6181 
6515 6526 6527 6528 
6516 1125 1127 6797 
6517 4444 2643 7310 
6518 5415 506 5416 
6519 2306 2304 2342 
6520 3059 3061 3692 
6521 5317 5321 5322 
6522 5621 5622 7115 
6523 2179 2178 2180 
6524 1961 1828 7247 
6525 7005 1330 7445 
6526 2476 2478 7161 
6527 2965 4711 7222 
6528 5311 5309 5312 
6529 3668 6888 6892 
6530 6061 6060 6062 
6531 2645 770 5748 
6532 6484 2856 6485 
6533 3283 3284 3285 
6534 5739 2593 5740 
6535 2625 2626 3078 
6536 7011 634 7086 
6537 858 856 6472 
6538 5272 5271 5273 
6539 5816 5809 5821 
6540 976 978 7177 
6541 3581 7357 7358 
6542 6221 6219 6222 
6543 5912 5913 5915 
6544 275 276 558 
6545 4496 4495 4498 
6546 1239 1234 7594 
6547 1402 6818 6905 
6548 2801 2039 2802 
6549 2959 2958 2960 
6550 4177 3263 5490 
6551 3982 6091 6092 
6552 4577 6574 7804 
6553 3295 4122 7841 
6554 4340 4342 4394 
6555 5955 5956 5958 
6556 6954 6953 6955 
6557 7616 3949 7631 
6558 3213 3212 3214 
6559 5554 5553 5555 
6560 900 898 2674 
6561 6829 2984 7754 
6562 3093 4014 6822 
6563 3295 3297 4122 
6564 1651 6984 6985 
6565 2540 2542 6231 
6566 7039 7037 7040 
6567 3055 3057 3594 
6568 4600 7175 7176 
6569 6735 6734 6737 
6570 6028 6027 6030 
6571 7051 7049 7052 
6572 3852 3854 6360 
6573 6197 6201 7700 
6574 6234 6235 6238 
6575 786 1288 5784 
6576 1860 1938 7387 
6577 4659 4751 4752 
6578 5290 5289 5292 
6579 2516 2518 7364 
6580 2611 2612 2613 
6581 2636 2638 5082 
6582 5903 5901 5904 
6583 6264 6266 6267 
6584 2722 2782 2783 
6585 6976 6977 7671 
6586 67 68 569 
6587 1336 1351 6473 
6588 2643 1704 7310 
6589 6218 6217 6219 
6590 4428 8578 8587 
6591 3543 3546 6888 
6592 4529 5698 5699 
6593 1242 4462 7478 
6594 1456 1454 6547 
6595 2304 2302 5908 
6596 951 950 952 
6597 1600 1598 6919 
6598 3343 3341 7113 
6599 505 5517 5518 
6600 3158 3157 3159 
6601 5814 5809 5816 
6602 1916 1863 8031 
6603 2661 2660 2662 
6604 4042 4045 6732 
6605 4631 4633 5038 
6606 4338 5911 6026 
6607 6125 6123 6126 
6608 2165 2167 2168 
6609 6092 6091 6093 
6610 3311 3312 3313 
6611 1826 1961 7243 
6612 2221 2220 2223 
6613 4490 4491 4492 
6614 6757 6754 6758 
6615 7013 7012 7014 
6616 3614 4170 4668 
6617 1400 1389 1986 
6618 1165 1167 1280 
6619 6342 1914 6343 
6620 2069 2071 2881 
6621 835 837 5927 
6622 1346 1364 1365 
6623 5225 5226 5227 
6624 5272 5273 5275 
6625 1255 1257 6852 
6626 1646 6554 6555 
6627 1789 1919 6526 
6628 3178 3177 3179 
6629 3232 3584 7145 
6630 468 469 540 
6631 1305 1334 7269 
6632 1528 1655 6840 
6633 3090 2792 3124 
6634 2944 6261 6262 
6635 944 942 1363 
6636 3177 3616 7510 
6637 3598 5352 5671 
6638 4011 2947 4016 
6639 3081 3080 3612 
6640 3372 3374 4109 
6641 2392 2841 5178 
6642 4727 3708 4728 
6643 6585 4151 6586 
6644 792 794 828 
6645 2787 2798 6709 
6646 6018 6019 6020 
6647 6628 6630 6633 
6648 6778 6779 6781 
6649 4726 4756 5083 
6650 1173 1175 6859 
6651 6034 1362 6035 
6652 1414 1412 6805 
6653 1769 1767 7699 
6654 4440 3736 4738 
6655 761 1339 7871 
6656 1841 1839 7220 
6657 2851 2428 7556 
6658 3983 4041 4663 
6659 4563 4555 4780 
6660 1430 1428 1640 
6661 5374 1672 7609 
6662 6075 4445 6076 
6663 6767 6765 6768 
6664 6798 6799 6800 
6665 5733 5734 5735 
6666 6180 1891 6669 
6667 3707 3124 3708 
6668 3596 5250 5251 
6669 4316 4318 4398 
6670 2087 2089 2981 
6671 2578 2580 6261 
6672 2619 2617 2620 
6673 2175 2173 2176 
6674 6683 6682 6684 
6675 1968 1935 8059 
6676 5649 3615 5652 
6677 5692 5693 5697 
6678 1796 1797 1798 
6679 2562 2564 6681 
6680 4221 4219 7739 
6681 6232 6233 6234 
6682 955 956 957 
6683 7506 4658 7507 
6684 6729 2552 6730 
6685 1794 1795 1796 
6686 4442 3591 4443 
6687 39 40 6710 
6688 473 474 6008 
6689 1562 1560 7375 
6690 4645 4443 5073 
6691 6649 6651 6654 
6692 6739 6740 6742 
6693 6740 6741 6743 
6694 3253 3252 6808 
6695 1305 1272 1328 
6696 3688 5400 5401 
6697 4364 4366 4390 
6698 6513 1219 6514 
6699 4199 2728 4475 
6700 3466 4150 6898 
6701 4012 4617 4618 
6702 113 114 616 
6703 2937 3648 3660 
6704 4091 4088 4682 
6705 7597 5954 7598 
6706 1454 1452 1644 
6707 6333 2606 6334 
6708 4421 4422 4678 
6709 5484 5485 5486 
6710 6611 6613 6614 
6711 896 894 1356 
6712 1444 1442 6534 
6713 2226 2225 2232 
6714 463 532 7230 
6715 2991 2993 3567 
6716 2760 6341 6460 
6717 576 7231 7232 
6718 3130 3736 3737 
6719 4122 5289 5290 
6720 7027 7025 7028 
6721 7069 7067 7070 
6722 6692 6689 6693 
6723 874 872 2641 
6724 471 472 5801 
6725 1163 6739 6746 
6726 1775 1773 6341 
6727 2216 2214 5717 
6728 5010 5011 5012 
6729 7045 7043 7046 
6730 1796 1795 1797 
6731 5085 2791 7339 
6732 7330 502 7331 
6733 1802 1803 1804 
6734 3081 3612 4097 
6735 3160 3159 3161 
6736 3194 3193 3195 
6737 823 825 6902 
6738 1036 1034 7255 
6739 955 954 956 
6740 3536 3669 5990 
6741 526 174 7138 
6742 2177 2178 2179 
6743 2268 2266 2334 
6744 4153 3429 6077 
6745 1135 1216 7166 
6746 2181 2182 2183 
6747 4551 4543 6468 
6748 1448 1446 1643 
6749 4370 4372 4389 
6750 6498 6487 6499 
6751 6933 1918 6934 
6752 3981 6099 6101 
6753 6420 6419 6421 
6754 2290 2288 2335 
6755 6484 6485 6486 
6756 3363 3361 6462 
6757 4382 4384 4387 
6758 4153 6077 6078 
6759 6507 6506 6508 
6760 7429 3680 7430 
6761 5606 5608 5609 
6762 1847 2752 7605 
6763 2155 2157 2949 
6764 2284 2282 2340 
6765 4198 2728 4199 
6766 4656 4707 5002 
6767 4666 4665 4811 
6768 2922 2459 7288 
6769 676 678 2883 
6770 904 902 1359 
6771 1466 1464 1646 
6772 1802 1801 1803 
6773 2290 2335 5603 
6774 4441 3660 4631 
6775 3906 3908 3974 
6776 1093 1095 2606 
6777 1705 1704 1899 
6778 2961 2960 2962 
6779 6311 3119 6312 
6780 5735 5734 5736 
6781 870 1358 5732 
6782 1320 1327 6479 
6783 3210 3209 3211 
6784 6195 4164 6196 
6785 6531 6530 6532 
6786 860 858 2593 
6787 1269 1265 1272 
6788 2806 2830 3118 
6789 804 814 827 
6790 6877 1380 6878 
6791 2256 2254 2332 
6792 3130 2839 3736 
6793 3824 3826 7342 
6794 3591 2643 3592 
6795 3251 3250 3252 
6796 1794 1793 1795 
6797 2674 5548 5549 
6798 5316 2888 5885 
6799 1494 1492 6984 
6800 4204 2947 6023 
6801 1226 7418 7465 
6802 6854 1283 6855 
6803 2883 3444 4195 
6804 3140 4144 7898 
6805 3309 3311 4158 
6806 4568 4567 4569 
6807 1357 862 5738 
6808 2073 2075 2983 
6809 3817 3957 7405 
6810 4411 4274 7632 
6811 5317 5316 5318 
6812 1089 1223 7526 
6813 1442 1440 1642 
6814 3772 3774 5981 
6815 5458 5460 5461 
6816 1069 1071 7233 
6817 1804 1805 1806 
6818 3361 3359 6375 
6819 3365 3363 4183 
6820 2272 2598 5886 
6821 5124 5123 5125 
6822 6492 6494 6495 
6823 3612 3080 4194 
6824 6594 4400 6595 
6825 6740 1280 6741 
6826 1460 1458 1645 
6827 6487 6484 7118 
6828 4368 4370 6043 
6829 4490 4492 4493 
6830 2783 5626 5627 
6831 750 752 833 
6832 1388 2635 2636 
6833 1900 6418 6419 
6834 2383 5098 5635 
6835 3420 3418 6246 
6836 1436 1434 1641 
6837 2248 2249 2250 
6838 4334 4336 4395 
6839 1480 1478 6775 
6840 4004 5427 7855 
6841 1117 1119 1278 
6842 1287 1320 3323 
6843 3996 3821 7295 
6844 4312 4313 4314 
6845 5865 5864 5868 
6846 730 732 1284 
6847 1446 1444 6540 
6848 3900 3902 3971 
6849 4828 4829 4830 
6850 6409 6410 6411 
6851 1653 7334 7335 
6852 3438 3429 4153 
6853 6422 6421 6425 
6854 6861 6860 6862 
6855 1749 1747 1907 
6856 5495 4168 5496 
6857 4352 4354 4392 
6858 6185 6186 6187 
6859 1105 1107 1282 
6860 4328 4330 4396 
6861 4376 4378 4388 
6862 4784 4546 4785 
6863 5153 5152 5154 
6864 3178 4534 7587 
6865 1161 1163 6746 
6866 1163 1165 6739 
6867 7310 1700 7311 
6868 5975 1671 7630 
6869 1845 1843 7092 
6870 2865 6216 6217 
6871 6247 4161 6248 
6872 3156 4173 7870 
6873 3942 3944 3982 
6874 4527 7111 7112 
6875 7075 7073 7076 
6876 522 180 6929 
6877 1292 1055 7325 
6878 1217 6797 6798 
6879 1365 1377 1378 
6880 2639 2713 2808 
6881 3831 3958 7347 
6882 4844 4078 6002 
6883 4482 4483 4484 
6884 1115 1117 6778 
6885 1792 1791 1793 
6886 6231 2867 6232 
6887 3233 2221 5768 
6888 1711 1709 6418 
6889 1912 6607 6608 
6890 2984 2416 7754 
6891 3444 3255 4712 
6892 5802 802 5805 
6893 1346 1353 1364 
6894 1767 1765 1912 
6895 6696 2872 6697 
6896 1484 1482 1649 
6897 3381 3369 4178 
6898 3888 3890 3966 
6899 7211 3994 7774 
6900 4183 6462 6463 
6901 2576 2578 2944 
6902 2584 2848 2937 
6903 2865 6218 7547 
6904 1099 1101 1219 
6905 1111 1113 1218 
6906 6535 1642 6536 
6907 4753 3327 7242 
6908 6469 6471 8092 
6909 6952 6951 6953 
6910 7012 7011 7086 
6911 2081 2083 7937 
6912 4186 4635 4640 
6913 2318 2316 2337 
6914 3870 3872 4040 
6915 1422 1420 2000 
6916 4310 4312 4409 
6917 4973 4975 4985 
6918 6301 6303 6304 
6919 6428 6424 6429 
6920 864 1357 6592 
6921 1127 1129 6853 
6922 1135 1137 1216 
6923 2554 2556 2869 
6924 4583 4584 4595 
6925 6179 6181 6183 
6926 1737 1735 1904 
6927 6515 6514 6516 
6928 878 876 1347 
6929 3249 2000 3250 
6930 7381 2658 7479 
6931 3075 3112 3690 
6932 5643 3651 5645 
6933 4350 4352 6382 
6934 2131 2133 2901 
6935 4663 4041 4814 
6936 4292 4294 7273 
6937 2528 2530 6667 
6938 3924 3926 3979 
6939 4358 4360 4391 
6940 5714 5715 5716 
6941 3169 3167 3700 
6942 6376 4196 6377 
6943 2686 2688 4594 
6944 6064 6062 6067 
6945 1558 1556 7271 
6946 2354 2265 7834 
6947 2280 2278 2597 
6948 3019 3021 3687 
6949 5453 5455 5456 
6950 1121 1123 6820 
6951 4763 3333 7456 
6952 834 726 6324 
6953 1755 1753 1908 
6954 2935 2936 7844 
6955 7083 7082 7084 
6956 4293 4291 6679 
6957 3936 3938 3981 
6958 953 954 955 
6959 1478 1476 1648 
6960 6070 6066 6071 
6961 1123 1125 1217 
6962 1777 1775 2760 
6963 2570 2572 6809 
6964 4076 4078 4844 
6965 6227 6224 6228 
6966 1899 1704 2643 
6967 3261 3263 4177 
6968 6369 3323 6370 
6969 513 220 6930 
6970 957 958 959 
6971 6059 2522 6503 
6972 6263 6262 6264 
6973 6992 6994 7317 
6974 1360 908 6017 
6975 1139 1141 6843 
6976 2568 2570 6810 
6977 2760 6668 6669 
6978 4366 4368 6058 
6979 2179 2181 5538 
6980 2580 2582 2941 
6981 3738 7153 7154 
6982 232 233 621 
6983 2572 2574 2870 
6984 7337 2672 7338 
6985 2748 2750 7602 
6986 570 7012 7013 
6987 688 690 1273 
6988 2107 2108 2109 
6989 2564 2566 6696 
6990 5207 5208 5209 
6991 6621 6623 6626 
6992 6737 6734 6738 
6993 3035 3036 3037 
6994 6614 6616 6619 
6995 631 36 6562 
6996 3165 3163 3689 
6997 5276 5277 8036 
6998 1806 1805 1807 
6999 3017 3018 3019 
7000 3045 3047 3590 
7001 3425 3422 4154 
7002 6532 6530 6533 
7003 918 916 7008 
7004 1402 1400 6818 
7005 1147 1149 1215 
7006 2530 2532 2864 
7007 6198 2851 6199 
7008 4167 3398 6356 
7009 6810 6809 6811 
7010 2542 2544 2867 
7011 3413 3411 6194 
7012 3598 5671 5928 
7013 1490 1488 1650 
7014 3249 3250 3251 
7015 1213 6859 6860 
7016 1975 1972 7343 
7017 5100 4731 5101 
7018 6483 6484 6487 
7019 3281 3283 4142 
7020 3876 3878 3961 
7021 1542 1540 7108 
7022 2622 2844 7902 
7023 6477 6476 6478 
7024 6860 6859 6863 
7025 6935 6934 6936 
7026 736 738 831 
7027 4024 3824 7342 
7028 4416 6846 7229 
7029 6333 6334 6335 
7030 128 129 7400 
7031 1486 6704 6705 
7032 2211 2212 2213 
7033 4454 7188 7189 
7034 1408 1406 6772 
7035 1785 1783 2759 
7036 2224 2223 2225 
7037 3912 3914 3976 
7038 4140 7303 7304 
7039 4338 4340 5911 
7040 2524 2526 2863 
7041 1709 1707 2773 
7042 1795 1918 6933 
7043 6779 1278 6780 
7044 2659 1562 7375 
7045 2153 2154 2155 
7046 2502 2504 2856 
7047 3786 3788 5789 
7048 3882 3884 3963 
7049 4063 4846 4847 
7050 1287 1319 1320 
7051 6564 2633 6565 
7052 3394 3392 4169 
7053 1327 1345 1346 
7054 1422 2000 3249 
7055 3930 3932 3980 
7056 718 720 1275 
7057 1486 1484 6704 
7058 2871 6681 6682 
7059 3894 3896 3969 
7060 5703 976 7177 
7061 2262 2260 2333 
7062 2506 2508 2966 
7063 6513 6514 6515 
7064 37 38 559 
7065 1141 1143 1281 
7066 1454 1644 6547 
7067 1791 1789 6526 
7068 3348 3346 4527 
7069 3944 3983 6090 
7070 864 862 1357 
7071 1743 1741 1906 
7072 2203 2204 2205 
7073 4978 4977 4979 
7074 1725 1723 1902 
7075 3217 3214 3218 
7076 6335 6334 6336 
7077 1824 1826 7243 
7078 3654 5984 5986 
7079 2621 2948 5363 
7080 2946 2767 2947 
7081 3388 3385 4172 
7082 1699 1697 1700 
7083 1976 1980 7137 
7084 4318 4319 4320 
7085 780 782 829 
7086 1262 1261 1265 
7087 2548 2550 2868 
7088 1719 1717 1901 
7089 1842 1844 7396 
7090 2105 2107 2970 
7091 1472 1470 1647 
7092 3866 3868 4039 
7093 6749 6747 6823 
7094 1129 1131 1283 
7095 2518 2520 2859 
7096 5869 5868 5870 
7097 764 766 1276 
7098 2536 2538 2865 
7099 6486 6488 6489 
7100 6656 6661 6662 
7101 1897 1887 5621 
7102 2944 2578 6261 
7103 4483 4480 5212 
7104 7179 7005 7445 
7105 1097 1099 6512 
7106 1422 3249 7259 
7107 1731 1729 1903 
7108 2514 2516 7684 
7109 2550 2552 6729 
7110 3759 3762 7857 
7111 2496 2498 2852 
7112 2653 3727 7239 
7113 7135 1225 7136 
7114 6607 1763 6918 
7115 1773 1771 1914 
7116 1806 1807 1808 
7117 2512 2514 2857 
7118 910 908 1360 
7119 999 1001 8445 
7120 1320 1326 1327 
7121 3918 3920 3978 
7122 5402 5401 5403 
7123 1781 1779 1891 
7124 2974 6992 7316 
7125 1237 2608 7106 
7126 6986 2847 7535 
7127 768 770 2645 
7128 2235 2231 5497 
7129 2302 2300 2605 
7130 2744 2743 2767 
7131 3359 3350 4196 
7132 7358 7360 7361 
7133 106 107 505 
7134 5241 5240 5242 
7135 1771 1769 7504 
7136 2276 2274 2339 
7137 4346 4348 4393 
7138 1216 6733 6734 
7139 4219 4450 7739 
7140 4322 4323 4324 
7141 4847 4846 4889 
7142 1201 1203 7107 
7143 4314 4315 4316 
7144 7000 7003 7004 
7145 2339 5887 5888 
7146 1378 1388 1389 
7147 1679 1677 4453 
7148 1703 1701 1704 
7149 4631 3660 4633 
7150 4001 3782 7447 
7151 6369 6370 6371 
7152 1248 1267 7298 
7153 6772 2634 6773 
7154 3633 3106 3634 
7155 3684 5195 5196 
7156 4255 4253 7436 
7157 4386 4420 4421 
7158 2955 2957 7823 
7159 3418 3415 4161 
7160 1651 1494 6984 
7161 3555 3580 7125 
7162 4222 4224 7849 
7163 714 716 3256 
7164 1444 6534 6540 
7165 5129 5128 5130 
7166 6421 6419 6426 
7167 1213 1173 6859 
7168 1389 1388 5996 
7169 2647 1504 6907 
7170 1713 1711 1900 
7171 3606 2837 3607 
7172 892 890 2729 
7173 1804 1803 1805 
7174 2566 2568 2872 
7175 3411 3409 4164 
7176 4132 4596 4638 
7177 4273 4585 7326 
7178 2205 2206 2207 
7179 2506 2966 6812 
7180 3191 3189 3997 
7181 3942 3982 6095 
7182 4488 4487 4489 
7183 6522 6521 6523 
7184 5271 5270 5274 
7185 6342 6344 6346 
7186 7178 4452 7179 
7187 5312 5332 5333 
7188 6635 6637 6640 
7189 2242 2592 7453 
7190 4306 4307 4308 
7191 4511 5189 5190 
7192 2500 2502 6483 
7193 4206 4786 7495 
7194 5968 4632 5969 
7195 2641 6275 6277 
7196 3130 3737 7383 
7197 3176 3175 3177 
7198 129 497 7400 
7199 4308 4309 4310 
7200 6943 6944 6945 
7201 1695 1693 1696 
7202 1761 1759 1910 
7203 2865 2538 6216 
7204 3119 2791 5084 
7205 2855 6395 7217 
7206 6373 6371 6374 
7207 6486 6485 6488 
7208 2007 2695 4451 
7209 3297 3298 3299 
7210 1364 1368 7114 
7211 1418 1416 6727 
7212 5281 5282 5283 
7213 2560 2562 2871 
7214 3230 3611 3614 
7215 3788 3790 7561 
7216 4253 4572 7436 
7217 6642 6644 6647 
7218 466 467 623 
7219 1305 1328 1333 
7220 4014 4628 5096 
7221 5251 5250 5253 
7222 6234 6238 6239 
7223 6948 6949 6950 
7224 6771 1878 6932 
7225 2937 2848 3648 
7226 4520 3703 4587 
7227 4458 6326 7977 
7228 1159 1161 1214 
7229 6498 6499 6500 
7230 1291 800 5802 
7231 2049 2051 5750 
7232 6232 2867 6233 
7233 3405 3398 4167 
7234 2766 2014 7336 
7235 2944 6263 7384 
7236 6474 6477 7214 
7237 3833 7347 7633 
7238 6237 6242 6243 
7239 6683 6684 6686 
7240 2608 1244 7298 
7241 1406 1404 2634 
7242 2655 2832 6879 
7243 2746 6319 6321 
7244 6360 4036 6363 
7245 3144 3143 3145 
7246 6178 1891 6179 
7247 6906 5941 7800 
7248 1689 1687 2029 
7249 1844 7238 7396 
7250 3688 5401 5402 
7251 916 914 1355 
7252 1291 5804 8038 
7253 7270 7269 7502 
7254 2250 2249 2331 
7255 3049 3693 5971 
7256 6294 6296 6297 
7257 6945 6946 6948 
7258 3015 3016 3017 
7259 634 456 7088 
7260 870 868 1358 
7261 2219 2220 2221 
7262 3727 6881 7239 
7263 4310 4311 4312 
7264 6500 6501 6502 
7265 273 274 622 
7266 1153 1155 1285 
7267 1986 1389 5996 
7268 3183 3990 7221 
7269 4618 4617 4805 
7270 6243 6242 6244 
7271 1492 1490 6926 
7272 2278 2276 7779 
7273 2809 2084 7847 
7274 2859 2520 6059 
7275 6061 6062 6064 
7276 776 778 2679 
7277 956 954 7549 
7278 4045 4815 6732 
7279 6344 6343 6345 
7280 949 950 951 
7281 6185 6188 7438 
7282 271 272 542 
7283 2340 2282 5942 
7284 2871 6682 6683 
7285 3955 3840 7614 
7286 1267 4576 7298 
7287 3528 7414 7471 
7288 1071 6870 7233 
7289 3446 3442 4151 
7290 6782 6780 6783 
7291 6938 6939 6941 
7292 3011 3013 3583 
7293 5379 5380 5381 
7294 947 946 948 
7295 1171 1173 1213 
7296 1412 1410 6790 
7297 2163 2164 2165 
7298 1222 1181 7234 
7299 1366 7241 7534 
7300 5272 5275 5276 
7301 6933 6935 6980 
7302 1216 1137 6733 
7303 2097 2099 2884 
7304 4183 6463 6464 
7305 5973 1578 5975 
7306 1808 1807 1809 
7307 4350 6382 6392 
7308 1899 4442 7454 
7309 7163 4874 7164 
7310 2606 1095 6921 
7311 2627 2629 5970 
7312 2241 2239 2242 
7313 5103 5102 5105 
7314 6395 6396 6398 
7315 2342 5909 5910 
7316 6264 6262 6266 
7317 6480 6479 6481 
7318 954 952 1335 
7319 1683 1681 2928 
7320 2198 2196 2199 
7321 1404 1402 6905 
7322 1912 1765 6607 
7323 5340 5342 5343 
7324 1792 1793 1794 
7325 3673 5905 5906 
7326 4306 4308 4399 
7327 2629 3109 3110 
7328 4102 5030 5032 
7329 4320 4321 4322 
7330 920 918 2630 
7331 1406 2634 6772 
7332 945 944 946 
7333 3448 3446 6584 
7334 3450 3448 6588 
7335 6867 7225 7236 
7336 3216 3214 3217 
7337 1790 1789 1791 
7338 1822 2658 7381 
7339 2459 2457 7288 
7340 1717 1715 7679 
7341 3654 3054 5984 
7342 3041 3042 3043 
7343 888 886 1348 
7344 4162 4504 5897 
7345 1218 1113 6785 
7346 2542 2867 6231 
7347 2865 6217 6218 
7348 4440 4738 7116 
7349 5311 5312 5313 
7350 949 948 950 
7351 1251 1259 1260 
7352 3594 3057 5949 
7353 5737 5734 5767 
7354 5814 5816 5817 
7355 3854 3856 4036 
7356 6608 6607 6609 
7357 2528 6667 6725 
7358 4296 4297 4298 
7359 6734 6733 6736 
7360 1267 1252 2895 
7361 2366 2365 2397 
7362 5417 3150 7485 
7363 3614 4668 4730 
7364 4456 4704 5039 
7365 1789 1787 1919 
7366 2342 5908 5909 
7367 6798 6797 6799 
7368 720 721 722 
7369 1217 1125 6797 
7370 2214 2212 2227 
7371 7090 7085 7091 
7372 2698 2705 2799 
7373 3029 3030 3031 
7374 6070 6071 6072 
7375 6528 6529 6530 
7376 6786 6787 6788 
7377 1284 732 6254 
7378 882 880 2632 
7379 2230 2356 7843 
7380 4225 4223 7696 
7381 1781 1891 6178 
7382 3317 3319 4110 
7383 4368 6043 6058 
7384 1900 1711 6418 
7385 2177 2176 2178 
7386 4454 3377 7188 
7387 6743 6741 6744 
7388 2121 2123 2969 
7389 2868 2550 6729 
7390 3598 5351 5352 
7391 4316 4317 4318 
7392 2760 1775 6341 
7393 1888 1887 1889 
7394 5768 2228 7843 
7395 3226 3203 3618 
7396 6188 6187 6189 
7397 6217 6216 6220 
7398 1901 6427 7822 
7399 5453 5452 5455 
7400 199 200 512 
7401 3067 3068 3069 
7402 192 193 511 
7403 2010 2009 2011 
7404 2621 2620 2948 
7405 4153 6078 6079 
7406 6060 6059 6063 
7407 983 984 7788 
7408 1225 7233 7531 
7409 2859 6059 6060 
7410 3273 3274 3275 
7411 533 267 7182 
7412 1248 1252 1267 
7413 1808 1809 1810 
7414 1881 1892 7583 
7415 2051 2053 2878 
7416 4143 3572 4593 
7417 1216 6734 6735 
7418 1370 1380 6877 
7419 6474 6476 6477 
7420 2631 1262 7253 
7421 4437 3253 5078 
7422 3983 4663 6090 
7423 6798 6800 6801 
7424 916 1355 7008 
7425 1654 7350 7351 
7426 3187 3185 3993 
7427 465 466 7119 
7428 1370 1350 1380 
7429 6679 4291 7328 
7430 38 39 6713 
7431 1938 1862 7394 
7432 5573 5572 5575 
7433 6815 6814 6816 
7434 2231 2229 3710 
7435 3173 3171 3711 
7436 3737 3736 4440 
7437 5699 5698 5701 
7438 1849 1847 7605 
7439 1899 3591 4442 
7440 2063 2065 2880 
7441 2085 2086 2087 
7442 2139 2141 7934 
7443 2383 2384 2395 
7444 3277 3278 3279 
7445 5810 5808 5811 
7446 6179 1891 6180 
7447 2013 2011 2015 
7448 5205 5206 5207 
7449 1242 1247 4462 
7450 189 190 564 
7451 196 197 565 
7452 1466 1646 6555 
7453 4172 3385 6580 
7454 1790 1791 1792 
7455 2896 2895 3722 
7456 6018 6017 6019 
7457 6692 6693 6694 
7458 532 464 7120 
7459 1416 1414 1988 
7460 469 470 5980 
7461 1223 6339 7526 
7462 2011 2009 6074 
7463 2215 2216 2217 
7464 2193 2192 2194 
7465 3049 3050 3051 
7466 3227 3226 3228 
7467 1496 1494 1651 
7468 3093 3094 4013 
7469 5616 5617 5618 
7470 2906 4452 7178 
7471 6181 6180 6182 
7472 209 210 568 
7473 1797 1795 6933 
7474 1900 6419 6420 
7475 4757 3595 7680 
7476 4751 7787 7833 
7477 6500 6499 6501 
7478 6948 6950 7327 
7479 740 742 2665 
7480 5622 3730 5623 
7481 4442 4443 4645 
7482 1089 1091 1223 
7483 1357 5977 6592 
7484 2386 2381 2902 
7485 3039 3041 3695 
7486 6269 6265 6270 
7487 6566 6565 6567 
7488 2125 2126 2127 
7489 6234 6233 6235 
7490 6263 6268 7384 
7491 7550 7549 7551 
7492 7353 515 7354 
7493 4975 4974 4977 
7494 5532 5530 5533 
7495 2556 2558 7752 
7496 4240 4416 7229 
7497 1939 1848 7309 
7498 4183 3363 6462 
7499 758 760 830 
7500 2312 2310 2336 
7501 2832 3086 3716 
7502 3596 5251 5252 
7503 2007 1371 2694 
7504 2570 6809 6810 
7505 6855 1283 7682 
7506 1410 1408 1987 
7507 213 214 516 
7508 2147 2148 2149 
7509 6363 4036 6364 
7510 6700 6699 6701 
7511 2211 2210 2212 
7512 2795 3115 7518 
7513 2859 6060 6061 
7514 6697 2872 6813 
7515 4296 4298 4400 
7516 4657 4659 5033 
7517 4988 4982 4989 
7518 6420 6421 6422 
7519 6222 6219 6225 
7520 2012 2011 2013 
7521 2186 2185 2187 
7522 3722 4516 4517 
7523 1498 1496 6922 
7524 206 207 508 
7525 2329 2233 2330 
7526 3468 3466 6898 
7527 1432 1430 8680 
7528 1886 1885 1887 
7529 3745 3743 3750 
7530 4615 7200 7201 
7531 1482 1480 6893 
7532 5567 5569 5578 
7533 234 235 557 
7534 8181 2925 8593 
7535 269 270 627 
7536 4016 2947 4204 
7537 4870 4874 7163 
7538 1229 7133 7446 
7539 2045 2047 2968 
7540 6595 4400 6606 
7541 6687 6684 6690 
7542 1649 1482 6893 
7543 6870 6871 6873 
7544 950 948 2591 
7545 6572 1087 7526 
7546 2197 2196 2198 
7547 924 922 1361 
7548 2370 2372 2382 
7549 1260 1261 1262 
7550 3071 3598 5928 
7551 3269 3270 3271 
7552 4135 5268 5269 
7553 6938 6937 6939 
7554 1083 1085 2633 
7555 2409 2407 7437 
7556 2644 2602 7560 
7557 4304 4305 4306 
7558 6218 6219 6221 
7559 2331 5065 7329 
7560 2357 2330 2358 
7561 1073 1075 1279 
7562 4441 4631 4632 
7563 35 36 631 
7564 5124 5126 7939 
7565 5616 1274 5617 
7566 2151 2153 8803 
7567 4751 7738 7787 
7568 3791 6172 7768 
7569 4122 5290 5291 
7570 5505 5504 5506 
7571 938 936 1362 
7572 1237 1244 2608 
7573 4014 4013 4628 
7574 4416 6845 6846 
7575 5124 5125 5126 
7576 6481 1365 7481 
7577 3420 6246 6379 
7578 4853 4854 4855 
7579 381 382 7431 
7580 744 746 1274 
7581 1267 2895 2896 
7582 2233 7875 8055 
7583 2566 2872 6696 
7584 2638 2637 2639 
7585 6968 6967 6969 
7586 5416 506 8053 
7587 1061 1063 7128 
7588 2119 2120 2121 
7589 4506 3674 4507 
7590 5385 5386 5387 
7591 2937 3660 4441 
7592 2944 6262 6263 
7593 3493 4608 6884 
7594 4070 4072 4680 
7595 7112 7941 7970 
7596 2546 2548 7686 
7597 4516 4518 5080 
7598 3204 3205 3206 
7599 5458 5459 5460 
7600 6880 6879 6883 
7601 1388 1377 2635 
7602 1412 6790 6805 
7603 3317 3318 3319 
7604 4186 4202 4635 
7605 7423 3816 7455 
7606 6900 4150 6901 
7607 6682 6681 6685 
7608 5615 1274 5616 
7609 3452 3450 4597 
7610 1334 1333 1350 
7611 1795 1793 1918 
7612 2342 2304 5908 
7613 4464 2401 7641 
7614 6767 6768 6769 
7615 1260 1259 1261 
7616 2760 6460 6668 
7617 4003 5790 5791 
7618 1420 1418 6728 
7619 1814 1815 1816 
7620 2616 2615 2617 
7621 4145 3485 5832 
7622 4798 3563 6837 
7623 1266 1287 6368 
7624 1504 1502 6907 
7625 7508 2779 7509 
7626 3267 3268 3269 
7627 3828 3830 7517 
7628 3858 3860 4037 
7629 6856 6855 6857 
7630 6935 6937 6938 
7631 2478 2854 7161 
7632 1421 1420 1422 
7633 2065 2066 2067 
7634 1653 1510 7334 
7635 2651 1514 7127 
7636 5362 2802 5675 
7637 4060 4839 4840 
7638 7363 4205 7825 
7639 684 686 2648 
7640 3232 3235 3584 
7641 1079 1081 1224 
7642 5049 3352 5050 
7643 7261 2666 7262 
7644 3448 6584 6588 
7645 6320 6318 8156 
7646 7285 7284 7286 
7647 3862 3864 4038 
7648 1247 1251 6825 
7649 2143 2145 2910 
7650 6263 6264 6265 
7651 1171 1172 1173 
7652 2080 2078 7851 
7653 576 461 7231 
7654 1962 1808 6814 
7655 6395 6398 6399 
7656 6411 6412 6415 
7657 6939 6937 6940 
7658 467 468 6281 
7659 4097 4581 5017 
7660 6428 6429 6430 
7661 1810 1811 1812 
7662 6409 2853 6410 
7663 3065 3067 3596 
7664 4012 4011 4617 
7665 6956 6955 6957 
7666 5693 4108 5694 
7667 1978 7613 7808 
7668 3199 3197 3617 
7669 1220 1237 7106 
7670 4442 6024 7454 
7671 7128 7129 7132 
7672 4674 4675 4825 
7673 5795 3952 7593 
7674 2871 2562 6681 
7675 6321 6322 6323 
7676 1812 1811 1813 
7677 7234 3322 7235 
7678 3137 3135 3609 
7679 4100 3278 6434 
7680 1703 1704 1705 
7681 6197 6198 6201 
7682 1175 1176 1177 
7683 3168 3167 3169 
7684 65 66 645 
7685 921 923 7726 
7686 1223 1091 6332 
7687 6233 2867 7503 
7688 5549 5548 5550 
7689 6290 6292 6295 
7690 7513 7415 7515 
7691 4300 4302 4410 
7692 4436 8024 8060 
7693 6411 6415 6416 
7694 1460 1645 6551 
7695 6956 6957 6958 
7696 1699 1700 1701 
7697 1848 1850 7309 
7698 4744 7314 7728 
7699 5556 5555 5560 
7700 1244 1245 1248 
7701 1248 1249 1252 
7702 2852 6498 7718 
7703 3580 6451 7125 
7704 4298 4299 4300 
7705 268 269 7181 
7706 4151 3442 6587 
7707 4003 5791 7447 
7708 2636 2635 2637 
7709 5751 5752 5753 
7710 934 932 2726 
7711 1801 1799 1917 
7712 6318 6316 7282 
7713 398 510 7315 
7714 1363 942 6027 
7715 1071 1073 6870 
7716 1213 6860 6861 
7717 2702 2932 2933 
7718 3466 3463 4150 
7719 4014 5096 5119 
7720 7133 7132 7134 
7721 2331 2249 4152 
7722 6486 6489 6490 
7723 230 231 541 
7724 1233 1243 7228 
7725 3086 4206 7215 
7726 3093 4013 4014 
7727 3025 3027 3585 
7728 426 427 527 
7729 432 433 525 
7730 438 439 524 
7731 444 445 523 
7732 455 634 7011 
7733 2248 2246 2249 
7734 2915 2431 6887 
7735 4527 3346 7111 
7736 1173 1174 1175 
7737 1554 1658 7192 
7738 1810 1809 1811 
7739 4156 6446 6448 
7740 521 7019 7021 
7741 1357 5742 5977 
7742 7487 1309 7488 
7743 1419 1418 1420 
7744 6314 6316 6318 
7745 3422 3420 6379 
7746 3727 6879 6880 
7747 5569 5570 5571 
7748 2910 5297 7827 
7749 1814 1813 1815 
7750 3146 3145 3147 
7751 2686 820 2687 
7752 7255 1186 7256 
7753 4300 4301 4302 
7754 5956 4403 5957 
7755 2837 3117 7999 
7756 3157 3155 5647 
7757 5871 5870 5872 
7758 6871 6872 6874 
7759 4324 4325 4326 
7760 6371 6370 7450 
7761 203 204 567 
7762 1262 1265 1269 
7763 2328 2326 2610 
7764 3315 3316 3317 
7765 3473 3471 4603 
7766 4562 4583 4650 
7767 954 1335 7549 
7768 1614 7257 7258 
7769 4484 4486 4627 
7770 4728 4821 6904 
7771 6309 6310 8203 
7772 1671 1574 6824 
7773 2298 2296 2341 
7774 3061 3063 7864 
7775 5794 3952 5795 
7776 961 962 963 
7777 992 995 7297 
7778 1237 1238 1244 
7779 2490 2492 2853 
7780 3481 3479 4148 
7781 5150 4123 5151 
7782 4600 3455 7175 
7783 6941 6942 6943 
7784 4279 4277 7434 
7785 5441 5443 5444 
7786 1816 1817 1818 
7787 2752 1845 7092 
7788 3155 3615 5647 
7789 672 673 674 
7790 2976 2444 5807 
7791 4401 4292 7273 
7792 2737 2014 2766 
7793 4302 4303 4304 
7794 2101 2103 2971 
7795 2331 5064 5065 
7796 3182 3183 3184 
7797 6945 6944 6946 
7798 2267 2266 2268 
7799 384 509 7249 
7800 1888 1889 1905 
7801 6564 6565 6566 
7802 6773 2634 6774 
7803 2117 2118 2119 
7804 2934 3734 3735 
7805 4259 4257 7480 
7806 6067 6062 6068 
7807 818 821 7523 
7808 1427 1426 1428 
7809 3252 3254 3622 
7810 6915 1354 6917 
7811 1788 1787 1789 
7812 4245 4565 5766 
7813 4498 4495 4713 
7814 1695 1696 1697 
7815 2008 3729 7578 
7816 3487 3485 4145 
7817 3620 3636 3637 
7818 4294 4296 6593 
7819 6328 5505 6329 
7820 716 717 718 
7821 2030 2015 2031 
7822 2113 2114 2115 
7823 4164 3409 6352 
7824 2839 2394 6259 
7825 2730 2409 7437 
7826 2653 2655 3727 
7827 7296 7295 7405 
7828 1234 1212 7594 
7829 1812 1813 1814 
7830 3001 3002 3003 
7831 3263 3264 3265 
7832 5014 4119 5015 
7833 2461 2922 7491 
7834 3722 4449 4516 
7835 363 364 7388 
7836 462 463 7230 
7837 8974 1074 8980 
7838 1133 1135 7166 
7839 1372 1376 7174 
7840 1942 1814 6865 
7841 6368 3323 6369 
7842 4720 4162 5897 
7843 6202 6199 6205 
7844 2629 3110 4187 
7845 2938 2767 2946 
7846 3303 3302 3304 
7847 1816 1818 7225 
7848 2183 2182 2185 
7849 2619 2620 2621 
7850 1900 6420 7463 
7851 3324 2209 8049 
7852 3261 3260 3262 
7853 2273 2272 2274 
7854 2186 2187 2188 
7855 4737 3255 5995 
7856 5655 5654 5656 
7857 6101 6099 6102 
7858 1269 1272 1305 
7859 1448 1643 6543 
7860 3524 3525 3526 
7861 6950 6951 6952 
7862 464 465 7120 
7863 816 820 2686 
7864 6218 6223 7547 
7865 1886 1887 1888 
7866 2037 2586 2780 
7867 2099 2100 2101 
7868 2715 2717 2806 
7869 1934 1968 3718 
7870 228 229 617 
7871 1559 2668 7458 
7872 2073 2074 2075 
7873 2328 2610 2611 
7874 5318 5316 5319 
7875 712 709 7540 
7876 1214 6748 6750 
7877 7111 3343 7113 
7878 3758 3404 7918 
7879 7239 6881 7240 
7880 394 583 7367 
7881 744 745 746 
7882 1502 1500 1652 
7883 2190 2192 2193 
7884 3071 3073 3598 
7885 1701 1700 7310 
7886 2642 2209 3324 
7887 3257 3258 3259 
7888 2159 2160 2161 
7889 1929 1931 6925 
7890 7316 6992 7317 
7891 1220 1221 1237 
7892 2526 2528 6725 
7893 4452 2670 7385 
7894 7511 5172 7512 
7895 6750 6748 6751 
7896 726 727 728 
7897 1417 1416 1418 
7898 1573 1575 7147 
7899 3011 3010 3012 
7900 4644 3589 4776 
7901 2177 2179 2359 
7902 3718 1968 5112 
7903 718 719 720 
7904 959 958 960 
7905 1169 1170 1171 
7906 1668 1666 7816 
7907 3452 4597 7175 
7908 3623 3724 4063 
7909 6339 6338 6340 
7910 2657 2690 7312 
7911 4080 4081 4082 
7912 5104 5103 5106 
7913 185 186 520 
7914 828 794 7300 
7915 1224 1081 6563 
7916 2171 2172 2173 
7917 2194 2192 2195 
7918 6366 4037 6367 
7919 4326 4327 4328 
7920 951 952 953 
7921 4615 3545 7200 
7922 6372 6371 6373 
7923 714 715 716 
7924 1642 1440 6537 
7925 5352 5351 5353 
7926 6013 4138 6014 
7927 2720 1600 6919 
7928 2145 2146 2147 
7929 3473 4603 6190 
7930 3580 6450 6451 
7931 5263 5633 5634 
7932 201 202 629 
7933 2071 2072 2073 
7934 3727 2655 6879 
7935 4205 6039 6040 
7936 216 217 578 
7937 1262 1269 7253 
7938 1429 1428 1430 
7939 2361 2357 2365 
7940 1399 1389 1400 
7941 2697 2792 3090 
7942 5648 5649 5650 
7943 6954 6955 6956 
7944 429 430 573 
7945 435 436 574 
7946 441 442 575 
7947 450 451 521 
7948 7628 4736 7733 
7949 2463 2461 7491 
7950 3345 3437 4761 
7951 3457 3455 4600 
7952 4078 4079 4080 
7953 33 34 543 
7954 2008 1936 2009 
7955 4598 4005 5092 
7956 4126 4128 5200 
7957 6499 6487 7118 
7958 963 964 965 
7959 1516 2651 7349 
7960 1816 1815 1817 
7961 5895 2184 5896 
7962 4104 4648 7105 
7963 4825 4675 4826 
7964 5736 5734 5737 
7965 6269 6270 6271 
7966 930 928 1354 
7967 1670 1566 6330 
7968 1862 1864 7394 
7969 3027 3028 3029 
7970 2662 2660 7339 
7971 3285 3286 3287 
7972 4417 4226 5654 
7973 6236 6233 7503 
7974 6438 6436 6440 
7975 578 217 7302 
7976 1260 1262 2631 
7977 1964 1792 7227 
7978 1818 1817 1819 
7979 2203 2202 2204 
7980 2470 2769 6990 
7981 2629 2628 3109 
7982 2937 4441 7451 
7983 3045 3046 3047 
7984 756 757 758 
7985 2862 3327 3644 
7986 5169 5171 5172 
7987 1253 1255 1264 
7988 2067 2068 2069 
7989 3596 5252 7815 
7990 211 212 625 
7991 961 960 962 
7992 1431 1430 1432 
7993 3003 3004 3005 
7994 5066 5067 5068 
7995 8098 6774 8114 
7996 4980 4979 4981 
7997 6962 6963 6964 
7998 6964 6963 6965 
7999 7129 2667 7130 
8000 3047 3048 3049 
8001 5656 5654 5666 
8002 3818 3951 7455 
8003 266 267 533 
8004 2974 6991 6992 
8005 7324 7321 7554 
8006 416 417 548 
8007 2101 2102 2103 
8008 6399 6398 6400 
8009 3023 3022 3024 
8010 4169 3392 6576 
8011 3075 3111 3112 
8012 5531 5530 5532 
8013 2220 2218 2222 
8014 4177 5490 5491 
8015 6992 6993 6994 
8016 179 180 522 
8017 187 188 624 
8018 194 195 628 
8019 219 220 513 
8020 1175 1177 2656 
8021 3551 4623 6192 
8022 4033 4652 4662 
8023 6881 6880 6882 
8024 748 749 750 
8025 7262 2666 7386 
8026 3061 3062 3063 
8027 3752 4696 7205 
8028 6886 6561 8518 
8029 3057 3059 5949 
8030 423 424 577 
8031 736 737 738 
8032 4085 4090 4681 
8033 4414 4250 5773 
8034 1662 1596 7167 
8035 3777 5793 7537 
8036 2069 2070 2071 
8037 2665 5612 5613 
8038 4027 3828 7517 
8039 4063 4064 4846 
8040 4170 4661 4812 
8041 6314 6315 6316 
8042 453 454 570 
8043 728 729 730 
8044 4466 5121 5800 
8045 4702 5008 5031 
8046 5401 5400 5404 
8047 734 735 736 
8048 1266 1271 1287 
8049 2953 3704 7574 
8050 1985 1981 7564 
8051 6828 6829 6830 
8052 786 787 788 
8053 1385 1370 6877 
8054 4328 4329 4330 
8055 6404 6400 6405 
8056 7463 6423 7679 
8057 6958 6959 6960 
8058 3021 3022 3023 
8059 722 723 724 
8060 2759 6185 7438 
8061 5564 5566 5567 
8062 6628 6629 6630 
8063 182 183 566 
8064 738 739 740 
8065 1179 1181 1222 
8066 2208 2206 2209 
8067 6828 2984 6829 
8068 3513 4605 6795 
8069 6227 6228 6229 
8070 6404 6405 6406 
8071 1426 1423 7259 
8072 2089 2090 2091 
8073 2129 2130 2131 
8074 2194 2196 2197 
8075 3223 4162 4171 
8076 3461 3459 4601 
8077 3999 4471 4641 
8078 2194 2195 2196 
8079 2293 2292 2294 
8080 5740 2593 6472 
8081 2095 2096 2097 
8082 2198 2200 2201 
8083 2584 2585 2848 
8084 6173 3954 6174 
8085 6399 6400 6403 
8086 7253 1269 7269 
8087 4499 4498 4715 
8088 463 464 532 
8089 963 962 964 
8090 6236 7503 7686 
8091 710 713 714 
8092 1996 1385 2660 
8093 3651 3044 7912 
8094 5757 5762 6987 
8095 3136 3135 3137 
8096 3346 3343 7111 
8097 3376 3432 3433 
8098 4488 4489 4490 
8099 225 226 531 
8100 3674 2875 3675 
8101 455 456 634 
8102 2027 7239 7241 
8103 4308 4307 4309 
8104 4421 4842 5946 
8105 176 177 572 
8106 447 448 571 
8107 2121 2122 2123 
8108 6966 6965 6967 
8109 7021 7019 7022 
8110 420 421 528 
8111 1787 1785 7438 
8112 2027 2653 7239 
8113 2838 2394 2839 
8114 4728 4820 4821 
8115 1269 1305 7269 
8116 36 37 6562 
8117 4066 4068 4845 
8118 1660 1580 5973 
8119 6970 6969 6971 
8120 1413 1412 1414 
8121 4989 5203 5204 
8122 6986 5192 7724 
8123 460 461 576 
8124 6752 6751 6753 
8125 1498 6922 6923 
8126 1884 1885 1886 
8127 2855 6394 6395 
8128 3641 3081 5159 
8129 6916 6915 6917 
8130 1506 1504 2647 
8131 3192 3191 3193 
8132 4142 5103 5104 
8133 5902 5901 5903 
8134 6935 6938 6980 
8135 2232 2225 2233 
8136 2625 2624 2626 
8137 3208 3207 3209 
8138 5297 5298 5299 
8139 7147 1575 7588 
8140 7311 1700 7868 
8141 2609 1796 7371 
8142 3740 5898 8154 
8143 2295 2294 2296 
8144 3497 4607 7303 
8145 6257 4148 6258 
8146 2009 1936 4445 
8147 4218 4219 4220 
8148 1183 3322 7234 
8149 1820 1819 1821 
8150 742 743 744 
8151 1305 1333 1334 
8152 3142 3141 3143 
8153 1788 1789 1790 
8154 1931 1933 1934 
8155 3728 4742 4744 
8156 4405 4260 5934 
8157 7125 6451 7126 
8158 6649 6650 6651 
8159 222 223 582 
8160 2576 2577 2578 
8161 2582 2583 2584 
8162 3715 4057 4769 
8163 4016 4204 4619 
8164 6688 6686 6689 
8165 1435 1434 1436 
8166 1867 1865 6302 
8167 457 458 514 
8168 1807 1805 1915 
8169 6858 6855 7682 
8170 2283 2282 2284 
8171 6307 6306 6308 
8172 6948 6946 6949 
8173 418 419 633 
8174 1437 1436 1438 
8175 2248 2250 2251 
8176 2255 2254 2256 
8177 6284 6286 6287 
8178 6411 6410 6412 
8179 6420 6423 7463 
8180 941 940 942 
8181 2172 2169 7919 
8182 2580 2581 2582 
8183 2741 2739 2743 
8184 4478 4477 4479 
8185 5819 5817 5820 
8186 2866 4105 4602 
8187 6378 4527 7970 
8188 3998 3825 7291 
8189 6395 6394 6396 
8190 1223 6332 6338 
8191 2574 2576 7384 
8192 2578 2579 2580 
8193 2629 4187 5970 
8194 3648 4708 4709 
8195 3796 3797 3798 
8196 8558 6557 8564 
8197 2504 2506 6812 
8198 2883 4195 5798 
8199 3152 3151 3153 
8200 3216 3217 3219 
8201 4275 4273 7326 
8202 766 767 768 
8203 4332 4333 4334 
8204 7178 7179 7419 
8205 1433 1432 1434 
8206 4511 5191 5582 
8207 1169 1171 7187 
8208 1209 2646 6931 
8209 1224 6563 6568 
8210 1818 1819 1820 
8211 1887 1885 5621 
8212 3031 3033 3586 
8213 1877 2908 6670 
8214 2149 2151 2914 
8215 2271 2270 2272 
8216 4743 6776 7612 
8217 6497 6487 6498 
8218 1411 1410 1412 
8219 2202 2200 2343 
8220 5218 9174 9184 
8221 6251 6250 6252 
8222 1853 1851 6313 
8223 6403 6400 6404 
8224 776 777 778 
8225 2205 2204 2206 
8226 3229 3228 4114 
8227 4045 4046 4664 
8228 4139 7143 7144 
8229 31 32 630 
8230 1415 1414 1416 
8231 1926 1936 2008 
8232 3251 3253 4437 
8233 397 398 7315 
8234 2437 2917 7601 
8235 4051 3753 4052 
8236 2981 2089 7194 
8237 2574 2575 2576 
8238 3732 3327 4753 
8239 4076 4077 4078 
8240 6838 4147 6839 
8241 6226 6224 6227 
8242 335 486 7441 
8243 899 898 900 
8244 1822 1821 1823 
8245 3140 3139 3141 
8246 3307 3306 3308 
8247 2746 6313 6319 
8248 5105 5102 5221 
8249 959 960 961 
8250 750 751 752 
8251 867 866 868 
8252 1405 1404 1406 
8253 1407 1406 1408 
8254 746 747 748 
8255 3477 3475 4604 
8256 3948 3778 6250 
8257 6766 6765 6767 
8258 790 791 792 
8259 1401 1400 1402 
8260 1786 1785 1787 
8261 7246 1961 7247 
8262 2091 2093 2979 
8263 3335 3345 7456 
8264 4412 4270 7101 
8265 4441 5967 7451 
8266 1924 1923 1925 
8267 6223 6221 6224 
8268 2627 1985 2628 
8269 3737 4440 4567 
8270 4196 3350 6378 
8271 3457 4600 6895 
8272 4139 7141 7142 
8273 4491 4500 4724 
8274 5319 5316 5885 
8275 863 862 864 
8276 893 892 894 
8277 1552 1550 7595 
8278 1590 1588 7935 
8279 7035 7034 7036 
8280 907 906 908 
8281 3983 3984 4041 
8282 784 785 786 
8283 697 699 840 
8284 2228 2226 2229 
8285 4236 4238 4406 
8286 6437 6436 6438 
8287 6784 6780 7522 
8288 1889 1887 1897 
8289 6440 6436 6441 
8290 6200 6199 6202 
8291 6646 6648 6649 
8292 1439 1438 1440 
8293 4278 4280 4403 
8294 4484 4627 7791 
8295 7781 4836 7797 
8296 5538 5539 5540 
8297 5983 5981 7675 
8298 788 789 790 
8299 4340 4341 4342 
8300 6475 6474 7214 
8301 1443 1442 1444 
8302 3057 3058 3059 
8303 6398 6396 6401 
8304 414 415 632 
8305 2230 2231 2234 
8306 2243 2242 2244 
8307 3247 4085 4086 
8308 3401 3400 3402 
8309 1409 1408 1410 
8310 2595 2379 5219 
8311 2885 2398 2886 
8312 3128 2691 4639 
8313 7041 7040 7042 
8314 1087 1088 1089 
8315 4173 3158 7756 
8316 4135 3320 5267 
8317 3696 3434 3697 
8318 4092 4502 4674 
8319 772 773 774 
8320 947 948 949 
8321 2970 5309 5311 
8322 4058 3120 4059 
8323 2137 2139 2904 
8324 895 894 896 
8325 915 914 916 
8326 2159 2158 2160 
8327 5584 3956 5585 
8328 5814 5817 5818 
8329 1081 1082 1083 
8330 1518 1516 7349 
8331 2305 2304 2306 
8332 2572 2573 2574 
8333 2997 2996 2998 
8334 3245 3243 3246 
8335 3341 3337 7636 
8336 6345 6347 6348 
8337 6960 6959 6961 
8338 2570 2571 2572 
8339 2687 2701 2702 
8340 3037 3038 3039 
8341 3494 3493 3495 
8342 4612 3540 5726 
8343 4330 4331 4332 
8344 6241 6236 7686 
8345 1980 1985 2627 
8346 3737 4568 7383 
8347 4336 4337 4338 
8348 7314 4744 7560 
8349 6656 6657 6661 
8350 6087 4010 6088 
8351 461 462 7231 
8352 1057 1059 7446 
8353 1093 1094 1095 
8354 2360 5260 8389 
8355 2590 2828 2829 
8356 3364 3363 3365 
8357 4302 4301 4303 
8358 2005 2399 2594 
8359 2965 4710 4711 
8360 3649 3564 7809 
8361 3779 3777 7537 
8362 3313 3315 4157 
8363 5671 5352 5672 
8364 1175 1174 1176 
8365 2077 2078 2079 
8366 2279 2278 2280 
8367 3301 3302 3303 
8368 871 870 872 
8369 2000 1420 6728 
8370 7268 4259 7480 
8371 2321 2320 2322 
8372 3517 4609 5681 
8373 4250 4251 4252 
8374 4478 4480 4481 
8375 5320 5319 5323 
8376 6623 6624 6625 
8377 4840 4841 5059 
8378 6874 6872 6875 
8379 6950 6949 6951 
8380 618 5124 5512 
8381 6514 1219 6518 
8382 2181 2180 2182 
8383 2783 2782 2784 
8384 3716 3086 7215 
8385 3349 3348 3350 
8386 3490 3489 3491 
8387 4421 4420 4422 
8388 4870 4872 4874 
8389 1425 1423 1426 
8390 3009 3010 3011 
8391 3127 4734 7572 
8392 2582 2584 7451 
8393 3486 3485 3487 
8394 3542 3540 4612 
8395 412 413 506 
8396 672 671 673 
8397 1085 1086 1087 
8398 3076 2412 6827 
8399 2426 2428 2851 
8400 3468 6898 7006 
8401 4765 3739 4767 
8402 3892 3893 3894 
8403 5274 5270 5280 
8404 7164 4874 7165 
8405 4318 4317 4319 
8406 6977 6982 6983 
8407 2291 2290 2292 
8408 5317 5318 5321 
8409 2238 2237 2239 
8410 3155 3153 3615 
8411 3267 3266 3268 
8412 3351 3350 3359 
8413 4261 4259 7268 
8414 6145 6144 6146 
8415 6962 6961 6963 
8416 760 761 762 
8417 1403 1402 1404 
8418 1441 1440 1442 
8419 1618 1608 5979 
8420 6343 1914 7504 
8421 4205 2003 6039 
8422 3556 3554 4625 
8423 5499 5500 5501 
8424 1926 1927 1936 
8425 2518 2859 7364 
8426 2790 3119 6311 
8427 2832 3085 3086 
8428 4003 5789 5790 
8429 4137 5418 5419 
8430 6139 6138 6140 
8431 1512 1510 1653 
8432 2794 3103 7830 
8433 3382 3381 3383 
8434 6285 6284 6298 
8435 1173 1172 1174 
8436 4152 2249 7452 
8437 5558 5556 5559 
8438 6759 6758 6760 
8439 2746 1853 6313 
8440 2412 2413 2414 
8441 2478 2480 2854 
8442 6946 6944 6947 
8443 740 741 742 
8444 2534 2535 2536 
8445 4451 2695 7629 
8446 3546 3667 6888 
8447 4516 4449 4518 
8448 5796 5794 6380 
8449 6567 6565 6571 
8450 6639 6641 6642 
8451 704 706 1390 
8452 1119 1121 7522 
8453 1530 1528 6840 
8454 2997 2998 2999 
8455 3293 3294 3295 
8456 4304 4303 4305 
8457 770 771 772 
8458 6691 6689 6692 
8459 780 781 782 
8460 1445 1444 1446 
8461 2032 1992 2036 
8462 7059 7058 7060 
8463 2690 2691 3128 
8464 4653 3607 4654 
8465 4226 4227 4228 
8466 4294 6593 7273 
8467 1332 7005 7385 
8468 3360 3359 3361 
8469 3368 3367 3369 
8470 3826 4027 7342 
8471 453 570 7015 
8472 454 455 7011 
8473 1167 1169 7299 
8474 1244 1248 7298 
8475 1715 1713 7463 
8476 4621 4622 4624 
8477 5385 5384 5386 
8478 6133 6132 6134 
8479 752 753 754 
8480 758 759 760 
8481 4788 971 5037 
8482 1111 1112 1113 
8483 580 381 7431 
8484 943 942 944 
8485 1067 1069 1225 
8486 1115 1116 1117 
8487 3053 3054 3055 
8488 4082 4083 4084 
8489 6616 6617 6618 
8490 2871 6683 7539 
8491 6970 6971 6972 
8492 1516 1514 2651 
8493 1582 1580 1660 
8494 3344 3343 3346 
8495 3362 3361 3363 
8496 3492 3493 3494 
8497 6121 6120 6122 
8498 4700 4112 5360 
8499 1228 1005 7289 
8500 1475 1474 1476 
8501 2676 1665 3240 
8502 2201 2200 2202 
8503 3299 3300 3301 
8504 6109 6108 6110 
8505 2081 2082 2083 
8506 4835 4836 4837 
8507 7015 7013 7016 
8508 1171 1170 1172 
8509 4139 7142 7143 
8510 4224 4226 4417 
8511 4312 4311 4313 
8512 6206 6207 6208 
8513 6952 6953 6954 
8514 2442 2976 7938 
8515 1105 1106 1107 
8516 1229 7132 7133 
8517 2406 2407 2408 
8518 3053 7597 7598 
8519 3073 3074 3075 
8520 4320 4319 4321 
8521 5283 5284 5285 
8522 796 797 798 
8523 2190 2191 2192 
8524 6404 6406 6407 
8525 732 733 734 
8526 857 856 858 
8527 969 970 971 
8528 2002 1984 7500 
8529 6826 2631 7625 
8530 2866 4602 7704 
8531 3188 3187 3189 
8532 3366 3365 3367 
8533 7129 7130 7131 
8534 3010 3601 5588 
8535 3347 3346 3348 
8536 3944 3945 3983 
8537 5684 5686 5689 
8538 8175 7124 8818 
8539 112 113 5771 
8540 1203 1220 7107 
8541 1607 1617 7704 
8542 1896 1869 6283 
8543 2224 2226 2228 
8544 2538 2539 2540 
8545 2594 3095 3717 
8546 3585 5505 6328 
8547 4003 3786 5789 
8548 3958 3829 7121 
8549 4306 4305 4307 
8550 6127 6126 6128 
8551 6163 6162 6164 
8552 6830 6829 6832 
8553 1451 1450 1452 
8554 2860 2035 7859 
8555 4300 4299 4301 
8556 965 964 966 
8557 2141 2142 2143 
8558 3886 3887 3888 
8559 4294 4293 4295 
8560 2627 2628 2629 
8561 6776 3325 7612 
8562 3958 7121 7122 
8563 5205 5207 5210 
8564 6290 6291 6292 
8565 6630 6631 6632 
8566 1387 7475 7995 
8567 1897 5621 7115 
8568 4188 2388 7775 
8569 2532 2534 7824 
8570 3764 3766 3946 
8571 1099 1100 1101 
8572 3419 3418 3420 
8573 4370 4371 4372 
8574 885 884 886 
8575 1097 1098 1099 
8576 1457 1456 1458 
8577 2518 2519 2520 
8578 7065 7064 7066 
8579 7077 7076 7078 
8580 7253 7269 7270 
8581 2013 2015 2030 
8582 2057 2059 2879 
8583 3488 3679 7146 
8584 4292 4293 4294 
8585 877 876 878 
8586 966 964 967 
8587 2294 2607 5929 
8588 3521 3519 4610 
8589 5623 3730 7583 
8590 4074 4075 4076 
8591 5757 6987 6988 
8592 3307 3308 3309 
8593 3370 3369 3381 
8594 4761 3437 4762 
8595 3496 3497 3498 
8596 1654 1520 7350 
8597 1924 1925 1926 
8598 3906 3907 3908 
8599 4210 4209 4211 
8600 693 695 2683 
8601 1602 1600 2720 
8602 2508 2509 2510 
8603 2526 2527 2528 
8604 1133 1134 1135 
8605 1233 1235 1243 
8606 1796 1798 7371 
8607 2219 2221 3233 
8608 2315 2314 2316 
8609 2520 2521 2522 
8610 3384 3383 3385 
8611 3507 3505 4139 
8612 3566 3563 4798 
8613 4084 4191 4192 
8614 5320 5324 5325 
8615 4294 4295 4296 
8616 173 174 526 
8617 1459 1458 1460 
8618 2739 2737 7109 
8619 4252 4254 4413 
8620 4314 4313 4315 
8621 4869 4870 7163 
8622 6313 6314 6319 
8623 2376 2379 2383 
8624 4334 4335 4336 
8625 6683 6688 7539 
8626 859 858 860 
8627 2171 2169 2172 
8628 2655 2831 2832 
8629 5542 4163 5543 
8630 1123 1124 1125 
8631 1453 1452 1454 
8632 2530 2531 2532 
8633 4200 7984 8020 
8634 4316 4315 4317 
8635 4517 4516 7722 
8636 6832 6829 6833 
8637 798 800 1291 
8638 4342 4343 4344 
8639 6235 6236 6237 
8640 1089 1090 1091 
8641 1113 1114 1115 
8642 1287 1271 1319 
8643 1447 1446 1448 
8644 1568 1566 1670 
8645 3938 3939 3940 
8646 5824 5823 5825 
8647 4102 967 5030 
8648 1091 1092 1093 
8649 3183 3181 3990 
8650 5571 5572 5573 
8651 1177 1178 1179 
8652 1926 1925 1927 
8653 2625 3078 3230 
8654 4008 3796 6083 
8655 3910 3911 3912 
8656 6492 6493 6494 
8657 6960 6961 6962 
8658 1666 1665 2676 
8659 1884 1883 1885 
8660 2516 2517 2518 
8661 3942 3943 3944 
8662 1013 1015 7337 
8663 2187 2185 2362 
8664 3087 3088 3631 
8665 4486 4485 4487 
8666 2259 2258 2260 
8667 2664 7719 7720 
8668 3342 3341 3343 
8669 1921 1923 1924 
8670 3940 3941 3942 
8671 4378 4379 4380 
8672 6618 6620 6621 
8673 3241 3243 3245 
8674 3926 3927 3928 
8675 5392 5393 5396 
8676 7115 5622 7500 
8677 6569 6568 6570 
8678 2568 2569 2570 
8679 5678 3946 5940 
8680 6516 6514 6517 
8681 1230 7265 7719 
8682 2111 2112 2113 
8683 2265 2267 7834 
8684 3325 4755 7612 
8685 3707 3708 4727 
8686 5252 5254 5255 
8687 1101 1102 1103 
8688 2201 2203 6678 
8689 3090 3124 3707 
8690 3688 5402 5629 
8691 4005 4006 4637 
8692 897 896 898 
8693 1117 1118 1119 
8694 2307 2306 2308 
8695 3164 3163 3165 
8696 4230 4232 4407 
8697 5373 7411 7412 
8698 1449 1448 1450 
8699 1820 1821 1822 
8700 2180 2178 2184 
8701 2181 2183 2733 
8702 2313 2312 2314 
8703 4252 4253 4254 
8704 1014 1290 7415 
8705 1107 1108 1109 
8706 1477 1476 1478 
8707 1500 1498 6923 
8708 1822 1823 1824 
8709 2269 2268 2270 
8710 3412 3411 3413 
8711 3777 3775 5793 
8712 4352 4353 4354 
8713 5390 5391 5392 
8714 6614 6615 6616 
8715 1467 1466 1468 
8716 2886 2398 2951 
8717 2522 2523 2524 
8718 2542 2543 2544 
8719 2544 2545 2546 
8720 3722 2895 4449 
8721 4727 4728 6904 
8722 1141 1142 1143 
8723 2510 2511 2512 
8724 2946 4011 4012 
8725 3900 3901 3902 
8726 6423 6422 6424 
8727 7053 7052 7054 
8728 984 982 985 
8729 2083 2084 2085 
8730 2301 2300 2302 
8731 909 908 910 
8732 3148 3149 3150 
8733 3305 3304 3306 
8734 1972 1971 7343 
8735 3200 3199 3201 
8736 3498 3497 3499 
8737 3749 4732 4782 
8738 3912 3913 3914 
8739 1472 1647 6559 
8740 1572 2669 6824 
8741 3391 3390 3392 
8742 3786 3787 3788 
8743 1732 1731 1733 
8744 2251 2250 2252 
8745 3389 3388 3390 
8746 3850 3852 4035 
8747 3876 3877 3878 
8748 4260 4261 4262 
8749 4364 4365 4366 
8750 6151 6150 6152 
8751 730 731 732 
8752 3408 3407 3409 
8753 5991 5993 5994 
8754 7023 7022 7024 
8755 3086 3630 4206 
8756 4116 4665 4666 
8757 6651 6652 6653 
8758 778 779 780 
8759 1181 1183 7234 
8760 3019 3020 3021 
8761 3896 3897 3898 
8762 6350 6347 7699 
8763 6427 6424 6428 
8764 2666 1045 7386 
8765 1137 1138 1139 
8766 1147 1148 1149 
8767 2657 2689 2690 
8768 2999 3000 3001 
8769 3377 3379 7188 
8770 3918 3919 3920 
8771 4042 4044 4045 
8772 879 878 880 
8773 1344 1332 7385 
8774 2303 2302 2304 
8775 3025 3024 3026 
8776 3252 3250 3254 
8777 5383 5384 5385 
8778 764 765 766 
8779 889 890 891 
8780 1669 1546 7435 
8781 1956 1888 6928 
8782 2257 2355 7254 
8783 2546 2547 2548 
8784 2799 5069 5110 
8785 2801 2802 3624 
8786 800 801 802 
8787 1143 1144 1145 
8788 1209 1211 2646 
8789 2536 2537 2538 
8790 3379 3713 3749 
8791 4354 4355 4356 
8792 921 920 922 
8793 1125 1126 1127 
8794 2253 2252 2254 
8795 2514 2515 2516 
8796 3484 3483 3485 
8797 3890 3891 3892 
8798 2165 2164 2166 
8799 2855 2486 6393 
8800 2504 2505 2506 
8801 3739 2906 7178 
8802 4712 3255 4737 
8803 4298 4297 4299 
8804 4366 4367 4368 
8805 28 29 535 
8806 762 763 764 
8807 1095 1096 1097 
8808 1103 1104 1105 
8809 1744 1743 1745 
8810 2281 2280 2282 
8811 3874 3875 3876 
8812 3898 3899 3900 
8813 1139 1140 1141 
8814 2484 2486 2855 
8815 2613 2614 2615 
8816 7161 2854 7162 
8817 6157 6156 6158 
8818 2653 2654 2655 
8819 4458 3326 6326 
8820 3386 3385 3388 
8821 3888 3889 3890 
8822 6868 6866 6869 
8823 1750 1749 1751 
8824 2234 2231 2235 
8825 2502 2503 2504 
8826 2906 2670 4452 
8827 3393 3392 3394 
8828 5278 5273 5279 
8829 945 946 947 
8830 1720 1719 1721 
8831 2334 2266 8035 
8832 3884 3885 3886 
8833 5567 5568 5569 
8834 1083 1084 1085 
8835 2031 3092 3093 
8836 4244 4415 6844 
8837 5811 5808 5813 
8838 6625 6627 6628 
8839 3154 3155 3156 
8840 3496 3495 3497 
8841 3902 3903 3904 
8842 4338 4339 4340 
8843 976 974 977 
8844 1742 1741 1743 
8845 3033 3032 3034 
8846 3136 3137 3138 
8847 3805 3803 5583 
8848 5764 5041 8027 
8849 997 998 999 
8850 1461 1460 1462 
8851 1738 1737 1739 
8852 2552 2553 2554 
8853 2910 5296 5297 
8854 4346 4347 4348 
8855 3727 6880 6881 
8856 6292 6293 6294 
8857 6348 6350 6351 
8858 4348 4349 4350 
8859 1327 1326 1345 
8860 1722 1721 1723 
8861 1734 1733 1735 
8862 1776 1775 1777 
8863 2434 2436 2978 
8864 3776 3948 7675 
8865 6336 6334 6337 
8866 1121 1122 1123 
8867 1718 1717 1719 
8868 1754 1753 1755 
8869 3480 3479 3481 
8870 4278 4279 4280 
8871 1135 1136 1137 
8872 1320 1319 1326 
8873 1469 1468 1470 
8874 1543 1542 1544 
8875 2566 2567 2568 
8876 7167 2650 7168 
8877 3232 3234 3235 
8878 3397 3396 3398 
8879 3738 7154 7844 
8880 3936 3937 3938 
8881 4206 4207 4786 
8882 5638 5637 5639 
8883 1109 1110 1111 
8884 1724 1723 1725 
8885 1740 1739 1741 
8886 1880 1957 6932 
8887 7519 1898 7521 
8888 2203 2205 2368 
8889 2781 2721 7692 
8890 3904 3905 3906 
8891 3930 3931 3932 
8892 3928 3929 3930 
8893 4374 4375 4376 
8894 1726 1725 1727 
8895 2420 2422 2858 
8896 3241 3242 3243 
8897 3794 3795 3796 
8898 656 7251 7431 
8899 1728 1727 1729 
8900 2548 2549 2550 
8901 4244 4245 4246 
8902 646 397 7315 
8903 1455 1454 1456 
8904 1471 1470 1472 
8905 1766 1765 1767 
8906 3247 4087 6573 
8907 3421 3420 3422 
8908 3916 3917 3918 
8909 4368 4369 4370 
8910 5810 5811 5812 
8911 5990 5991 5992 
8912 861 860 862 
8913 1131 1132 1133 
8914 1465 1464 1466 
8915 2524 2525 2526 
8916 2702 2701 2703 
8917 3198 3197 3199 
8918 3932 3933 3934 
8919 4265 4263 7462 
8920 4362 4363 4364 
8921 4688 4684 4849 
8922 991 992 7297 
8923 1730 1729 1731 
8924 1784 1783 1785 
8925 2210 2209 2642 
8926 2245 2244 2246 
8927 2247 2246 2248 
8928 2540 2541 2542 
8929 3395 3394 3396 
8930 6621 6622 6623 
8931 6976 6975 6977 
8932 2952 2951 3645 
8933 3534 3535 3536 
8934 4050 3753 4051 
8935 1824 1823 1825 
8936 2323 2322 2324 
8937 3541 3540 3542 
8938 387 586 5674 
8939 1704 1701 7310 
8940 2265 2264 2266 
8941 5534 5264 6457 
8942 1616 1593 7468 
8943 1973 1974 4740 
8944 2183 2185 2186 
8945 2966 2508 6912 
8946 3198 3199 3200 
8947 3293 3295 7841 
8948 4277 4586 7434 
8949 6175 6173 6177 
8950 1127 1128 1129 
8951 1473 1472 1474 
8952 1768 1767 1769 
8953 3684 5198 7492 
8954 4290 4292 4401 
8955 7253 7270 7625 
8956 1463 1462 1464 
8957 2734 2670 2906 
8958 3182 3181 3183 
8959 4380 4381 4382 
8960 4782 4732 5111 
8961 981 983 2657 
8962 1712 1711 1713 
8963 1885 1883 3730 
8964 3245 3246 3247 
8965 6632 6634 6635 
8966 6637 6638 6639 
8967 4462 1247 6825 
8968 1479 1478 1480 
8969 1746 1745 1747 
8970 3379 3749 4775 
8971 6103 6102 6104 
8972 903 902 904 
8973 917 916 918 
8974 1663 1618 1664 
8975 1889 1898 7519 
8976 3488 3489 3490 
8977 4063 3724 4064 
8978 4356 4357 4358 
8979 7047 7046 7048 
8980 979 977 2649 
8981 1528 1526 1655 
8982 2383 2379 2384 
8983 4983 4982 4988 
8984 674 675 676 
8985 724 725 726 
8986 1960 7398 7422 
8987 2558 2560 7539 
8988 3414 3413 3415 
8989 3827 3998 7121 
8990 4290 4291 4292 
8991 3115 4093 7518 
8992 3532 3534 7357 
8993 5638 5639 5640 
8994 7029 7028 7030 
8995 827 814 6804 
8996 855 852 856 
8997 1129 1130 1131 
8998 2228 2229 2230 
8999 3706 4182 7402 
9000 3872 3873 3874 
9001 4322 4321 4323 
9002 5794 5795 5797 
9003 1764 1763 1765 
9004 3410 3409 3411 
9005 7402 4182 7403 
9006 4227 4225 7158 
9007 1594 1592 2650 
9008 1772 1771 1773 
9009 4685 4687 4848 
9010 264 265 635 
9011 1145 1146 1147 
9012 1762 1761 1763 
9013 4270 4271 4272 
9014 5929 5607 5930 
9015 5935 5934 5936 
9016 1664 1618 1665 
9017 1748 1747 1749 
9018 1778 1777 1779 
9019 2027 2028 2653 
9020 3621 3121 4055 
9021 4693 4868 4869 
9022 1855 1853 2746 
9023 2500 2501 2502 
9024 2550 2551 2552 
9025 4344 4345 4346 
9026 5381 5382 5383 
9027 6301 6304 6305 
9028 4002 712 4807 
9029 1346 1345 1353 
9030 1819 1817 2755 
9031 3428 3427 3429 
9032 4246 4245 4247 
9033 6095 6092 6096 
9034 275 558 6331 
9035 843 841 3357 
9036 865 864 866 
9037 905 904 906 
9038 1015 1017 2672 
9039 1782 1781 1783 
9040 4483 5212 7670 
9041 5275 5273 5278 
9042 873 872 874 
9043 1518 7349 7350 
9044 1557 1559 7458 
9045 3241 3240 3242 
9046 2131 2132 2133 
9047 3321 3320 3371 
9048 3880 3881 3882 
9049 3934 3935 3936 
9050 4360 4361 4362 
9051 7358 5992 7359 
9052 6115 6114 6116 
9053 1934 1935 1968 
9054 3492 3491 3493 
9055 4350 4351 4352 
9056 6644 6645 6646 
9057 172 173 5515 
9058 792 793 794 
9059 875 874 876 
9060 2139 2140 2141 
9061 2155 2156 2157 
9062 2528 2529 2530 
9063 3108 2604 7741 
9064 6642 6643 6644 
9065 6992 6991 6993 
9066 6998 6997 6999 
9067 1035 1037 2664 
9068 1483 1482 1484 
9069 2564 2565 2566 
9070 3804 3803 3805 
9071 1481 1480 1482 
9072 2544 2546 7503 
9073 3399 3398 3405 
9074 1714 1713 1715 
9075 1756 1755 1757 
9076 2434 2435 2436 
9077 3237 3238 4185 
9078 3792 3791 3793 
9079 3924 3925 3926 
9080 4216 4215 4217 
9081 4382 4383 4384 
9082 6369 6371 6372 
9083 1716 1715 1717 
9084 1736 1735 1737 
9085 6314 1894 6315 
9086 2406 2408 3077 
9087 3374 3375 3376 
9088 3882 3883 3884 
9089 6309 6308 6310 
9090 1059 1061 1229 
9091 1119 1120 1121 
9092 1243 3377 4454 
9093 3406 3405 3407 
9094 1937 1876 6771 
9095 2366 2398 2885 
9096 2554 2555 2556 
9097 3291 3293 4175 
9098 3534 3536 5990 
9099 3908 3909 3910 
9100 5456 5457 5458 
9101 1576 1574 1671 
9102 1834 1833 1835 
9103 2201 2202 2203 
9104 2618 2617 2619 
9105 4097 3612 4581 
9106 4706 5025 5043 
9107 1244 1238 1245 
9108 3168 4184 7380 
9109 3870 3871 3872 
9110 4254 4255 4256 
9111 4358 4359 4360 
9112 6880 6883 7638 
9113 1018 1016 7513 
9114 3562 3563 3564 
9115 3798 3800 4010 
9116 4434 4227 7158 
9117 6977 6978 6982 
9118 971 970 972 
9119 985 982 7429 
9120 3265 3266 3267 
9121 3416 3415 3418 
9122 3749 3713 4732 
9123 3998 7291 7292 
9124 1149 1150 1151 
9125 1661 1586 7344 
9126 2682 1542 7108 
9127 3894 3895 3896 
9128 3914 3915 3916 
9129 1317 855 7759 
9130 1063 1065 2667 
9131 2562 2563 2564 
9132 3528 3530 7414 
9133 3958 7122 7123 
9134 972 970 973 
9135 1556 1554 7192 
9136 1833 1831 7212 
9137 2275 2274 2276 
9138 3794 3796 4008 
9139 1550 1548 6903 
9140 1828 1829 1830 
9141 4376 4377 4378 
9142 6065 6064 6066 
9143 1839 7219 7220 
9144 3514 3513 3515 
9145 6208 6207 6210 
9146 264 635 7333 
9147 377 378 518 
9148 1077 1078 1079 
9149 1248 1245 1249 
9150 2253 2254 2255 
9151 6870 6873 7233 
9152 1287 3323 6368 
9153 1752 1751 1753 
9154 1780 1779 1781 
9155 1812 1814 1942 
9156 1828 1827 1829 
9157 2257 2256 2258 
9158 3778 3779 3780 
9159 3878 3879 3880 
9160 3922 3923 3924 
9161 1522 1520 1654 
9162 1774 1773 1775 
9163 3126 3125 3619 
9164 4220 4222 4408 
9165 6594 6595 6597 
9166 1280 1167 7299 
9167 1485 1484 1486 
9168 1876 1877 1878 
9169 2097 2098 2099 
9170 1758 1757 1759 
9171 1826 1827 1828 
9172 2640 2253 5999 
9173 2261 2260 2262 
9174 3031 3032 3033 
9175 3506 3505 3507 
9176 4220 4221 4222 
9177 6488 6491 6492 
9178 881 880 882 
9179 1548 1546 1669 
9180 2406 3077 6714 
9181 3099 2906 3739 
9182 5430 3997 5713 
9183 4107 4647 4813 
9184 5567 5566 5568 
9185 1230 1041 7260 
9186 1183 1201 3322 
9187 1534 1532 1656 
9188 1588 1586 1661 
9189 1833 7212 7558 
9190 3840 3842 7614 
9191 4210 4212 4213 
9192 5956 5957 5959 
9193 1252 1249 1253 
9194 1660 5976 7528 
9195 7247 1830 7544 
9196 3011 3012 3013 
9197 4161 3415 6249 
9198 3474 3473 3475 
9199 3522 3523 3524 
9200 3585 5504 5505 
9201 768 769 770 
9202 2750 2749 2833 
9203 3947 3772 5981 
9204 1838 1837 1839 
9205 1811 1809 2757 
9206 2425 2899 7484 
9207 3379 4775 7188 
9208 3510 3509 3511 
9209 7405 3957 7406 
9210 4755 4103 4800 
9211 1706 1705 1707 
9212 6401 6396 6402 
9213 1544 1542 2682 
9214 2238 2239 2241 
9215 3149 3147 3613 
9216 3526 3527 3528 
9217 6866 6865 6867 
9218 1560 1558 1659 
9219 1760 1759 1761 
9220 3741 3739 4765 
9221 3776 3775 3777 
9222 4800 4103 5483 
9223 5818 5817 5819 
9224 2410 2412 3076 
9225 2506 2507 2508 
9226 2512 2513 2514 
9227 3825 3823 7291 
9228 4236 4237 4238 
9229 754 755 756 
9230 1710 1709 1711 
9231 5890 2598 5891 
9232 3772 3773 3774 
9233 1043 1045 2666 
9234 2670 1392 7385 
9235 6237 6241 6242 
9236 6347 6343 7504 
9237 981 982 983 
9238 1003 1005 1228 
9239 1871 1869 1896 
9240 2416 2417 2418 
9241 3502 3503 3504 
9242 4372 4373 4374 
9243 392 393 7476 
9244 1237 1221 1238 
9245 1832 1831 1833 
9246 2439 2437 7601 
9247 3482 3483 3484 
9248 3504 3505 3506 
9249 4268 4270 4412 
9250 6974 6973 6975 
9251 1581 1580 1582 
9252 3261 3262 3263 
9253 7159 7910 7935 
9254 2436 2437 2438 
9255 2657 983 2689 
9256 1334 1350 1367 
9257 1561 1560 1562 
9258 1980 2627 7137 
9259 3247 3246 4085 
9260 3426 3425 3427 
9261 4310 4309 4311 
9262 5377 5376 5378 
9263 3093 3092 3094 
9264 4484 4485 4486 
9265 1153 1154 1155 
9266 1207 1209 6931 
9267 1549 1548 1550 
9268 3094 3231 3232 
9269 3186 3185 3187 
9270 3498 3499 3500 
9271 3524 3526 3582 
9272 3488 3487 3489 
9273 992 994 995 
9274 1364 1353 1368 
9275 1554 1552 1658 
9276 1770 1769 1771 
9277 7265 7264 7266 
9278 1001 1002 1003 
9279 1177 1176 1178 
9280 1386 1398 2027 
9281 1911 1835 7558 
9282 2008 2009 2010 
9283 2558 2559 2560 
9284 3634 3106 3742 
9285 3271 3272 3273 
9286 7103 4279 7434 
9287 4466 4465 4735 
9288 983 982 984 
9289 1005 1006 1007 
9290 1674 1668 1989 
9291 2037 2038 2586 
9292 2115 2116 2117 
9293 2414 2416 2984 
9294 3557 3558 3559 
9295 3868 3869 3870 
9296 1224 6568 6569 
9297 2658 1824 7243 
9298 1874 1873 1875 
9299 3423 3422 3425 
9300 3866 3867 3868 
9301 4288 4289 4290 
9302 2003 2005 6039 
9303 2443 2441 6435 
9304 2532 2533 2534 
9305 5901 3582 7471 
9306 2026 1392 2670 
9307 1572 1570 2669 
9308 1806 1808 1962 
9309 1826 1825 1827 
9310 2426 2425 2427 
9311 1837 1835 1911 
9312 3920 3921 3922 
9313 1079 1080 1081 
9314 1815 1813 1890 
9315 1824 1825 1826 
9316 1942 6865 6866 
9317 3309 3310 3311 
9318 3430 3429 3438 
9319 3500 3499 3501 
9320 4767 3739 7178 
9321 1203 1206 1220 
9322 1593 1595 7468 
9323 3223 3380 4162 
9324 3129 2839 3130 
9325 1023 1024 1025 
9326 2847 2644 7535 
9327 1708 1707 1709 
9328 960 958 1277 
9329 3500 3501 3502 
9330 6423 6427 7679 
9331 1220 1206 1221 
9332 1529 1528 1530 
9333 2137 2138 2139 
9334 4072 4073 4074 
9335 4142 5102 5103 
9336 2649 977 6927 
9337 1009 1010 1011 
9338 1786 1787 1788 
9339 3552 3551 3554 
9340 6653 6655 6656 
9341 1016 7415 7513 
9342 1664 1665 1666 
9343 1860 1861 1862 
9344 2993 2994 2995 
9345 4175 3293 7841 
9346 3518 3517 3519 
9347 2230 2229 2231 
9348 4117 2626 5329 
9349 4240 4241 4242 
9350 5955 5958 7632 
9351 913 912 914 
9352 2556 2557 2558 
9353 3619 3125 4053 
9354 1840 1839 1841 
9355 1842 1843 1844 
9356 1846 1939 7238 
9357 978 977 979 
9358 1019 1021 1227 
9359 1598 1596 1662 
9360 3182 4559 7749 
9361 1225 1069 7233 
9362 1535 1534 1536 
9363 1838 1839 1840 
9364 2466 2974 7316 
9365 4578 4255 7436 
9366 1882 1881 1883 
9367 2087 2088 2089 
9368 2690 3128 3239 
9369 975 976 5703 
9370 7320 1292 7321 
9371 3150 3149 3151 
9372 3202 3201 3203 
9373 4248 4250 4414 
9374 1619 1573 7147 
9375 2560 2561 2562 
9376 3100 8061 8069 
9377 4568 5020 5021 
9378 1267 2896 4576 
9379 1539 1538 1540 
9380 1880 1879 1881 
9381 3079 2626 4117 
9382 3551 3549 4623 
9383 3770 3771 3772 
9384 6875 6872 6876 
9385 968 967 4102 
9386 2041 2043 2877 
9387 2855 6393 6394 
9388 5562 2981 7194 
9389 3202 3225 4123 
9390 3459 3457 6895 
9391 4539 6773 8090 
9392 2444 2445 2446 
9393 2594 2876 3095 
9394 3087 3631 4193 
9395 3504 3503 3505 
9396 3508 3507 3509 
9397 3580 6449 6450 
9398 3033 3034 3035 
9399 3502 3501 3503 
9400 4678 4422 4832 
9401 6715 6717 6718 
9402 2768 1036 7255 
9403 1556 7192 7271 
9404 1878 1877 1879 
9405 1973 1972 1974 
9406 2143 2144 2145 
9407 2157 2158 2159 
9408 3985 7097 7099 
9409 6087 6088 6089 
9410 1823 1821 1895 
9411 6715 6716 6717 
9412 1157 1158 1159 
9413 1889 1897 1898 
9414 2432 2431 2433 
9415 6024 4645 6025 
9416 382 656 7431 
9417 972 973 974 
9418 1421 1422 1423 
9419 1984 7115 7500 
9420 2750 2833 3125 
9421 3735 4005 4598 
9422 6974 6975 6976 
9423 966 967 968 
9424 1029 1030 1031 
9425 1151 1152 1153 
9426 1367 1350 1370 
9427 1830 1829 1831 
9428 3820 3819 3821 
9429 4192 4721 4722 
9430 7261 7262 7263 
9431 812 7664 7665 
9432 911 910 912 
9433 1211 1233 7228 
9434 2440 2439 2441 
9435 6586 4151 6587 
9436 4510 4514 4768 
9437 676 677 678 
9438 2661 2662 2663 
9439 4257 4578 7480 
9440 4869 4868 4870 
9441 656 7250 7251 
9442 1836 1835 1837 
9443 1898 1920 1921 
9444 4228 4229 4230 
9445 5793 5794 5796 
9446 2162 2161 2163 
9447 4717 4002 4806 
9448 4260 4259 4261 
9449 5086 4801 5087 
9450 1384 1370 1385 
9451 1487 1486 1488 
9452 7236 1941 7237 
9453 1661 7344 7345 
9454 3622 3254 3623 
9455 4232 4233 4234 
9456 6394 6393 6397 
9457 901 900 902 
9458 997 999 1294 
9459 1336 1337 1351 
9460 1860 1859 1861 
9461 7754 2418 7894 
9462 4070 4071 4072 
9463 4266 4267 4268 
9464 6473 6474 6475 
9465 1537 1536 1538 
9466 3788 3789 3790 
9467 7441 486 7442 
9468 901 902 903 
9469 1881 1879 1892 
9470 3024 3022 3600 
9471 3027 3026 3028 
9472 3053 3052 3054 
9473 3293 3292 3294 
9474 4801 4104 7105 
9475 2991 3567 7151 
9476 3506 3507 3508 
9477 3843 4007 7836 
9478 404 515 7353 
9479 975 974 976 
9480 1996 2660 2661 
9481 3298 3296 7969 
9482 3441 3440 3442 
9483 1043 1044 1045 
9484 1045 1046 1047 
9485 1549 1550 1551 
9486 1826 1828 1961 
9487 1847 1845 2752 
9488 2309 2310 2311 
9489 3517 3515 4609 
9490 3524 3582 5899 
9491 3947 5981 5982 
9492 6958 6957 6959 
9493 988 986 989 
9494 1015 1016 1017 
9495 1858 1859 1860 
9496 2340 5942 5943 
9497 2789 2388 4188 
9498 2319 2318 2320 
9499 4020 7425 7449 
9500 6113 6114 6115 
9501 2234 2235 2236 
9502 3478 3477 3479 
9503 7198 507 7199 
9504 1839 1837 7219 
9505 1854 1853 1855 
9506 1971 1969 1977 
9507 4068 4069 4070 
9508 7071 7070 7072 
9509 3721 712 4002 
9510 976 977 978 
9511 5944 2597 5945 
9512 3055 3056 3057 
9513 6968 6969 6970 
9514 2093 2094 2095 
9515 2186 2188 2189 
9516 1567 1566 1568 
9517 6287 6286 6288 
9518 2165 2166 2167 
9519 2496 2497 2498 
9520 3013 3014 3015 
9521 4137 3148 5417 
9522 3433 3696 4160 
9523 373 374 579 
9524 969 971 4788 
9525 1573 1572 1574 
9526 2309 2308 2310 
9527 2474 2476 3107 
9528 784 786 5784 
9529 8447 1232 8915 
9530 2151 2152 2153 
9531 2236 2235 2237 
9532 6211 6210 6212 
9533 7237 7381 7479 
9534 7246 7247 7248 
9535 802 803 804 
9536 2075 2076 2077 
9537 2105 2104 2106 
9538 2297 2296 2298 
9539 3190 3189 3191 
9540 5745 5744 5746 
9541 6635 6636 6637 
9542 6972 6971 6973 
9543 1840 1841 1842 
9544 1929 1928 1930 
9545 2862 2036 3327 
9546 2277 2276 2278 
9547 3800 3801 3802 
9548 4835 4090 4836 
9549 5325 5324 5326 
9550 969 968 970 
9551 1001 1000 1002 
9552 2418 2417 2419 
9553 3243 3244 7797 
9554 3497 3495 4607 
9555 935 934 936 
9556 2215 2217 2360 
9557 1003 1004 1005 
9558 1541 1542 1543 
9559 1557 1556 1558 
9560 1702 1701 1703 
9561 2372 2374 7895 
9562 3644 3327 3732 
9563 4978 4979 4980 
9564 1921 1924 7521 
9565 1929 1930 1931 
9566 3239 4107 4739 
9567 3501 3499 4140 
9568 3959 7633 7634 
9569 4266 4265 4267 
9570 2604 2602 2644 
9571 3151 3149 7673 
9572 3547 3545 4615 
9573 1591 1590 1592 
9574 2419 2417 2897 
9575 2833 2834 3087 
9576 3134 2962 3135 
9577 3534 3533 3535 
9578 4301 4528 7365 
9579 6523 6521 6524 
9580 1553 1552 1554 
9581 1595 1594 1596 
9582 1818 1820 1941 
9583 2736 2014 2737 
9584 2263 2262 2264 
9585 1021 1022 1023 
9586 3592 2643 4444 
9587 3512 3511 3513 
9588 6528 6530 6531 
9589 782 783 784 
9590 1252 1253 7548 
9591 1866 1865 1867 
9592 2287 2286 2288 
9593 1563 1564 1565 
9594 6361 6360 6363 
9595 402 403 7352 
9596 891 890 892 
9597 1573 1574 1575 
9598 1831 1829 1909 
9599 1836 1837 1838 
9600 3305 3307 4156 
9601 637 128 7400 
9602 375 376 644 
9603 931 930 932 
9604 1220 7106 7107 
9605 1541 1540 1542 
9606 1980 1981 1985 
9607 2397 2365 3400 
9608 3494 3495 3496 
9609 3781 3779 3988 
9610 5827 5826 5828 
9611 6206 6208 6209 
9612 7051 7052 7053 
9613 380 381 580 
9614 1047 1226 7386 
9615 1850 2685 7309 
9616 3063 3064 3065 
9617 3778 3777 3779 
9618 6832 6833 6834 
9619 988 989 990 
9620 8962 1080 8965 
9621 1109 1111 7758 
9622 1419 1420 1421 
9623 3156 3155 3157 
9624 3484 3485 3486 
9625 6846 6845 6847 
9626 6966 6967 6968 
9627 2442 2441 2443 
9628 4767 7419 7420 
9629 7001 7000 7002 
9630 1539 1540 1541 
9631 2125 2124 2126 
9632 3194 3195 3196 
9633 3379 3378 3713 
9634 6355 4167 6356 
9635 4289 4538 7328 
9636 1830 1831 1832 
9637 1846 1845 1847 
9638 2026 2670 2734 
9639 3259 3260 3261 
9640 3666 3552 7125 
9641 3812 3811 3813 
9642 4753 7242 7808 
9643 1537 1538 1539 
9644 1976 1979 1980 
9645 4197 3706 7402 
9646 1035 1036 1037 
9647 2420 2421 2422 
9648 3439 3438 3440 
9649 3726 3725 5097 
9650 7002 7000 7004 
9651 382 383 656 
9652 939 938 940 
9653 1545 1544 1546 
9654 3958 7123 7347 
9655 4229 4434 7751 
9656 1011 1013 1232 
9657 1529 1530 1531 
9658 1792 1794 7227 
9659 1876 1875 1877 
9660 2327 2326 2328 
9661 2441 2439 2918 
9662 2444 2443 2445 
9663 5196 5195 5197 
9664 368 369 651 
9665 370 371 507 
9666 927 926 928 
9667 929 928 930 
9668 1571 1570 1572 
9669 1601 1600 1602 
9670 3520 3519 3521 
9671 3564 3566 7809 
9672 4177 5492 7794 
9673 7208 7207 7210 
9674 362 363 519 
9675 364 365 640 
9676 1007 1008 1009 
9677 1577 1576 1578 
9678 2744 2767 2938 
9679 3546 3545 3547 
9680 6359 4169 6576 
9681 6069 6066 6070 
9682 6161 6162 6163 
9683 2133 2134 2135 
9684 3447 3446 3448 
9685 1017 1018 1019 
9686 2761 2762 2935 
9687 3007 3008 3009 
9688 3322 7107 7896 
9689 3673 5906 7702 
9690 4296 4295 4297 
9691 391 517 7362 
9692 404 405 515 
9693 1328 1329 1336 
9694 1872 1873 1874 
9695 3287 3288 3289 
9696 6305 6304 6306 
9697 1843 1841 1893 
9698 2702 2703 2932 
9699 7123 7122 7124 
9700 387 388 586 
9701 3296 5692 7969 
9702 4145 5832 5833 
9703 4238 4239 4240 
9704 1842 1841 1843 
9705 2734 2906 3099 
9706 3121 2790 6311 
9707 3469 3468 3471 
9708 3528 3529 3530 
9709 4020 3814 7423 
9710 5441 5444 8096 
9711 1533 1534 1535 
9712 1844 1845 1846 
9713 2195 2192 5231 
9714 3127 4104 4734 
9715 3995 3811 7207 
9716 980 979 3680 
9717 1921 1922 1923 
9718 2422 2423 2424 
9719 2576 2944 7384 
9720 2987 2989 3738 
9721 3443 3442 3446 
9722 5808 5807 5809 
9723 644 376 7283 
9724 919 918 920 
9725 1870 1869 1871 
9726 2448 2450 2849 
9727 4178 3369 6802 
9728 3372 3373 3374 
9729 3809 3807 3994 
9730 3808 3809 3810 
9731 1960 7397 7398 
9732 2003 2004 2005 
9733 2285 2284 2286 
9734 995 994 996 
9735 1155 1156 1157 
9736 1540 1538 1657 
9737 1586 1584 7344 
9738 1645 6550 6551 
9739 3065 3066 3067 
9740 2813 2132 6807 
9741 2297 2298 2299 
9742 2836 7909 8376 
9743 3640 3083 5718 
9744 3947 5982 6906 
9745 5169 5170 5171 
9746 749 1338 7651 
9747 1013 1012 1014 
9748 1535 1536 1537 
9749 1877 1875 2908 
9750 2750 3125 3126 
9751 3227 3228 3229 
9752 4210 4211 4212 
9753 141 142 648 
9754 1931 1932 1933 
9755 2428 2429 2430 
9756 2434 2433 2435 
9757 3340 3337 3341 
9758 6717 6716 6719 
9759 1179 1180 1181 
9760 1489 1488 1490 
9761 1575 1574 1576 
9762 2117 2116 2118 
9763 3239 3128 4106 
9764 1027 1028 1029 
9765 3476 3475 3477 
9766 4657 4029 4659 
9767 2420 2419 2421 
9768 3536 3537 3538 
9769 4749 4197 5094 
9770 5413 619 5414 
9771 4093 4823 4824 
9772 995 996 997 
9773 1401 1402 1403 
9774 1822 1824 2658 
9775 2091 2090 2092 
9776 3041 3040 3042 
9777 4870 4871 4872 
9778 6149 6150 6151 
9779 391 392 517 
9780 396 397 646 
9781 398 399 510 
9782 1864 1865 1866 
9783 2426 2427 2428 
9784 887 886 888 
9785 937 936 938 
9786 984 985 986 
9787 997 996 998 
9788 1159 1160 1161 
9789 7269 1334 7502 
9790 1555 1554 1556 
9791 4252 4251 4253 
9792 4276 4278 5955 
9793 6370 6480 7450 
9794 26 27 636 
9795 774 775 776 
9796 1069 1070 1071 
9797 4619 4204 4620 
9798 5006 4699 5019 
9799 176 572 7139 
9800 999 1000 1001 
9801 1037 1038 1039 
9802 1351 1352 1371 
9803 1898 1897 1920 
9804 1921 1920 1922 
9805 3099 3739 3741 
9806 3957 3815 7770 
9807 1384 1385 1995 
9808 2139 2138 2140 
9809 3823 3821 3996 
9810 988 990 991 
9811 1025 1027 1293 
9812 1531 1530 1532 
9813 1547 1546 1548 
9814 1563 1562 1564 
9815 1834 1835 1836 
9816 2454 2456 2850 
9817 3482 3481 3483 
9818 3823 3996 7291 
9819 7122 7121 7313 
9820 1802 1804 2675 
9821 3520 3522 3673 
9822 3741 4765 4766 
9823 3827 3825 3998 
9824 4214 4215 4216 
9825 5836 5838 5840 
9826 1647 6558 6559 
9827 4240 4242 4416 
9828 2289 2288 2290 
9829 6764 6765 6766 
9830 7092 1893 8134 
9831 2466 2468 2974 
9832 2882 5553 5554 
9833 3071 3070 3072 
9834 869 868 870 
9835 1851 1849 1894 
9836 2037 2035 2038 
9837 6061 6064 6065 
9838 1051 7319 7418 
9839 3059 3060 3061 
9840 3083 3084 3632 
9841 5991 3669 5993 
9842 125 126 588 
9843 127 128 637 
9844 3077 2408 7880 
9845 3498 3500 8475 
9846 137 138 647 
9847 2446 2447 2448 
9848 3126 3619 3620 
9849 7836 4007 7837 
9850 4218 4217 4219 
9851 4284 4286 4402 
9852 4621 4620 4622 
9853 4777 4776 7892 
9854 889 888 890 
9855 1862 1861 1863 
9856 3513 3511 4605 
9857 4224 4225 4226 
9858 139 140 551 
9859 933 932 934 
9860 1005 1004 1006 
9861 3168 3169 3170 
9862 3516 3515 3517 
9863 5967 4632 5968 
9864 4975 4977 4978 
9865 5826 5825 7274 
9866 894 892 7203 
9867 1423 1422 7259 
9868 1850 1849 1851 
9869 3629 2829 8104 
9870 3648 2848 4708 
9871 6143 6144 6145 
9872 1417 1418 1419 
9873 1564 1562 2659 
9874 1698 1697 1699 
9875 1880 1881 1882 
9876 3546 3548 3667 
9877 3780 3782 4001 
9878 3790 3789 3791 
9879 4222 4221 4223 
9880 925 924 926 
9881 1007 1009 2678 
9882 1031 1033 1231 
9883 1405 1406 1407 
9884 1559 1558 1560 
9885 1854 1856 1959 
9886 2424 2423 2425 
9887 2438 2439 2440 
9888 4139 3505 7141 
9889 6211 6213 6214 
9890 654 390 7362 
9891 3377 3378 3379 
9892 3449 3448 3450 
9893 4263 4509 7462 
9894 6131 6132 6133 
9895 798 799 800 
9896 2243 2244 2245 
9897 3784 3786 4003 
9898 3817 3815 3957 
9899 1533 1532 1534 
9900 1859 1857 1913 
9901 3455 3452 7175 
9902 3480 3481 3482 
9903 3864 3865 3866 
9904 931 932 933 
9905 1013 1014 1015 
9906 3493 3491 4608 
9907 3813 3811 3995 
9908 3831 3829 3958 
9909 6977 6975 6978 
9910 716 715 717 
9911 1179 1178 1180 
9912 1832 1833 1834 
9913 3472 3471 3473 
9914 6395 6399 7217 
9915 393 394 7367 
9916 1019 1020 1021 
9917 1047 1049 1226 
9918 1167 1168 1169 
9919 1565 1564 1566 
9920 1852 1851 1853 
9921 6290 6289 6291 
9922 1585 1586 1587 
9923 2897 2417 7372 
9924 2500 6483 6497 
9925 6295 7976 8091 
9926 7033 7034 7035 
9927 1017 1016 1018 
9928 2584 2583 2585 
9929 2603 2602 2604 
9930 3580 3557 6449 
9931 3808 3810 4017 
9932 5982 5981 5983 
9933 517 392 7476 
9934 1011 1012 1013 
9935 1039 1040 1041 
9936 1407 1408 1409 
9937 1886 1888 1956 
9938 4234 4235 4236 
9939 4242 4243 4244 
9940 4326 4325 4327 
9941 1003 1002 1004 
9942 1531 1532 1533 
9943 1603 1604 1605 
9944 4008 6084 6085 
9945 1165 1166 1167 
9946 1411 1412 1413 
9947 1579 1578 1580 
9948 1798 1800 1963 
9949 1850 1851 1852 
9950 6757 6758 6759 
9951 996 994 1196 
9952 1391 1344 1392 
9953 2698 2696 2705 
9954 992 993 994 
9955 1047 1048 1049 
9956 2127 2128 2129 
9957 4222 4223 4224 
9958 1392 1344 7385 
9959 1831 1909 7212 
9960 1927 1925 1928 
9961 5309 5308 5310 
9962 2012 2013 2014 
9963 3319 3318 3320 
9964 4628 4013 4629 
9965 6107 6108 6109 
9966 1844 1843 1845 
9967 1970 1972 1973 
9968 2145 2144 2146 
9969 2186 2189 7769 
9970 2190 2188 2191 
9971 3138 3137 3139 
9972 4256 4257 4258 
9973 2005 2006 2399 
9974 5775 5774 5776 
9975 3829 3827 7121 
9976 4599 4598 5058 
9977 6717 6719 6720 
9978 966 968 969 
9979 1367 1370 1384 
9980 6727 1988 7922 
9981 2422 2421 2423 
9982 3706 3224 4182 
9983 3535 3533 4138 
9984 3561 3558 4147 
9985 6172 3954 6173 
9986 1547 1548 1549 
9987 2440 2441 2442 
9988 2508 2510 6912 
9989 3550 3549 3551 
9990 3764 3765 3766 
9991 2135 2136 2137 
9992 4509 4261 7268 
9993 4496 4498 4499 
9994 5976 5974 8080 
9995 6198 6199 6200 
9996 6488 6485 6491 
9997 845 847 2747 
9998 923 922 924 
9999 1878 1880 6932 
10000 389 390 654 
10001 1023 1022 1024 
10002 1850 1852 2685 
10003 1854 1855 1856 
10004 2402 2401 2403 
10005 2433 2431 2915 
10006 3508 3509 3510 
10007 4681 4090 4835 
10008 6137 6138 6139 
10009 1399 1400 1401 
10010 1569 1568 1570 
10011 2933 4519 7610 
10012 3109 3326 3999 
10013 3486 3487 3488 
10014 4242 4241 4243 
10015 7424 7423 7426 
10016 401 402 584 
10017 2149 2150 2151 
10018 3184 3183 3185 
10019 4238 4240 7229 
10020 4676 4857 4859 
10021 6119 6120 6121 
10022 6830 6832 6835 
10023 7323 7321 7324 
10024 1031 1032 1033 
10025 1846 1847 1848 
10026 3512 3513 3514 
10027 3600 5365 5366 
10028 883 882 884 
10029 1491 1490 1492 
10030 1527 1526 1528 
10031 1589 1588 1590 
10032 1794 1796 2609 
10033 2470 2472 2769 
10034 3490 3491 3492 
10035 3562 3561 3563 
10036 5320 5323 5324 
10037 1583 1582 1584 
10038 1585 1584 1586 
10039 1960 1842 7396 
10040 1846 1848 1939 
10041 1866 1867 1868 
10042 2187 2362 2748 
10043 4284 4285 4286 
10044 4619 4620 4621 
10045 263 264 7333 
10046 1037 1036 1038 
10047 1427 1428 1429 
10048 1605 1606 1607 
10049 2081 2080 2082 
10050 3543 3542 3545 
10051 3814 3816 7423 
10052 394 395 583 
10053 991 990 992 
10054 1169 1168 1170 
10055 1854 1959 7545 
10056 2408 2409 2410 
10057 2430 2429 2431 
10058 2693 2599 3224 
10059 3208 3209 3210 
10060 3666 7125 7126 
10061 1009 1008 1010 
10062 1606 1604 1672 
10063 3728 4208 4742 
10064 4264 4265 4266 
10065 4278 4277 4279 
10066 6070 6072 6073 
10067 999 998 1000 
10068 1425 1426 1427 
10069 1643 6542 6543 
10070 1694 1693 1695 
10071 3959 3835 7633 
10072 7478 4462 7608 
10073 1021 1020 1022 
10074 1551 1552 1553 
10075 1934 1933 1935 
10076 2325 2324 2326 
10077 3243 3242 3244 
10078 7087 634 7088 
10079 1039 1041 1230 
10080 2025 2599 2693 
10081 3055 3054 3056 
10082 3150 3151 3152 
10083 3304 3302 4201 
10084 4230 4231 4232 
10085 1015 1014 1016 
10086 1409 1410 1411 
10087 1527 1528 1529 
10088 1555 1556 1557 
10089 1560 1659 7375 
10090 1898 1921 7521 
10091 3245 3247 6573 
10092 3559 3561 3562 
10093 6125 6126 6127 
10094 384 385 509 
10095 2892 2002 7500 
10096 3291 3292 3293 
10097 3999 3326 4000 
10098 1041 1042 1043 
10099 1882 1883 1884 
10100 5835 2088 7563 
10101 2410 2411 2412 
10102 3814 3813 3815 
10103 158 159 500 
10104 984 986 987 
10105 1415 1416 1417 
10106 4556 4555 4563 
10107 143 144 499 
10108 1229 1061 7128 
10109 1403 1404 1405 
10110 3786 3785 3787 
10111 4224 4223 4225 
10112 1827 1825 2753 
10113 1905 7519 7520 
10114 4020 7423 7424 
10115 7320 7321 7323 
10116 1029 1028 1030 
10117 1523 1522 1524 
10118 1591 1593 1616 
10119 2989 2988 2990 
10120 6579 4172 6580 
10121 6173 6174 6176 
10122 6889 6890 6891 
10123 119 120 587 
10124 1027 1026 1028 
10125 6780 1278 7522 
10126 2846 2847 3133 
10127 3604 3402 3605 
10128 4066 4067 4068 
10129 4114 4115 4116 
10130 6452 6450 6453 
10131 907 908 909 
10132 1031 1030 1032 
10133 1203 1202 1204 
10134 4780 8190 8204 
10135 7000 6999 7003 
10136 2866 3578 4105 
10137 2987 2988 2989 
10138 3301 3303 4163 
10139 3304 4201 5698 
10140 4541 4524 7370 
10141 909 910 911 
10142 1161 1162 1163 
10143 1247 1250 1251 
10144 1574 1572 6824 
10145 366 367 550 
10146 1033 1034 1035 
10147 1551 1550 1552 
10148 1928 1925 6708 
10149 3039 3040 3041 
10150 3244 4209 4210 
10151 3529 3527 4136 
10152 3822 3821 3823 
10153 1025 1024 1026 
10154 1045 1044 1046 
10155 3826 3828 4027 
10156 4236 4235 4237 
10157 4324 4323 4325 
10158 1378 1389 1399 
10159 3824 3823 3825 
10160 929 930 931 
10161 1019 1018 1020 
10162 1962 6814 6815 
10163 2317 2316 2318 
10164 4330 4329 4331 
10165 6347 7504 7699 
10166 7276 7278 7279 
10167 981 980 982 
10168 1041 1040 1042 
10169 1163 1164 1165 
10170 2001 2003 4205 
10171 3505 3503 7141 
10172 5094 4197 7402 
10173 4277 4275 4586 
10174 3352 1239 7594 
10175 3345 3435 3437 
10176 3528 3527 3529 
10177 6155 6156 6157 
10178 972 974 975 
10179 1707 1705 7454 
10180 2151 2150 2152 
10181 2693 3224 3706 
10182 3025 3026 3027 
10183 3451 3450 3452 
10184 3846 3848 4034 
10185 6412 6413 6414 
10186 7039 7040 7041 
10187 937 938 939 
10188 2027 1398 2028 
10189 1856 1857 1858 
10190 2034 2037 5668 
10191 2416 2415 2417 
10192 3532 3533 3534 
10193 2000 6728 7623 
10194 2073 2072 2074 
10195 2299 2298 2300 
10196 2494 2495 2496 
10197 3610 3141 5633 
10198 3538 3537 3540 
10199 1007 1006 1008 
10200 1223 6338 6339 
10201 1391 1392 2025 
10202 4288 4287 4289 
10203 6451 6450 6452 
10204 1073 1074 1075 
10205 1607 1608 1617 
10206 1617 1608 1618 
10207 2404 2405 2406 
10208 2842 2623 2843 
10209 6199 2851 7556 
10210 4128 4129 4130 
10211 4292 4291 4293 
10212 7514 7513 7515 
10213 1201 1200 1202 
10214 1251 1258 1259 
10215 1587 1586 1588 
10216 1692 1691 1693 
10217 1858 1857 1859 
10218 2861 2036 2862 
10219 2424 2425 2426 
10220 2458 2460 2972 
10221 3826 3827 3828 
10222 7170 7169 7171 
10223 1545 1546 1547 
10224 2025 2026 2599 
10225 3127 3595 4104 
10226 4286 4287 4288 
10227 5392 5396 5397 
10228 2025 1392 2026 
10229 4228 4227 4229 
10230 4268 4269 4270 
10231 4272 4274 4411 
10232 5309 5310 5332 
10233 5518 5519 5522 
10234 804 813 814 
10235 1557 1558 1559 
10236 1599 1598 1600 
10237 3816 3815 3817 
10238 4535 4281 7103 
10239 6828 6830 6831 
10240 881 882 883 
10241 1858 7387 7685 
10242 3757 3404 3758 
10243 3510 3511 3512 
10244 4554 4553 4555 
10245 4562 4561 4582 
10246 869 870 871 
10247 987 986 988 
10248 1660 5974 5976 
10249 2003 2002 2004 
10250 2079 2080 2081 
10251 3768 3767 3769 
10252 6268 6265 6269 
10253 1002 1000 2775 
10254 1569 1570 1571 
10255 3559 3558 3561 
10256 4234 4233 4235 
10257 1525 1524 1526 
10258 2498 2499 2500 
10259 3202 3203 3225 
10260 3755 3748 4545 
10261 3804 3806 3950 
10262 2582 2581 2583 
10263 3572 2938 7267 
10264 3154 3153 3155 
10265 3798 3799 3800 
10266 4523 4522 4524 
10267 6964 6965 6966 
10268 3772 3771 3773 
10269 4089 4088 4091 
10270 4274 4273 4275 
10271 2402 2404 2873 
10272 3376 3375 3432 
10273 3453 3452 3455 
10274 3546 3547 3548 
10275 3812 3814 4020 
10276 4256 4255 4257 
10277 4282 4281 4283 
10278 7244 7243 7245 
10279 7319 7320 7322 
10280 2462 2464 2973 
10281 3047 3046 3048 
10282 5900 3582 5901 
10283 3808 3807 3809 
10284 1016 1014 7415 
10285 1800 1802 7193 
10286 3109 3999 7811 
10287 7045 7046 7047 
10288 7251 7250 7252 
10289 1413 1414 1415 
10290 1431 1432 1433 
10291 1862 1863 1864 
10292 3532 3531 3533 
10293 4734 4104 4801 
10294 5677 5678 5679 
10295 1595 1596 1597 
10296 2103 2102 2104 
10297 3296 3294 5692 
10298 3814 3815 3816 
10299 4004 5425 5426 
10300 851 850 852 
10301 2010 2011 2012 
10302 2414 2415 2416 
10303 2690 2689 2691 
10304 1658 1552 7595 
10305 2031 2015 3091 
10306 2833 2749 2834 
10307 3105 3104 3106 
10308 3810 3811 3812 
10309 4552 4551 4553 
10310 388 389 7443 
10311 2083 2082 2084 
10312 4020 7424 7425 
10313 4286 4285 4287 
10314 5753 5752 5755 
10315 1497 1496 1498 
10316 1539 2709 7257 
10317 3810 3809 3811 
10318 4807 712 7540 
10319 1033 1032 1034 
10320 1332 1330 7005 
10321 3552 3554 3555 
10322 2824 2104 5436 
10323 3620 3619 3636 
10324 3782 3783 3784 
10325 4280 4281 4282 
10326 5911 5914 6026 
10327 6185 6187 6188 
10328 825 835 839 
10329 943 944 945 
10330 6708 1923 7363 
10331 2249 2246 7452 
10332 2403 2401 4464 
10333 4085 3246 4090 
10334 3822 3824 4024 
10335 6614 6613 6615 
10336 1543 1544 1545 
10337 3631 3701 4092 
10338 4274 4275 4276 
10339 5426 5425 5429 
10340 1429 1430 1431 
10341 2240 5499 7709 
10342 2832 2831 3085 
10343 3550 3551 3552 
10344 3784 3785 3786 
10345 1014 1012 1290 
10346 1183 1182 1200 
10347 1242 1246 1247 
10348 2387 2017 2388 
10349 2198 2199 2200 
10350 3162 3161 3163 
10351 3295 3294 3296 
10352 3464 3463 3466 
10353 5276 5275 5277 
10354 2061 2060 2062 
10355 3467 3466 3468 
10356 5692 5697 7969 
10357 718 717 719 
10358 1549 1551 1621 
10359 4000 3326 4458 
10360 4525 4524 4541 
10361 742 741 743 
10362 1035 1034 1036 
10363 2663 2790 3121 
10364 3270 3268 7983 
10365 3822 3823 3824 
10366 7294 3996 7295 
10367 5111 4732 7457 
10368 6972 6973 6974 
10369 1874 1875 1876 
10370 5188 5638 7697 
10371 163 164 7330 
10372 352 5331 7753 
10373 1865 1863 1916 
10374 2438 2440 2977 
10375 3116 2796 3748 
10376 3826 3825 3827 
10377 5346 5345 5347 
10378 5824 5826 5827 
10379 6288 6289 6290 
10380 6508 6506 6509 
10381 794 795 796 
10382 1075 1076 1077 
10383 2123 2122 2124 
10384 5906 5905 5907 
10385 1071 1072 1073 
10386 1872 1871 1873 
10387 2653 2028 2654 
10388 3263 3262 3264 
10389 7284 7283 7287 
10390 957 959 2770 
10391 2578 2577 2579 
10392 3757 3759 7857 
10393 4240 4239 4241 
10394 1575 1576 1577 
10395 3999 4000 4471 
10396 1860 1862 1938 
10397 3770 3772 3947 
10398 156 157 643 
10399 2418 2419 2420 
10400 3127 2876 3595 
10401 3767 3986 7169 
10402 3790 3791 3792 
10403 4126 4127 4128 
10404 665 290 7493 
10405 651 369 7198 
10406 2924 2463 7491 
10407 2961 2962 3134 
10408 3717 3095 4505 
10409 4262 4263 4264 
10410 583 395 7404 
10411 1047 1046 1048 
10412 1599 1600 1601 
10413 1971 1977 2601 
10414 5951 5952 5953 
10415 7276 7277 7278 
10416 720 719 721 
10417 961 963 1321 
10418 1874 1937 7643 
10419 2697 3090 7629 
10420 4649 3108 7741 
10421 3516 3517 3518 
10422 4064 4065 4066 
10423 1043 1042 1044 
10424 1571 1572 1573 
10425 1589 1590 1591 
10426 2991 2992 2993 
10427 3752 3753 4050 
10428 1553 1554 1555 
10429 3542 4612 7200 
10430 4620 4204 5307 
10431 5977 5742 5978 
10432 151 152 641 
10433 154 155 549 
10434 2199 2196 7697 
10435 2319 2320 2321 
10436 3460 3459 3461 
10437 3818 3819 3820 
10438 6412 6410 6413 
10439 7171 7172 7173 
10440 116 117 503 
10441 146 147 581 
10442 161 162 585 
10443 570 7013 7015 
10444 1848 1847 1849 
10445 3279 3278 3280 
10446 3462 3461 3463 
10447 5979 1608 7412 
10448 1905 1889 7519 
10449 2363 2391 2392 
10450 4250 4249 4251 
10451 1520 1518 7350 
10452 1546 1544 7435 
10453 7519 7521 7611 
10454 390 391 7362 
10455 1048 1046 1187 
10456 1656 1532 7477 
10457 1579 1580 1581 
10458 1927 1928 1929 
10459 3356 3355 3661 
10460 132 133 589 
10461 944 1363 7927 
10462 2580 2579 2581 
10463 3774 3775 3776 
10464 1922 1920 1984 
10465 3478 3479 3480 
10466 3530 3531 3532 
10467 679 681 682 
10468 1025 1026 1027 
10469 1660 5973 5974 
10470 3557 3556 3558 
10471 5936 5934 7094 
10472 1034 1032 1186 
10473 7149 1077 7150 
10474 1243 3248 3377 
10475 1391 2025 7460 
10476 1978 1975 4743 
10477 2189 2188 2190 
10478 3172 3171 3173 
10479 3806 3805 3807 
10480 4216 4217 4218 
10481 4272 4273 4274 
10482 4536 4293 6679 
10483 7063 7064 7065 
10484 915 916 917 
10485 2576 2575 2577 
10486 3780 3779 3781 
10487 6683 6686 6688 
10488 1433 1434 1435 
10489 1878 1879 1880 
10490 2910 5295 5296 
10491 728 727 729 
10492 1664 1666 1667 
10493 1690 1689 1691 
10494 3244 4210 7781 
10495 4706 3649 5025 
10496 6084 6083 6086 
10497 6767 6769 6770 
10498 6993 6995 6996 
10499 122 123 496 
10500 129 130 497 
10501 135 136 498 
10502 3988 3779 7537 
10503 5205 5204 5206 
10504 149 150 501 
10505 164 165 502 
10506 1011 1010 1012 
10507 1567 1568 1569 
10508 4535 7103 7104 
10509 4542 4541 4543 
10510 1597 1596 1598 
10511 1874 1876 1937 
10512 1942 6866 6868 
10513 1976 1975 1978 
10514 2407 2905 7437 
10515 4080 4079 4081 
10516 1026 1024 1289 
10517 2669 1570 7470 
10518 1840 1842 1960 
10519 1929 6925 7553 
10520 2311 2310 2312 
10521 3982 6092 6095 
10522 2841 3131 3132 
10523 4781 4545 4783 
10524 1053 1055 1292 
10525 3830 3829 3831 
10526 4248 4249 4250 
10527 5569 5568 5570 
10528 6211 6212 6213 
10529 7075 7076 7077 
10530 3370 3381 3382 
10531 4742 5192 6986 
10532 1209 1210 1211 
10533 2109 2108 2110 
10534 2655 2654 2831 
10535 2861 2862 3677 
10536 3306 3304 5698 
10537 1593 1592 1594 
10538 1607 1606 1608 
10539 3796 3795 3797 
10540 4264 4266 4404 
10541 1006 1004 1184 
10542 1864 1863 1865 
10543 2432 2433 2434 
10544 3152 3153 3154 
10545 3770 3769 3771 
10546 4290 4289 4291 
10547 1181 1182 1183 
10548 1922 1984 2001 
10549 760 759 761 
10550 778 777 779 
10551 1848 1849 1850 
10552 1852 1853 1854 
10553 1868 1867 1869 
10554 3351 3359 3360 
10555 6284 6283 6286 
10556 724 723 725 
10557 1563 1565 1613 
10558 6536 1642 6537 
10559 1931 1930 1932 
10560 1955 1969 1970 
10561 2789 4188 5176 
10562 2846 3133 3681 
10563 3476 3477 3478 
10564 3562 3564 3576 
10565 4384 4385 4386 
10566 6244 6242 6245 
10567 1495 1494 1496 
10568 2601 1977 2602 
10569 6483 6487 6497 
10570 1713 1900 7463 
10571 3647 3352 5049 
10572 4145 5833 5834 
10573 1616 7468 7469 
10574 3704 2955 7823 
10575 3776 3777 3778 
10576 3802 3803 3804 
10577 4748 4197 4749 
10578 4414 5773 5774 
10579 893 894 895 
10580 1020 1018 1185 
10581 3001 3000 3002 
10582 3613 6458 7673 
10583 4214 4216 4418 
10584 4544 4543 4551 
10585 4568 4569 5020 
10586 6000 5999 6001 
10587 6701 6699 6702 
10588 1617 2866 7704 
10589 1705 1899 7454 
10590 2287 2288 2289 
10591 3186 3187 3188 
10592 4262 4261 4263 
10593 4281 4279 7103 
10594 7618 7826 7905 
10595 2131 2130 2132 
10596 3287 3286 3288 
10597 867 868 869 
10598 1372 1374 1376 
10599 5584 5585 5587 
10600 1591 1592 1593 
10601 5361 4457 7369 
10602 7027 7028 7029 
10603 7321 1292 7325 
10604 2658 7243 7244 
10605 7321 7325 7554 
10606 586 388 7443 
10607 1605 1604 1606 
10608 2263 2264 2265 
10609 2995 2997 5529 
10610 3456 3455 3457 
10611 1583 1584 1585 
10612 2415 2413 3098 
10613 3564 3563 3566 
10614 7151 3567 7152 
10615 3776 3778 3948 
10616 6609 6607 6918 
10617 7426 7423 7455 
10618 738 737 739 
10619 1039 1038 1040 
10620 1089 1088 1090 
10621 2025 2693 7460 
10622 3086 3085 3630 
10623 978 980 981 
10624 3299 3298 3300 
10625 4577 4111 4716 
10626 1211 1212 1233 
10627 1233 1234 1235 
10628 1688 1687 1689 
10629 2534 2536 7547 
10630 2585 2965 7222 
10631 3782 3781 3783 
10632 3802 3801 3803 
10633 4244 4246 4415 
10634 1010 1008 2774 
10635 1038 1036 2768 
10636 1493 1492 1494 
10637 2448 2449 2450 
10638 2973 2464 7316 
10639 2574 2573 2575 
10640 3345 4761 7456 
10641 3492 3494 3676 
10642 734 733 735 
10643 2973 7316 7317 
10644 3335 3338 3345 
10645 3433 3434 3696 
10646 7215 4206 7495 
10647 4284 4283 4285 
10648 393 7367 7476 
10649 848 846 1379 
10650 4276 4275 4277 
10651 4767 7178 7419 
10652 6019 6017 6021 
10653 7694 6916 7695 
10654 678 677 679 
10655 1856 1855 1857 
10656 1868 1869 1870 
10657 3224 2599 4533 
10658 4648 3595 4757 
10659 5451 5450 5452 
10660 2388 2017 7727 
10661 5458 5457 5459 
10662 7057 7058 7059 
10663 923 924 925 
10664 1230 7264 7265 
10665 1837 1911 7219 
10666 2031 3091 3092 
10667 883 884 885 
10668 2584 2937 7451 
10669 4229 4227 4434 
10670 4269 4267 4512 
10671 1435 1436 1437 
10672 1603 1602 1604 
10673 1686 1685 1687 
10674 3576 4111 4577 
10675 656 7249 7250 
10676 2342 5910 6037 
10677 2404 2403 2405 
10678 2436 2435 2437 
10679 2741 2743 2744 
10680 3458 3457 3459 
10681 3543 3545 3546 
10682 5307 4204 6023 
10683 6744 6741 6745 
10684 2091 2092 2093 
10685 2594 2399 2876 
10686 2408 2407 2409 
10687 2454 2455 2456 
10688 2882 5552 5553 
10689 1042 1040 1295 
10690 1328 1272 1329 
10691 1784 1785 1786 
10692 6593 6594 6596 
10693 7358 7359 7360 
10694 714 713 715 
10695 1367 1384 1994 
10696 2446 2445 2447 
10697 3133 2847 3725 
10698 4693 4867 4868 
10699 5829 5826 7274 
10700 6213 6212 6215 
10701 6435 6436 6437 
10702 1447 1448 1449 
10703 1955 1954 1969 
10704 3051 3052 3053 
10705 3354 3353 3355 
10706 4107 4106 4647 
10707 4276 4277 4278 
10708 6382 6385 6392 
10709 2902 5152 5153 
10710 2995 2996 2997 
10711 3502 3504 3577 
10712 6196 4164 6352 
10713 4328 4327 4329 
10714 5571 5573 5574 
10715 1971 2601 7343 
10716 2450 2451 2452 
10717 5871 5872 5873 
10718 1914 1771 7504 
10719 3063 3062 3064 
10720 3347 3348 3349 
10721 4742 6986 7535 
10722 1349 1344 1391 
10723 1521 1520 1522 
10724 3709 3662 4165 
10725 4033 4030 4651 
10726 584 402 7352 
10727 1181 1180 1182 
10728 2362 2185 5894 
10729 3043 3044 3045 
10730 3239 4106 4107 
10731 3536 3538 3669 
10732 1229 7128 7132 
10733 6888 3667 6889 
10734 4248 4247 4249 
10735 804 803 813 
10736 1183 1200 1201 
10737 1499 1498 1500 
10738 1559 1560 1561 
10739 2494 2496 7691 
10740 2604 2644 2846 
10741 4049 3114 4522 
10742 3794 3793 3795 
10743 4132 4131 4596 
10744 6248 4161 6249 
10745 7466 7465 7467 
10746 2430 2432 2980 
10747 2490 2491 2492 
10748 2869 6691 7879 
10749 3384 3385 3386 
10750 6428 6430 6431 
10751 7069 7070 7071 
10752 1984 1920 7115 
10753 2987 2986 2988 
10754 3344 3346 3347 
10755 3520 3521 3522 
10756 3526 3525 3527 
10757 4264 4263 4265 
10758 897 898 899 
10759 1565 1566 1567 
10760 5573 5575 5576 
10761 792 791 793 
10762 5997 4198 5998 
10763 722 721 723 
10764 1045 1047 7386 
10765 2259 2260 2261 
10766 3496 3498 3579 
10767 3830 3831 3832 
10768 4078 4077 4079 
10769 5373 4209 7411 
10770 2016 1397 2017 
10771 2866 1663 3578 
10772 3763 3761 3985 
10773 6692 6694 6695 
10774 2806 2717 2830 
10775 3095 2876 3127 
10776 4746 4642 4747 
10777 4449 2895 7548 
10778 3756 3404 3757 
10779 2885 2886 7574 
10780 3806 3807 3808 
10781 3090 3712 7629 
10782 4128 4127 4129 
10783 1439 1440 1441 
10784 1856 1858 7685 
10785 2424 2426 6197 
10786 3148 3147 3149 
10787 726 725 727 
10788 1974 1972 1975 
10789 2430 2431 2432 
10790 3109 2628 3326 
10791 3331 3333 4763 
10792 3780 3781 3782 
10793 1519 1518 1520 
10794 1555 1557 1612 
10795 2005 2004 2006 
10796 3832 3833 3834 
10797 4270 4269 4271 
10798 4730 4731 5099 
10799 1363 6028 6029 
10800 3382 3383 3384 
10801 3536 3535 3537 
10802 3820 3821 3822 
10803 879 880 881 
10804 1594 2650 7167 
10805 2400 2401 2402 
10806 7691 2852 7718 
10807 4538 4287 7428 
10808 3587 1317 3589 
10809 1443 1444 1445 
10810 1864 1866 2673 
10811 4268 4267 4269 
10812 2105 2106 2107 
10813 2536 2865 7547 
10814 2874 2875 3674 
10815 3600 3022 5364 
10816 3364 3365 3366 
10817 3524 3523 3525 
10818 3721 4002 4717 
10819 5345 5344 5348 
10820 1880 1882 1957 
10821 3281 3282 3283 
10822 4104 3595 4648 
10823 3644 3732 4701 
10824 4249 4247 4570 
10825 790 789 791 
10826 1091 1090 1092 
10827 1506 2647 7382 
10828 2375 2373 7820 
10829 2425 2423 2899 
10830 1543 1545 1622 
10831 2676 7196 7816 
10832 2442 2444 2976 
10833 3548 3549 3550 
10834 3798 3797 3799 
10835 3818 3817 3819 
10836 4211 4209 5373 
10837 1595 2684 7468 
10838 2429 2427 2916 
10839 3071 3072 3073 
10840 3103 3102 3104 
10841 3366 3367 3368 
10842 4213 4212 4214 
10843 4334 4333 4335 
10844 732 731 733 
10845 1360 6017 6018 
10846 2406 2405 2407 
10847 2601 2602 2603 
10848 3138 3139 3140 
10849 4291 4289 7328 
10850 1587 1589 2652 
10851 1601 1602 1603 
10852 5829 7275 7276 
10853 1587 1588 1589 
10854 3360 3361 3362 
10855 3386 3388 3389 
10856 3613 6457 6458 
10857 3812 3813 3814 
10858 4282 4283 4284 
10859 1583 1585 1615 
10860 3828 3827 3829 
10861 4870 4868 4871 
10862 839 835 5927 
10863 992 990 993 
10864 4474 2689 7788 
10865 4254 4253 4255 
10866 1203 1204 1206 
10867 1357 5738 5742 
10868 2442 2443 2444 
10869 2492 2493 2494 
10870 2570 2569 2571 
10871 3118 2830 3120 
10872 3514 3515 3516 
10873 4041 3984 4042 
10874 895 896 897 
10875 1049 1050 1051 
10876 2075 2074 2076 
10877 2412 2411 2413 
10878 2450 2449 2451 
10879 3342 3343 3344 
10880 5410 5409 5412 
10881 1087 1089 7526 
10882 1241 1239 3352 
10883 1970 1969 1971 
10884 5283 5285 5286 
10885 6218 6221 6223 
10886 6235 6233 6236 
10887 1053 1054 1055 
10888 2572 2571 2573 
10889 3377 3248 3378 
10890 4093 4824 7518 
10891 1097 1096 1098 
10892 1605 1607 1638 
10893 3013 3012 3014 
10894 3555 3557 3580 
10895 3696 3697 4126 
10896 2822 2090 5835 
10897 2173 2172 2174 
10898 2257 2258 2259 
10899 3196 3195 3197 
10900 3764 3763 3765 
10901 5618 5617 5620 
10902 2448 2447 2449 
10903 1844 1846 7238 
10904 2488 2489 2490 
10905 3247 4086 4087 
10906 3362 3363 3364 
10907 3472 3473 3474 
10908 3784 3783 3785 
10909 4362 4361 4363 
10910 7239 7240 7241 
10911 3678 3677 4101 
10912 4659 4029 4751 
10913 4630 4447 5004 
10914 1539 1541 2709 
10915 2452 2453 2454 
10916 2676 3240 3241 
10917 2953 2952 2954 
10918 3073 3072 3074 
10919 682 683 684 
10920 1595 1597 2684 
10921 3026 3024 7573 
10922 3576 3649 4111 
10923 3842 3844 4032 
10924 4348 4347 4349 
10925 5863 5864 5865 
10926 1087 1086 1088 
10927 1437 1438 1439 
10928 3069 3070 3071 
10929 3626 3624 4061 
10930 4206 3630 4207 
10931 4111 3649 4706 
10932 4074 4073 4075 
10933 4346 4345 4347 
10934 4352 4351 4353 
10935 1525 1526 1527 
10936 2457 2920 7288 
10937 3752 4050 4696 
10938 3837 3835 3959 
10939 5449 5448 5450 
10940 1593 1594 1595 
10941 2129 2128 2130 
10942 3512 3514 3670 
10943 4405 5934 5935 
10944 4434 7159 7160 
10945 1318 1331 4460 
10946 4338 4337 4339 
10947 4448 5187 5188 
10948 6628 6627 6629 
10949 2514 2513 2515 
10950 1093 1092 1094 
10951 1561 1562 1563 
10952 2410 2409 2411 
10953 2516 7364 7684 
10954 3530 3529 3531 
10955 4769 4057 4770 
10956 5460 5459 5462 
10957 6420 6422 6423 
10958 758 757 759 
10959 1567 1569 2718 
10960 3957 7770 7814 
10961 4989 5204 5205 
10962 784 783 785 
10963 2004 2002 2892 
10964 3212 3211 3215 
10965 6824 2669 8225 
10966 4635 4202 4636 
10967 396 646 7404 
10968 1619 7147 7148 
10969 2738 2737 2739 
10970 2843 3080 3081 
10971 674 673 675 
10972 877 878 879 
10973 971 972 7812 
10974 1535 1537 1614 
10975 3349 3350 3351 
10976 4226 4225 4227 
10977 4258 4260 4405 
10978 1201 1202 1203 
10979 2400 2006 2401 
10980 2157 2156 2158 
10981 3508 3510 3671 
10982 3695 5241 5243 
10983 6688 6689 6691 
10984 800 799 801 
10985 978 979 980 
10986 1279 1075 7149 
10987 3393 3394 3395 
10988 1095 1094 1096 
10989 1105 1104 1106 
10990 1990 2019 2874 
10991 2289 2290 2291 
10992 4232 4231 4233 
10993 1445 1446 1447 
10994 1503 1502 1504 
10995 1577 1578 1579 
10996 3541 3543 3668 
10997 3557 3559 6449 
10998 4258 4259 4260 
10999 6101 6102 6103 
11000 816 818 820 
11001 2093 2092 2094 
11002 2734 3099 3100 
11003 3900 3899 3901 
11004 6202 6205 6206 
11005 1441 1442 1443 
11006 2478 2479 2480 
11007 7294 7295 7296 
11008 395 396 7404 
11009 1864 2673 7394 
11010 3816 3817 3818 
11011 1099 1098 1100 
11012 2267 2268 2269 
11013 3368 3369 3370 
11014 3389 3390 3391 
11015 3474 3475 3476 
11016 3834 3833 3835 
11017 711 709 712 
11018 3803 3801 3956 
11019 4273 4271 4585 
11020 4481 4482 4626 
11021 1836 1838 2699 
11022 2989 2990 2991 
11023 3325 4103 4755 
11024 3785 3783 3989 
11025 7472 4762 7473 
11026 1243 1235 3248 
11027 1471 1472 1473 
11028 3313 3312 3314 
11029 4076 4075 4077 
11030 6377 4196 6378 
11031 1451 1452 1453 
11032 2001 2002 2003 
11033 3555 3554 3556 
11034 3862 3863 3864 
11035 1724 1725 1726 
11036 3408 3409 3410 
11037 3951 3820 7552 
11038 1507 1506 1508 
11039 2162 4198 5997 
11040 2301 2302 2303 
11041 2428 2427 2429 
11042 4476 4477 4478 
11043 7539 6688 7752 
11044 2452 2451 2453 
11045 2959 2961 7668 
11046 389 654 7443 
11047 1932 1930 1967 
11048 2358 2370 7407 
11049 2461 2459 2922 
11050 2693 3706 3731 
11051 3614 4730 5220 
11052 6644 6643 6645 
11053 6783 6780 6784 
11054 1103 1102 1104 
11055 1265 1261 7191 
11056 3944 3943 3945 
11057 5450 5448 5463 
11058 1449 1450 1451 
11059 1599 1601 1623 
11060 2957 2956 2958 
11061 3009 3008 3010 
11062 3898 3897 3899 
11063 4702 4701 5008 
11064 383 384 7249 
11065 798 797 799 
11066 2275 2276 2277 
11067 2510 2509 2511 
11068 3170 3169 3171 
11069 3522 3521 3523 
11070 4238 4237 4239 
11071 1501 1500 1502 
11072 7112 2707 7941 
11073 3204 2829 3205 
11074 4257 4255 4578 
11075 6750 6751 6752 
11076 774 773 775 
11077 2568 2567 2569 
11078 2691 2689 4474 
11079 6635 6634 6636 
11080 1581 1582 1583 
11081 2026 2734 7486 
11082 2034 2035 2037 
11083 6583 4178 6802 
11084 2283 2284 2285 
11085 2313 2314 2315 
11086 4732 3713 4733 
11087 3788 3787 3789 
11088 4586 4275 7326 
11089 5576 5575 5577 
11090 730 729 731 
11091 1453 1454 1455 
11092 2414 2413 2415 
11093 3070 3068 3593 
11094 3830 7202 7517 
11095 4230 4229 4231 
11096 686 687 688 
11097 2457 2455 2920 
11098 4014 5119 6822 
11099 1085 1084 1086 
11100 1129 1128 1130 
11101 6334 2606 6921 
11102 1868 1870 1958 
11103 3731 4748 4750 
11104 3773 3771 7593 
11105 1030 1028 2772 
11106 1107 1106 1108 
11107 1111 1110 1112 
11108 1515 1514 1516 
11109 2055 2056 2057 
11110 2218 2216 7723 
11111 2482 2483 2484 
11112 3775 3773 3952 
11113 3818 3820 3951 
11114 4414 5774 5775 
11115 1995 1385 1996 
11116 1547 1549 7223 
11117 1732 1733 1734 
11118 2281 2282 2283 
11119 3530 3532 3581 
11120 3983 3945 3984 
11121 4340 4339 4341 
11122 6492 6491 6493 
11123 6637 6636 6638 
11124 776 775 777 
11125 1776 1777 1778 
11126 3789 3954 6172 
11127 1143 1142 1144 
11128 1778 1779 1780 
11129 2528 2527 2529 
11130 3768 3769 3770 
11131 1974 1975 1976 
11132 2051 2052 2053 
11133 4386 4419 4420 
11134 3928 3927 3929 
11135 5442 5440 5445 
11136 6345 6343 6347 
11137 1131 1130 1132 
11138 2990 2988 3603 
11139 3043 3042 3044 
11140 3279 3280 3281 
11141 3731 3706 4197 
11142 3880 3879 3881 
11143 4360 4359 4361 
11144 814 815 816 
11145 1131 1133 7682 
11146 1746 1747 1748 
11147 2411 2409 2730 
11148 2520 2519 2521 
11149 684 685 686 
11150 1722 1723 1724 
11151 2453 2451 2894 
11152 2482 7217 7340 
11153 3271 3270 3272 
11154 7278 7277 7280 
11155 794 793 795 
11156 1113 1112 1114 
11157 3589 1317 7759 
11158 1521 1522 1523 
11159 1740 1741 1742 
11160 2737 2766 7109 
11161 3689 3163 7492 
11162 1457 1458 1459 
11163 1475 1476 1477 
11164 1870 1871 1872 
11165 2135 2134 2136 
11166 3741 4766 4771 
11167 3952 3773 7593 
11168 3858 3859 3860 
11169 6300 6299 6301 
11170 1363 6027 6028 
11171 1840 1960 7422 
11172 2676 3241 7196 
11173 4295 4293 4536 
11174 5368 5365 5369 
11175 7021 7022 7023 
11176 891 892 893 
11177 1137 1136 1138 
11178 1762 1763 1764 
11179 2859 6061 7364 
11180 4280 4279 4281 
11181 4761 4762 7472 
11182 1049 1048 1050 
11183 1505 1504 1506 
11184 1935 1954 1955 
11185 3340 3341 3342 
11186 3623 3723 3724 
11187 3824 3825 3826 
11188 4768 4514 7930 
11189 1141 1140 1142 
11190 2077 2076 2078 
11191 2506 2505 2507 
11192 3748 2796 7840 
11193 3860 3861 3862 
11194 3914 3913 3915 
11195 4730 5099 5161 
11196 2466 2467 2468 
11197 2538 2537 2539 
11198 7514 7515 7516 
11199 1684 1683 1685 
11200 1992 1982 7242 
11201 2867 2544 7503 
11202 3142 3143 3144 
11203 3766 3767 3768 
11204 3922 3921 3923 
11205 768 767 769 
11206 1133 1132 1134 
11207 3691 2959 7668 
11208 3067 3066 3068 
11209 3406 3407 3408 
11210 754 753 755 
11211 1149 1148 1150 
11212 1477 1478 1479 
11213 1754 1755 1756 
11214 3545 3542 7200 
11215 4406 4238 7229 
11216 4744 4742 7535 
11217 2299 2300 2301 
11218 2315 2316 2317 
11219 2465 2463 2924 
11220 4533 2599 7486 
11221 3999 4641 7811 
11222 1253 1254 1255 
11223 1391 7460 7542 
11224 3548 3547 3549 
11225 3588 3587 6280 
11226 4691 4692 4693 
11227 766 765 767 
11228 1115 1114 1116 
11229 1123 1122 1124 
11230 1513 1512 1514 
11231 1667 1666 1668 
11232 3410 3411 3412 
11233 3884 3883 3885 
11234 3940 3939 3941 
11235 4045 4044 4046 
11236 6206 6205 6207 
11237 6642 6641 6643 
11238 1125 1124 1126 
11239 1467 1468 1469 
11240 1932 3728 7728 
11241 2744 2939 7810 
11242 786 785 787 
11243 1121 1120 1122 
11244 2601 2603 6776 
11245 4412 7101 7102 
11246 6316 6315 6317 
11247 6397 6393 6408 
11248 1127 1126 1128 
11249 1459 1460 1461 
11250 1858 1860 7387 
11251 2874 2019 2875 
11252 2603 3108 3325 
11253 3114 2781 7692 
11254 3321 3371 3372 
11255 4186 4185 4202 
11256 4350 4349 4351 
11257 5390 5389 5391 
11258 913 914 915 
11259 935 936 937 
11260 1510 1508 7334 
11261 1529 1531 1624 
11262 1726 1727 1728 
11263 2460 2461 2462 
11264 3920 3919 3921 
11265 4113 4112 4700 
11266 4211 5373 5374 
11267 4766 4765 7475 
11268 6651 6650 6652 
11269 1139 1138 1140 
11270 1976 1978 1979 
11271 2016 2017 2387 
11272 2473 2929 7474 
11273 2508 2507 2509 
11274 2516 2515 2517 
11275 2552 2551 2553 
11276 3395 3396 3397 
11277 3832 3834 3953 
11278 6237 6236 6241 
11279 1109 1108 1110 
11280 1728 1729 1730 
11281 1832 1834 1940 
11282 5084 2791 5085 
11283 3644 4701 4702 
11284 4460 7240 7714 
11285 6269 6271 6272 
11286 6423 6424 6427 
11287 750 749 751 
11288 1051 1052 1053 
11289 3890 3889 3891 
11290 4283 4281 4535 
11291 2402 2403 2404 
11292 1119 1118 1120 
11293 1993 1992 2032 
11294 2526 2525 2527 
11295 3876 3875 3877 
11296 3942 3941 3943 
11297 7531 6873 7532 
11298 709 707 7540 
11299 1075 1077 7149 
11300 1836 2699 7543 
11301 2991 2990 2992 
11302 5015 4119 7789 
11303 259 260 649 
11304 2500 2499 2501 
11305 2546 2545 2547 
11306 4354 4353 4355 
11307 7278 7280 7281 
11308 1067 1068 1069 
11309 1236 1240 1242 
11310 2222 2218 7723 
11311 3244 3242 4209 
11312 3799 3797 3992 
11313 3938 3937 3939 
11314 4344 4343 4345 
11315 4456 4503 4704 
11316 4490 4489 4491 
11317 6065 6066 6069 
11318 6646 6645 6648 
11319 796 795 797 
11320 1760 1761 1762 
11321 4143 4593 4796 
11322 6063 6059 6503 
11323 1057 1058 1059 
11324 2447 2445 2898 
11325 2542 2541 2543 
11326 2550 2549 2551 
11327 5504 3029 5507 
11328 3035 3034 3036 
11329 3896 3895 3897 
11330 4246 4247 4248 
11331 746 745 747 
11332 939 940 941 
11333 1920 1897 7115 
11334 2566 2565 2567 
11335 3771 3769 3987 
11336 3878 3877 3879 
11337 3906 3905 3907 
11338 7157 4449 7548 
11339 1736 1737 1738 
11340 2123 2124 2125 
11341 2285 2286 2287 
11342 2658 7244 7479 
11343 3391 3392 3393 
11344 3910 3909 3911 
11345 3916 3915 3917 
11346 6294 6293 6296 
11347 1517 1516 1518 
11348 2532 2531 2533 
11349 6993 6991 6995 
11350 1469 1470 1471 
11351 1774 1775 1776 
11352 2518 2517 2519 
11353 3904 3903 3905 
11354 4356 4355 4357 
11355 5207 5206 5208 
11356 1081 1080 1082 
11357 1117 1116 1118 
11358 1377 1364 7114 
11359 2061 2062 2063 
11360 2101 2100 2102 
11361 3924 3923 3925 
11362 3934 3933 3935 
11363 4253 4251 4572 
11364 1465 1466 1467 
11365 2599 2026 7486 
11366 2619 2621 2622 
11367 3021 3020 3022 
11368 3737 4567 4568 
11369 3800 3799 3801 
11370 3912 3911 3913 
11371 1511 1510 1512 
11372 1772 1773 1774 
11373 4258 4257 4259 
11374 1463 1464 1465 
11375 1748 1749 1750 
11376 2530 2529 2531 
11377 3399 3405 3406 
11378 3482 3484 3575 
11379 3892 3891 3893 
11380 4332 4331 4333 
11381 7220 7219 7226 
11382 1455 1456 1457 
11383 1742 1743 1744 
11384 2251 2252 2253 
11385 2524 2523 2525 
11386 7130 2667 7135 
11387 3541 3542 3543 
11388 3581 7358 7361 
11389 1343 1332 1344 
11390 1461 1462 1463 
11391 4082 4081 4083 
11392 4368 4367 4369 
11393 782 781 783 
11394 1343 1344 1349 
11395 1597 1598 1599 
11396 1730 1731 1732 
11397 2512 2511 2513 
11398 4342 4341 4343 
11399 6649 6648 6650 
11400 885 886 887 
11401 1101 1100 1102 
11402 2548 2547 2549 
11403 2601 6776 7343 
11404 4030 3111 4031 
11405 3767 3765 3986 
11406 4118 4703 5026 
11407 4364 4363 4365 
11408 5809 5807 5821 
11409 6623 6622 6624 
11410 1523 1524 1525 
11411 1720 1721 1722 
11412 1758 1759 1760 
11413 2540 2539 2541 
11414 788 787 789 
11415 941 942 943 
11416 1319 1271 7581 
11417 1481 1482 1483 
11418 2317 2318 2319 
11419 2931 2475 7474 
11420 4263 4261 4509 
11421 6630 6629 6631 
11422 770 769 771 
11423 1147 1146 1148 
11424 1479 1480 1481 
11425 1738 1739 1740 
11426 4656 5002 5003 
11427 7495 4786 8214 
11428 2456 2457 2458 
11429 2534 2533 2535 
11430 676 675 677 
11431 899 900 901 
11432 2462 2463 2464 
11433 2480 2481 2482 
11434 3280 3278 4100 
11435 3918 3917 3919 
11436 4730 4668 4731 
11437 752 751 753 
11438 1712 1713 1714 
11439 1780 1781 1782 
11440 2936 2762 2985 
11441 4358 4357 4359 
11442 865 866 867 
11443 1065 1066 1067 
11444 1083 1082 1084 
11445 1766 1767 1768 
11446 2382 2372 7895 
11447 2558 2557 2559 
11448 3926 3925 3927 
11449 6494 6493 6496 
11450 1207 1208 1209 
11451 2702 2933 7610 
11452 3122 3720 4530 
11453 3930 3929 3931 
11454 1714 1715 1716 
11455 1716 1717 1718 
11456 3936 3935 3937 
11457 6069 6070 7796 
11458 6348 6347 6350 
11459 873 874 875 
11460 1145 1144 1146 
11461 1483 1484 1485 
11462 1577 1579 1620 
11463 1703 1705 1706 
11464 1896 6284 6285 
11465 2109 2110 2111 
11466 3190 3191 3192 
11467 5518 5517 5519 
11468 7347 7123 7348 
11469 2464 2465 2466 
11470 4235 4233 4436 
11471 4301 4299 4528 
11472 4417 5654 5655 
11473 7319 1292 7320 
11474 1530 6840 7477 
11475 4223 4221 4472 
11476 7196 6573 7618 
11477 690 692 693 
11478 3412 3413 3414 
11479 3932 3931 3933 
11480 1135 1134 1136 
11481 1718 1719 1720 
11482 2399 2006 2400 
11483 23 24 530 
11484 1151 1150 1152 
11485 1255 1256 1257 
11486 1734 1735 1736 
11487 2255 2256 2257 
11488 2456 2455 2457 
11489 3011 3583 7705 
11490 3023 3024 3025 
11491 3178 3180 4534 
11492 3790 3792 3949 
11493 3870 3869 3871 
11494 3908 3907 3909 
11495 4732 4733 7457 
11496 6268 6269 7565 
11497 372 373 8671 
11498 2758 1304 3353 
11499 2387 2388 2789 
11500 2536 2535 2537 
11501 2933 3702 3703 
11502 3416 3418 3419 
11503 3426 3427 3428 
11504 3882 3881 3883 
11505 4068 4067 4069 
11506 6621 6620 6622 
11507 261 262 529 
11508 2687 820 2701 
11509 2504 2503 2505 
11510 2544 2543 2545 
11511 3414 3415 3416 
11512 3315 3314 3316 
11513 3319 3320 3321 
11514 3872 3871 3873 
11515 2113 2112 2114 
11516 2305 2306 2307 
11517 2995 2994 2996 
11518 2646 1211 7228 
11519 1386 1397 1398 
11520 2665 5614 7218 
11521 3283 3282 3284 
11522 3902 3901 3903 
11523 4241 4239 4439 
11524 1770 1771 1772 
11525 2063 2064 2065 
11526 4434 7158 7159 
11527 6653 6652 6655 
11528 736 735 737 
11529 1750 1751 1752 
11530 1802 2675 7193 
11531 2097 2096 2098 
11532 2252 2250 7329 
11533 2458 2457 2459 
11534 2554 2553 2555 
11535 3820 3822 7552 
11536 2241 2243 7690 
11537 6263 6265 6268 
11538 1710 1711 1712 
11539 3728 1967 4208 
11540 1981 1982 1983 
11541 2486 2487 2488 
11542 2502 2501 2503 
11543 2522 2521 2523 
11544 3112 3111 4030 
11545 3774 3773 3775 
11546 3832 3831 3833 
11547 4336 4335 4337 
11548 1055 1056 1057 
11549 2311 2312 2313 
11550 3439 3440 3441 
11551 4272 4271 4273 
11552 6639 6638 6641 
11553 2167 2166 2588 
11554 4762 3437 4789 
11555 3894 3893 3895 
11556 4724 5061 8085 
11557 4832 4833 4834 
11558 1756 1757 1758 
11559 3017 3016 3018 
11560 3631 3088 3701 
11561 3789 3787 3954 
11562 6616 6615 6617 
11563 2464 2466 7316 
11564 3423 3425 3426 
11565 5312 5309 5332 
11566 875 876 877 
11567 1366 1381 1386 
11568 1473 1474 1475 
11569 1744 1745 1746 
11570 1981 1983 7564 
11571 2016 2387 2797 
11572 2107 2106 2108 
11573 2474 2475 2476 
11574 3731 4197 4748 
11575 1343 1349 1366 
11576 2275 2732 7482 
11577 2277 2278 2279 
11578 3762 3764 5676 
11579 4366 4365 4367 
11580 2133 2132 2134 
11581 2468 2469 2470 
11582 2734 3100 7486 
11583 3874 3873 3875 
11584 4374 4373 4375 
11585 3005 3004 3006 
11586 3705 4166 4438 
11587 4442 4645 6024 
11588 1079 1078 1080 
11589 2307 2308 2309 
11590 2438 2437 2439 
11591 2454 2453 2455 
11592 3469 3471 3472 
11593 6288 6286 6289 
11594 6656 6655 6657 
11595 1519 1520 1521 
11596 1752 1753 1754 
11597 1963 1800 7193 
11598 2562 2561 2563 
11599 2639 2712 2713 
11600 4713 4495 5719 
11601 4693 4692 4867 
11602 2034 2033 2035 
11603 6990 2769 6997 
11604 4867 4692 4877 
11605 6632 6631 6634 
11606 2603 2604 3108 
11607 2840 7272 7789 
11608 3184 3185 3186 
11609 5642 5643 5644 
11610 6618 6617 6620 
11611 8170 7104 8350 
11612 1708 1709 1710 
11613 4072 4071 4073 
11614 1673 1675 2018 
11615 2560 2559 2561 
11616 2564 2563 2565 
11617 2693 3731 7460 
11618 3791 3789 6172 
11619 3888 3887 3889 
11620 1051 1053 7319 
11621 1782 1783 1784 
11622 3886 3885 3887 
11623 4171 4720 5072 
11624 8541 6191 8543 
11625 6688 6691 7752 
11626 2032 2036 2861 
11627 3069 3068 3070 
11628 4211 5374 7757 
11629 764 763 765 
11630 1257 1263 1266 
11631 2265 2266 2267 
11632 4126 3697 4127 
11633 4372 4371 4373 
11634 8048 6791 8058 
11635 3578 1663 7845 
11636 2245 2246 2247 
11637 2556 2555 2557 
11638 3516 3518 3672 
11639 780 779 781 
11640 925 926 927 
11641 1706 1707 1708 
11642 4028 2985 4029 
11643 3620 3637 3714 
11644 6625 6624 6627 
11645 1935 1933 1954 
11646 3311 3310 3312 
11647 6889 3667 6890 
11648 4376 4375 4377 
11649 1559 1561 2668 
11650 3419 3420 3421 
11651 4370 4369 4371 
11652 4441 4632 5967 
11653 1768 1769 1770 
11654 2407 2405 2905 
11655 2470 2471 2472 
11656 4494 4495 4496 
11657 744 743 745 
11658 3397 3398 3399 
11659 3762 3761 3763 
11660 4786 4207 4787 
11661 6200 6202 6203 
11662 2016 2797 7421 
11663 4287 4285 7428 
11664 1764 1765 1766 
11665 6998 7000 7001 
11666 3096 1319 7581 
11667 3196 3197 3198 
11668 3525 3523 4606 
11669 3763 3985 7648 
11670 1153 1152 1154 
11671 1932 1967 3728 
11672 1993 2033 2034 
11673 3295 3296 3297 
11674 8022 6300 8077 
11675 1509 1508 1510 
11676 1578 1576 5975 
11677 1926 2008 7578 
11678 3587 3589 4155 
11679 1515 1516 1517 
11680 3146 3147 3148 
11681 3735 4598 4599 
11682 3235 3234 3236 
11683 3486 3488 7146 
11684 2028 1398 7421 
11685 1667 1668 1673 
11686 2303 2304 2305 
11687 2437 2435 2917 
11688 3792 3793 3794 
11689 1051 1050 1052 
11690 3206 3205 3207 
11691 5554 5555 5556 
11692 748 747 749 
11693 1155 1154 1156 
11694 2241 2242 2243 
11695 3164 3165 3166 
11696 4244 4243 4245 
11697 3634 3742 3743 
11698 3795 3793 3991 
11699 1266 1270 1271 
11700 1550 6903 7595 
11701 2110 2108 2825 
11702 2460 2459 2461 
11703 2874 3674 4506 
11704 4220 4219 4221 
11705 1617 1618 1663 
11706 2476 2477 2478 
11707 903 904 905 
11708 2473 2471 2929 
11709 1206 1204 7496 
11710 1983 1992 1993 
11711 2106 2104 2824 
11712 3447 3448 3449 
11713 3538 3540 3541 
11714 6998 6999 7000 
11715 2603 3325 6776 
11716 2622 2621 2623 
11717 3744 3743 3745 
11718 772 771 773 
11719 2607 5607 5929 
11720 3178 3179 3180 
11721 644 7284 7285 
11722 1063 1064 1065 
11723 1077 1076 1078 
11724 1532 1530 7477 
11725 3371 3320 4135 
11726 4469 4573 4575 
11727 756 755 757 
11728 3985 7096 7097 
11729 4130 4131 4132 
11730 7276 7275 7277 
11731 919 920 921 
11732 2273 2274 2275 
11733 3794 4008 7631 
11734 1980 1979 1981 
11735 4378 4377 4379 
11736 1238 1221 1387 
11737 1699 1701 1702 
11738 3453 3455 3456 
11739 740 739 741 
11740 1318 4460 7581 
11741 3745 3751 3752 
11742 5790 5789 5792 
11743 3188 3189 3190 
11744 3661 3355 7973 
11745 3441 3442 3443 
11746 4734 4801 5086 
11747 1507 1508 1509 
11748 1960 7396 7397 
11749 3804 3805 3806 
11750 4084 4083 4191 
11751 2008 2010 3729 
11752 4417 5657 7849 
11753 56 57 638 
11754 1232 1013 7337 
11755 1207 6931 7496 
11756 7334 1508 7382 
11757 1571 1573 1619 
11758 2103 2104 2105 
11759 2462 2461 2463 
11760 2475 2473 7474 
11761 3672 3518 7702 
11762 3695 5240 5241 
11763 4070 4069 4071 
11764 1682 1681 1683 
11765 2061 2063 7944 
11766 519 7388 7389 
11767 1159 1158 1160 
11768 1172 1170 1286 
11769 3838 3840 3955 
11770 4289 4287 4538 
11771 1318 1270 1330 
11772 6988 6987 6989 
11773 2498 2497 2499 
11774 3289 3288 3290 
11775 2464 2463 2465 
11776 4768 7773 7905 
11777 5828 5826 5829 
11778 2934 3733 3734 
11779 3868 3867 3869 
11780 1061 1062 1063 
11781 3828 3829 3830 
11782 1386 1381 1397 
11783 7536 2023 7557 
11784 2756 3424 4469 
11785 4382 4381 4383 
11786 1167 1166 1168 
11787 2370 2369 2371 
11788 2740 2739 2741 
11789 3555 3556 3557 
11790 3556 4625 7592 
11791 4380 4379 4381 
11792 5900 5901 5902 
11793 688 689 690 
11794 1157 1156 1158 
11795 2472 2473 2474 
11796 2953 2954 2955 
11797 3305 3306 3307 
11798 3464 3466 3467 
11799 1695 1697 1698 
11800 3303 3304 3305 
11801 3759 3760 3761 
11802 4518 4449 7157 
11803 1058 1056 2765 
11804 1398 1397 2016 
11805 3822 4024 7552 
11806 3866 3865 3867 
11807 1250 1246 7688 
11808 3462 3463 3464 
11809 3430 3438 3439 
11810 3834 3835 3836 
11811 2560 2871 7539 
11812 2955 2956 2957 
11813 3192 3193 3194 
11814 3731 4750 7460 
11815 2789 5176 5177 
11816 921 922 923 
11817 1544 2682 7435 
11818 2484 2485 2486 
11819 3582 3526 7471 
11820 6223 6224 6226 
11821 3034 3032 3653 
11822 4087 4086 4088 
11823 1398 2016 7421 
11824 1517 1518 1519 
11825 1519 1521 2704 
11826 933 934 935 
11827 3291 3290 3292 
11828 2092 2090 2822 
11829 3518 3519 3520 
11830 2474 2473 2475 
11831 2846 2644 2847 
11832 2961 3222 7668 
11833 2976 5808 5810 
11834 4189 4091 4537 
11835 3170 3171 3172 
11836 3451 3452 3453 
11837 5595 5594 5596 
11838 7325 1057 7446 
11839 1366 1349 1381 
11840 1515 1517 1609 
11841 3134 3135 3136 
11842 5829 7274 7275 
11843 2271 2272 2273 
11844 2469 2467 2926 
11845 5899 3582 5900 
11846 6065 6069 7684 
11847 1509 1510 1511 
11848 2496 2495 2497 
11849 5869 5870 5871 
11850 1271 1270 1318 
11851 2261 2262 2263 
11852 3456 3457 3458 
11853 887 888 889 
11854 1485 1486 1487 
11855 835 836 837 
11856 2059 2060 2061 
11857 824 822 1394 
11858 1165 1164 1166 
11859 3421 3422 3423 
11860 3766 3765 3767 
11861 821 823 4764 
11862 2959 2960 2961 
11863 1059 1060 1061 
11864 1970 1971 1972 
11865 3488 3490 3679 
11866 4305 4303 4589 
11867 3458 3459 3460 
11868 4017 3810 7449 
11869 1489 1490 1491 
11870 1523 1525 1627 
11871 3550 3552 3666 
11872 656 383 7249 
11873 1266 1263 1270 
11874 3345 3338 3435 
11875 1513 1514 1515 
11876 3057 3056 3058 
11877 3309 3308 3310 
11878 7674 6303 7962 
11879 63 64 504 
11880 1331 1330 1332 
11881 4103 3108 4649 
11882 4064 3724 4065 
11883 1680 1679 1681 
11884 2389 2390 2793 
11885 2458 2459 2460 
11886 2993 2992 2994 
11887 7179 7445 7850 
11888 2017 1397 7655 
11889 2057 2058 2059 
11890 2848 2585 7222 
11891 6593 6596 7273 
11892 2168 7305 7373 
11893 3428 3429 3430 
11894 3755 4545 4781 
11895 6200 6203 6204 
11896 5449 5450 5451 
11897 1163 1162 1164 
11898 945 947 1307 
11899 1075 1074 1076 
11900 1596 1594 7167 
11901 2071 2070 2072 
11902 4655 3607 7999 
11903 5678 5940 5941 
11904 6227 6229 6230 
11905 1306 8970 8975 
11906 7293 3996 7294 
11907 1378 1399 7481 
11908 1983 1982 1992 
11909 2023 7536 7677 
11910 2358 2330 2369 
11911 5323 5319 5328 
11912 863 864 865 
11913 1673 1668 1674 
11914 1071 1070 1072 
11915 3759 3761 3762 
11916 4008 6083 6084 
11917 7793 7518 7887 
11918 1204 1207 7496 
11919 1257 1256 1263 
11920 2831 2654 3089 
11921 1255 1254 1256 
11922 3180 3179 3181 
11923 1253 1249 1254 
11924 3950 3806 7530 
11925 4417 5655 5657 
11926 934 2726 7911 
11927 1161 1160 1162 
11928 1396 1383 1677 
11929 4642 4101 4799 
11930 1487 1488 1489 
11931 4466 4735 5121 
11932 2020 1991 2021 
11933 1072 1070 1197 
11934 4602 4105 5034 
11935 3059 3058 3060 
11936 762 761 763 
11937 2385 2381 2386 
11938 1365 1378 7481 
11939 7641 2892 7803 
11940 3166 3167 3168 
11941 5693 5694 5695 
11942 1786 1788 2681 
11943 2494 2493 2495 
11944 6722 6723 6724 
11945 1073 1072 1074 
11946 2137 2136 2138 
11947 2295 2296 2297 
11948 2936 2986 2987 
11949 61 62 655 
11950 3403 3756 4547 
11951 3995 7207 7208 
11952 3174 3175 3176 
11953 5086 5087 5088 
11954 1349 1391 7542 
11955 2111 2110 2112 
11956 2477 2475 2931 
11957 3443 3446 3447 
11958 6517 6514 6518 
11959 842 841 843 
11960 3864 3863 3865 
11961 2642 3324 4463 
11962 3065 3064 3066 
11963 1331 1332 1343 
11964 519 363 7388 
11965 682 681 683 
11966 6865 1816 7225 
11967 2393 2394 2838 
11968 3061 3060 3062 
11969 6437 6438 6439 
11970 693 694 695 
11971 975 5704 7812 
11972 2748 2362 2749 
11973 684 683 685 
11974 927 928 929 
11975 2895 1252 7548 
11976 4208 1967 4741 
11977 3133 3725 3726 
11978 1318 1330 1331 
11979 5984 3597 5985 
11980 3460 3461 3462 
11981 4192 4191 4721 
11982 4429 8564 8570 
11983 5318 5319 5320 
11984 854 852 855 
11985 6839 4147 7592 
11986 4201 3302 7483 
11987 3762 3763 3764 
11988 2012 2014 2736 
11989 3449 3450 3451 
11990 4033 4651 4652 
11991 4494 4496 4497 
11992 707 705 7764 
11993 3235 3236 3237 
11994 3995 7208 7209 
11995 4283 4535 7490 
11996 2279 2280 2281 
11997 3035 3694 5724 
11998 3168 3170 4184 
11999 1053 1052 1054 
12000 2168 2170 7305 
12001 3257 3132 3258 
12002 5130 5137 7408 
12003 5645 3651 7912 
12004 4704 4705 5040 
12005 6172 6173 6175 
12006 2298 2341 5932 
12007 2445 2443 7693 
12008 3836 3835 3837 
12009 1236 1242 7478 
12010 3037 3036 3038 
12011 930 1354 6915 
12012 1868 1958 7346 
12013 859 860 861 
12014 2127 2126 2128 
12015 3094 3092 3231 
12016 5050 3352 7594 
12017 3403 3404 3756 
12018 5035 3578 5036 
12019 1491 1492 1493 
12020 2065 2064 2066 
12021 3301 3300 3302 
12022 905 906 907 
12023 3281 3280 3282 
12024 4245 4243 4565 
12025 4384 4383 4385 
12026 2935 2762 2936 
12027 1424 1423 1425 
12028 2492 2491 2493 
12029 3116 3748 3755 
12030 1204 1202 1205 
12031 4648 4757 4758 
12032 6242 6241 7765 
12033 4683 4879 4911 
12034 6450 6449 6574 
12035 3112 4030 4033 
12036 7472 7473 7979 
12037 85 86 594 
12038 1261 1259 1268 
12039 2001 1984 2002 
12040 2087 2086 2088 
12041 1872 1874 7643 
12042 2038 2035 2860 
12043 2728 2163 7373 
12044 2932 2703 2934 
12045 8135 6317 8163 
12046 254 255 653 
12047 321 322 484 
12048 4690 4094 4822 
12049 97 98 597 
12050 1820 1822 7381 
12051 3003 3002 3004 
12052 94 95 494 
12053 2293 2294 2295 
12054 3254 3250 7623 
12055 3476 3478 3574 
12056 4066 4065 4067 
12057 1918 1793 7716 
12058 3007 3006 3008 
12059 3479 3477 7555 
12060 4696 4050 4697 
12061 5303 5296 5306 
12062 6857 6855 6858 
12063 76 77 491 
12064 1053 1292 7319 
12065 1612 1557 7458 
12066 2099 2098 2100 
12067 7615 3949 7616 
12068 4171 4162 4720 
12069 632 7924 8053 
12070 871 872 873 
12071 1996 2661 2909 
12072 91 92 596 
12073 100 101 495 
12074 1200 1182 3329 
12075 6402 6396 7626 
12076 911 912 913 
12077 2153 2152 2154 
12078 5364 3020 7559 
12079 3232 3231 3234 
12080 1497 1498 1499 
12081 4219 4217 4450 
12082 7390 884 7391 
12083 2024 2022 2039 
12084 3675 2875 4455 
12085 8149 2931 8341 
12086 4512 4267 7461 
12087 1062 1060 1188 
12088 2228 2230 7843 
12089 2328 2611 4540 
12090 7711 5036 7845 
12091 7504 1769 7699 
12092 2269 2270 2271 
12093 3200 3201 3202 
12094 79 80 593 
12095 1495 1496 1497 
12096 2018 1675 7805 
12097 1790 1792 1964 
12098 58 59 536 
12099 353 489 5331 
12100 1493 1494 1495 
12101 319 320 659 
12102 705 703 2771 
12103 2370 2371 2372 
12104 3678 4642 4746 
12105 4548 3699 4549 
12106 82 83 492 
12107 1107 1109 7772 
12108 73 74 595 
12109 324 325 592 
12110 1893 7220 8124 
12111 4210 4213 7781 
12112 4473 4548 4550 
12113 4591 4592 4719 
12114 6292 6291 6293 
12115 370 507 7198 
12116 814 813 815 
12117 854 1317 2706 
12118 2059 2058 2060 
12119 317 318 553 
12120 816 815 818 
12121 5756 7606 7782 
12122 88 89 493 
12123 1069 1068 1070 
12124 3113 4470 7777 
12125 325 326 7306 
12126 2141 2140 2142 
12127 3812 4020 7449 
12128 975 5703 5704 
12129 711 712 3721 
12130 2946 4012 7267 
12131 680 677 7790 
12132 802 801 803 
12133 1256 1254 3328 
12134 8505 1553 8512 
12135 3144 3145 3146 
12136 315 316 657 
12137 326 327 658 
12138 2631 7253 7625 
12139 3467 3468 3469 
12140 3160 3161 3162 
12141 3862 3861 3863 
12142 5379 5378 5380 
12143 7464 7465 7466 
12144 70 71 490 
12145 1678 1677 1679 
12146 2466 2465 2467 
12147 4612 5726 5727 
12148 1326 1319 3096 
12149 4460 1331 7534 
12150 1503 1504 1505 
12151 2486 2485 2487 
12152 3051 3050 3052 
12153 3172 3173 3174 
12154 3158 3160 7756 
12155 4028 4029 4657 
12156 3437 3435 7444 
12157 301 302 481 
12158 304 305 598 
12159 307 308 482 
12160 310 311 599 
12161 313 314 483 
12162 328 329 485 
12163 330 331 652 
12164 332 333 590 
12165 335 336 486 
12166 338 339 601 
12167 341 342 487 
12168 344 345 591 
12169 347 348 488 
12170 2089 2088 2090 
12171 2095 2094 2096 
12172 2143 2142 2144 
12173 5865 5868 5869 
12174 2736 2737 2738 
12175 6410 2853 7635 
12176 3830 3832 7202 
12177 3136 4714 7689 
12178 1334 1367 7502 
12179 3294 3292 4108 
12180 4479 4477 5108 
12181 7751 7345 8024 
12182 3237 3236 3238 
12183 6301 6299 6303 
12184 2586 2587 2761 
12185 2880 5271 5272 
12186 2431 2429 6887 
12187 3477 4604 7555 
12188 1066 1064 2975 
12189 3317 3316 3318 
12190 686 685 687 
12191 3332 1611 4468 
12192 4021 3861 7604 
12193 1204 1205 1207 
12194 3275 3274 3276 
12195 3182 3184 4559 
12196 3313 3314 3315 
12197 5451 5452 5453 
12198 5554 5556 5558 
12199 6089 6088 7498 
12200 1690 1691 1692 
12201 2996 2994 3602 
12202 334 335 7441 
12203 1501 1502 1503 
12204 2695 2697 7629 
12205 4691 4690 4692 
12206 3049 3048 3050 
12207 3378 3248 7608 
12208 2468 2467 2469 
12209 5366 5365 5368 
12210 7364 6065 7684 
12211 4770 4057 4856 
12212 7461 4265 7462 
12213 1692 1693 1694 
12214 4434 7160 7751 
12215 4214 4212 4215 
12216 1067 1066 1068 
12217 1241 3352 3647 
12218 3052 3597 5984 
12219 4545 3748 7569 
12220 710 711 713 
12221 1835 1833 7558 
12222 6517 6518 6519 
12223 3123 7793 7887 
12224 4315 4313 4590 
12225 795 793 1341 
12226 2163 2161 2164 
12227 3723 3254 7623 
12228 7233 6873 7531 
12229 3573 3572 4143 
12230 1054 1052 1299 
12231 2211 2213 2680 
12232 2429 2916 6887 
12233 2470 2469 2471 
12234 2654 2028 7541 
12235 3336 3334 3337 
12236 256 257 538 
12237 3756 3757 4566 
12238 2585 2964 2965 
12239 4469 4575 7529 
12240 696 694 2727 
12241 917 918 919 
12242 2738 2739 2740 
12243 4311 4309 4459 
12244 5328 5319 5885 
12245 252 253 552 
12246 1078 1076 1296 
12247 1505 1506 1507 
12248 5297 5299 5300 
12249 3152 3154 4134 
12250 3277 3276 3278 
12251 5387 5386 5389 
12252 5836 5837 5838 
12253 1930 1928 7570 
12254 2309 2311 7374 
12255 2357 2358 7954 
12256 3464 3467 3571 
12257 1675 1676 1990 
12258 2115 2114 2116 
12259 1405 1407 2890 
12260 2079 2078 2080 
12261 5769 5768 7843 
12262 1055 1054 1056 
12263 4759 3573 7683 
12264 1381 1349 7542 
12265 2071 2073 7968 
12266 4285 4283 7490 
12267 700 698 702 
12268 2067 2066 2068 
12269 2158 2156 2817 
12270 5633 3139 6442 
12271 6571 6565 6572 
12272 1499 1500 1501 
12273 2797 2387 7546 
12274 5451 5453 5454 
12275 1375 1373 2912 
12276 1176 1174 2700 
12277 2085 2084 2086 
12278 3292 3290 6864 
12279 2799 2705 5069 
12280 3225 3203 3226 
12281 2861 3677 3678 
12282 375 644 7413 
12283 2490 2489 2491 
12284 3136 3138 4714 
12285 4556 4563 4614 
12286 1715 7463 7679 
12287 2740 2742 3403 
12288 3356 3661 3662 
12289 4231 4229 7751 
12290 818 819 821 
12291 1304 1250 7688 
12292 1401 1403 2887 
12293 2285 2287 2353 
12294 2347 2327 2348 
12295 2965 4643 4710 
12296 3354 3355 3356 
12297 5987 5986 5988 
12298 3374 3373 3375 
12299 1415 1417 1639 
12300 2418 2420 7894 
12301 6913 2857 7796 
12302 3378 7608 7732 
12303 4248 4414 7743 
12304 2694 1371 7174 
12305 3056 3054 3654 
12306 5392 5391 5393 
12307 1409 1411 2596 
12308 1230 7260 7264 
12309 1367 1994 7502 
12310 6030 6027 6033 
12311 3162 3163 3164 
12312 3435 3436 3746 
12313 2053 2054 2055 
12314 2291 2292 2293 
12315 8142 1998 8164 
12316 3325 3108 4103 
12317 3746 3747 4792 
12318 5484 5486 7737 
12319 6208 6210 6211 
12320 1981 1979 1982 
12321 5573 5576 7379 
12322 1343 1366 7534 
12323 3339 3699 4473 
12324 3632 4047 4056 
12325 4828 4830 5060 
12326 2388 7727 7775 
12327 3146 3148 4137 
12328 5441 5440 5442 
12329 7452 2244 7453 
12330 3048 3046 5642 
12331 779 777 812 
12332 838 836 841 
12333 1057 1056 1058 
12334 1785 2759 7438 
12335 2999 2998 3000 
12336 3297 3296 3298 
12337 3842 4032 7614 
12338 7460 4750 7542 
12339 3308 3306 4529 
12340 3757 3758 3759 
12341 4034 3848 6454 
12342 699 700 701 
12343 3023 3025 7913 
12344 1505 1507 1610 
12345 1511 1512 1513 
12346 3285 3284 3286 
12347 3723 7093 7832 
12348 5571 5570 5572 
12349 8772 7443 8778 
12350 1249 1245 7566 
12351 2392 2840 2841 
12352 2069 2068 2070 
12353 2854 2480 7340 
12354 3089 2654 7541 
12355 1421 1423 1424 
12356 6715 3077 6716 
12357 3269 3268 3270 
12358 3372 3371 3373 
12359 3988 7537 7538 
12360 2325 2326 2327 
12361 7547 6223 7824 
12362 3630 3085 4095 
12363 825 826 835 
12364 3643 3642 4698 
12365 7618 6573 7826 
12366 2586 2038 2587 
12367 2119 2118 2120 
12368 3331 4763 7620 
12369 235 236 7110 
12370 3856 3857 3858 
12371 7428 4285 7490 
12372 1688 1689 1690 
12373 4554 4555 4556 
12374 4445 1936 7553 
12375 2063 2062 2064 
12376 3075 3074 3111 
12377 3854 3855 3856 
12378 4386 4385 4419 
12379 3460 3462 3683 
12380 7097 7096 7098 
12381 3623 3254 3723 
12382 3335 3336 3338 
12383 5971 3693 5972 
12384 2387 2789 7546 
12385 7633 7348 7634 
12386 5824 5825 5826 
12387 3158 3159 3160 
12388 4742 4208 5192 
12389 5613 5612 5615 
12390 3576 3564 3649 
12391 3985 3761 7096 
12392 1065 1064 1066 
12393 5112 1968 8063 
12394 2472 2471 2473 
12395 4190 4690 4691 
12396 1509 1511 2671 
12397 2402 2873 7813 
12398 690 689 692 
12399 721 719 1342 
12400 2673 1866 7346 
12401 5075 4423 5076 
12402 857 858 859 
12403 3054 3052 5984 
12404 1834 1836 7543 
12405 2938 2946 7267 
12406 2602 1977 7560 
12407 5943 5942 5944 
12408 2236 2237 2238 
12409 2353 2287 7649 
12410 3015 3014 3016 
12411 2140 2138 2814 
12412 3663 4203 4580 
12413 1424 1611 3331 
12414 2152 2150 2816 
12415 3805 5583 7774 
12416 6471 6472 8092 
12417 1686 1687 1688 
12418 2040 2039 2801 
12419 3526 3528 7471 
12420 4850 4849 4891 
12421 2680 5058 8422 
12422 4789 3437 7444 
12423 3250 2000 7623 
12424 1673 1674 1675 
12425 2880 5270 5271 
12426 4465 3236 7639 
12427 6413 6410 7635 
12428 1969 1954 7314 
12429 2227 2212 7863 
12430 855 856 857 
12431 3808 4017 7530 
12432 838 842 844 
12433 933 935 1309 
12434 7464 1226 7465 
12435 3300 3298 4174 
12436 3714 3715 4448 
12437 2976 5810 7938 
12438 2779 931 7487 
12439 4087 4088 4089 
12440 5439 5440 5441 
12441 861 862 863 
12442 2363 2348 2364 
12443 3031 3030 3032 
12444 3259 3258 3260 
12445 6223 6226 7824 
12446 6867 6865 7225 
12447 2038 2860 7787 
12448 2478 2477 2479 
12449 3262 3260 5237 
12450 3248 1235 7478 
12451 3090 3707 3712 
12452 3472 3474 3682 
12453 2756 4469 7640 
12454 4108 3292 6864 
12455 4536 6679 6680 
12456 5310 5308 5314 
12457 3771 3987 7593 
12458 1649 6894 7527 
12459 3860 3859 3861 
12460 4552 4553 4554 
12461 5300 5299 5301 
12462 697 698 699 
12463 1254 1249 7566 
12464 2986 2985 4028 
12465 3860 3862 7717 
12466 5383 5382 5384 
12467 6337 6334 6921 
12468 2761 2587 2762 
12469 3273 3272 3274 
12470 4321 4319 4435 
12471 695 696 697 
12472 5437 5436 5438 
12473 2736 2738 4515 
12474 3265 3264 3266 
12475 2476 2475 2477 
12476 3339 3337 3340 
12477 2758 3353 3354 
12478 3045 3044 3046 
12479 3029 3028 3030 
12480 1353 1345 1369 
12481 2822 5836 5883 
12482 1278 1119 7522 
12483 2121 2120 2122 
12484 4708 2848 7222 
12485 2377 2378 2380 
12486 3333 3334 3335 
12487 6882 6880 7638 
12488 3746 3436 3747 
12489 3848 3850 6454 
12490 7344 1584 7528 
12491 2372 2371 2373 
12492 3238 4465 4466 
12493 4105 3578 5035 
12494 3435 3338 3436 
12495 4473 3699 4548 
12496 925 927 1322 
12497 3692 3061 7864 
12498 1061 1060 1062 
12499 4491 4489 4500 
12500 2794 2390 3101 
12501 885 887 1313 
12502 4499 4715 5077 
12503 1180 1178 1195 
12504 1271 1318 7581 
12505 2453 2894 7707 
12506 2740 2741 2742 
12507 3020 3018 7559 
12508 3759 3758 3760 
12509 1617 1663 2866 
12510 4112 3130 7383 
12511 3186 3188 4571 
12512 688 687 689 
12513 1059 1058 1060 
12514 2028 7421 7541 
12515 3000 2998 3665 
12516 4075 4073 4539 
12517 708 707 709 
12518 2323 2324 2325 
12519 2492 2494 7635 
12520 3609 3135 7737 
12521 3435 3746 7444 
12522 4155 5180 5181 
12523 701 703 704 
12524 708 709 710 
12525 4738 3736 6259 
12526 2055 2054 2056 
12527 4792 3747 4793 
12528 7411 5979 7412 
12529 2230 2234 2356 
12530 1209 1208 1210 
12531 2718 7658 7659 
12532 3433 3432 3434 
12533 2243 2245 2367 
12534 1928 6708 7570 
12535 4544 4551 4552 
12536 4067 4065 4754 
12537 4162 3380 4504 
12538 5099 4731 5100 
12539 5130 5128 5137 
12540 1684 1685 1686 
12541 1090 1088 1300 
12542 2275 2277 2732 
12543 735 733 1340 
12544 3272 3270 4124 
12545 2794 3102 3103 
12546 3713 3378 7732 
12547 1427 1429 2707 
12548 695 694 696 
12549 2681 1788 7499 
12550 3832 3953 7202 
12551 7974 1387 7995 
12552 7666 4662 7667 
12553 704 703 705 
12554 6792 2951 6793 
12555 2961 3134 3222 
12556 706 707 708 
12557 2853 2492 7635 
12558 3745 3752 7205 
12559 3129 3130 4112 
12560 2912 7846 7931 
12561 3836 3837 3838 
12562 5793 5796 7537 
12563 2970 5308 5309 
12564 2789 5177 7546 
12565 704 705 706 
12566 4787 4851 4875 
12567 5433 5434 5435 
12568 2484 2483 2485 
12569 2706 1317 3587 
12570 2635 1377 7114 
12571 1697 1696 7868 
12572 5757 5756 5762 
12573 1063 1062 1064 
12574 823 822 824 
12575 2332 5744 5745 
12576 3227 3229 4591 
12577 7262 7386 7464 
12578 4549 3699 7654 
12579 1382 1395 2692 
12580 5792 7561 7615 
12581 2023 2024 7557 
12582 4042 4043 4044 
12583 3140 3141 3142 
12584 1612 7458 7459 
12585 1893 8124 8134 
12586 4548 4549 5063 
12587 6269 6272 7565 
12588 3102 3101 3754 
12589 6833 6829 7754 
12590 1084 1082 1198 
12591 2393 2364 2394 
12592 3024 3600 7573 
12593 4351 4349 4429 
12594 1990 1676 1991 
12595 7585 7584 7586 
12596 2488 2487 2489 
12597 6285 6298 6299 
12598 2482 2481 2483 
12599 2483 2481 2923 
12600 710 709 711 
12601 765 763 2735 
12602 901 903 2777 
12603 5151 4123 7920 
12604 5640 5639 8227 
12605 361 362 7393 
12606 679 680 681 
12607 3216 3219 3223 
12608 3806 3808 7530 
12609 4634 4458 7489 
12610 1497 1499 1625 
12611 2495 2493 2930 
12612 4071 4069 4200 
12613 1283 1131 7682 
12614 1210 1208 1393 
12615 3751 3750 4772 
12616 1424 1425 1611 
12617 4339 4337 4431 
12618 5836 5835 5837 
12619 2585 2583 2964 
12620 2639 2637 2712 
12621 2744 2938 2939 
12622 3335 3334 3336 
12623 1233 1212 1234 
12624 3290 4149 6864 
12625 6285 6299 6300 
12626 1096 1094 1199 
12627 818 815 819 
12628 2951 2398 6793 
12629 3336 3337 3339 
12630 6061 6065 7364 
12631 4542 4543 4544 
12632 2321 2322 2323 
12633 3225 3226 3227 
12634 1211 1210 1212 
12635 2078 2820 7851 
12636 5226 5786 5787 
12637 3331 3332 3333 
12638 4787 4207 4851 
12639 789 787 810 
12640 1675 1674 1676 
12641 2939 2938 3572 
12642 4345 4343 4430 
12643 769 767 809 
12644 298 299 639 
12645 1993 2032 2033 
12646 3600 5366 7573 
12647 4246 4248 7743 
12648 881 883 2776 
12649 1242 1240 1246 
12650 1990 1991 2019 
12651 2480 2479 2481 
12652 4525 4541 4542 
12653 7386 1226 7464 
12654 2590 2589 2828 
12655 7357 5992 7358 
12656 6275 6274 6276 
12657 6305 6306 6307 
12658 3180 3181 3182 
12659 5137 5128 8072 
12660 1185 1018 7513 
12661 2376 2377 2379 
12662 4118 4119 4703 
12663 4487 4485 4501 
12664 6300 6301 8077 
12665 1508 1506 7382 
12666 2155 2154 2156 
12667 2692 2721 2722 
12668 1940 1834 7543 
12669 1933 1932 7728 
12670 3761 3760 7096 
12671 4531 3259 7794 
12672 4688 4849 4850 
12673 741 739 806 
12674 775 773 2677 
12675 3342 3344 3698 
12676 4523 4524 4525 
12677 929 931 2779 
12678 4832 4422 4833 
12679 1762 1764 1945 
12680 3156 3157 3158 
12681 1381 7542 7655 
12682 3360 3362 3431 
12683 3453 3456 3569 
12684 3881 3879 3962 
12685 2565 2563 2891 
12686 7347 7348 7633 
12687 1750 1752 1947 
12688 7924 5416 8053 
12689 7354 515 7355 
12690 2499 2497 2940 
12691 3339 3340 3699 
12692 6655 6652 6659 
12693 1272 1265 7761 
12694 2013 2030 7336 
12695 2710 2241 7690 
12696 7503 2546 7686 
12697 761 759 1339 
12698 1778 1780 2724 
12699 1756 1758 1946 
12700 2033 7848 7859 
12701 2625 3230 6794 
12702 3014 3012 3658 
12703 3948 6250 6251 
12704 5066 4152 5067 
12705 7773 4768 7901 
12706 5384 5382 8106 
12707 5456 5455 5457 
12708 685 683 2764 
12709 1501 1503 2711 
12710 3347 3349 3417 
12711 3064 3062 3656 
12712 3122 3121 3621 
12713 7542 4750 7655 
12714 3333 3332 3334 
12715 5381 5380 5382 
12716 2341 5931 5932 
12717 5014 5015 5016 
12718 1331 1343 7534 
12719 3268 3266 5433 
12720 3899 3897 3967 
12721 6364 4036 6365 
12722 1768 1770 1944 
12723 2480 2482 7340 
12724 3603 7505 7506 
12725 2579 2577 2963 
12726 3176 3177 3178 
12727 4689 3640 5718 
12728 2267 2269 2751 
12729 2575 2573 2950 
12730 3758 7918 7972 
12731 4200 6791 8048 
12732 4049 4522 4523 
12733 1638 1607 7704 
12734 3019 3018 3020 
12735 3721 4717 4718 
12736 3331 1611 3332 
12737 7249 509 7624 
12738 1491 1493 1626 
12739 3720 4094 4190 
12740 3259 3261 7794 
12741 2957 2958 2959 
12742 1247 1246 1250 
12743 1461 1463 1632 
12744 2846 3681 7741 
12745 2547 2545 2907 
12746 2571 2569 2889 
12747 4698 3642 4699 
12748 4199 4475 4476 
12749 1102 1100 2763 
12750 679 677 680 
12751 813 803 3330 
12752 2664 1037 7719 
12753 296 297 537 
12754 7237 1941 7381 
12755 2204 7839 8049 
12756 3234 3231 4736 
12757 3675 4455 4456 
12758 1130 1128 1191 
12759 2149 2148 2150 
12760 3439 3441 3565 
12761 911 913 1323 
12762 1431 1433 1637 
12763 1106 1104 1189 
12764 3412 3414 3544 
12765 5116 626 5118 
12766 823 824 825 
12767 1714 1716 1953 
12768 715 713 807 
12769 1479 1481 1629 
12770 2060 2058 2804 
12771 2529 2527 2919 
12772 1894 1849 7605 
12773 5439 5437 5440 
12774 1142 1140 1192 
12775 2559 2557 2900 
12776 4461 4043 4660 
12777 4760 3647 5022 
12778 4369 4367 4426 
12779 1235 1234 1236 
12780 2307 2309 2344 
12781 3060 3058 3655 
12782 3929 3927 3975 
12783 2713 2714 2715 
12784 4808 4476 8000 
12785 7613 7612 7806 
12786 2541 2539 2911 
12787 2358 7407 7954 
12788 2489 2487 2927 
12789 1782 1784 1965 
12790 2507 2505 2943 
12791 3935 3933 3977 
12792 4776 7759 7878 
12793 4755 4800 7853 
12794 1455 1457 1633 
12795 2279 2281 2346 
12796 2336 6841 6842 
12797 3160 3162 4176 
12798 4469 3424 4573 
12799 801 799 811 
12800 1251 1250 1258 
12801 1682 1683 1684 
12802 3382 3384 3454 
12803 4327 4325 4433 
12804 915 917 2778 
12805 1437 1439 1636 
12806 341 487 7600 
12807 3052 3050 3597 
12808 4267 4265 7461 
12809 7540 707 7764 
12810 1185 7513 7514 
12811 3328 1254 7566 
12812 250 251 661 
12813 1118 1116 1190 
12814 1154 1152 1193 
12815 1866 1868 7346 
12816 3366 3368 3445 
12817 3863 3861 4021 
12818 2057 2056 2058 
12819 3595 2876 7680 
12820 6634 6631 6664 
12821 3518 3520 7702 
12822 1726 1728 1951 
12823 1794 2609 7227 
12824 1449 1451 1634 
12825 2132 2130 6807 
12826 1112 1110 1301 
12827 3395 3397 3470 
12828 3923 3921 3973 
12829 4202 4185 5611 
12830 845 843 846 
12831 1148 1146 1298 
12832 2844 3643 4558 
12833 3911 3909 3970 
12834 3447 3449 3568 
12835 3917 3915 3972 
12836 1720 1722 1952 
12837 3754 3101 4546 
12838 5097 3725 7724 
12839 845 846 847 
12840 2020 2022 2023 
12841 4802 4006 4803 
12842 1136 1134 1297 
12843 248 249 561 
12844 835 826 836 
12845 1241 3647 4760 
12846 5811 5813 5815 
12847 1261 1268 7191 
12848 2082 2080 2821 
12849 533 7182 7184 
12850 1160 1158 1303 
12851 1443 1445 1635 
12852 5263 3610 5633 
12853 1732 1734 1950 
12854 2019 1991 2020 
12855 2616 2617 2618 
12856 5589 3601 5590 
12857 693 692 694 
12858 825 824 826 
12859 2023 2022 2024 
12860 2147 2146 2148 
12861 3122 3621 3720 
12862 3905 3903 3968 
12863 2517 2515 2925 
12864 4118 3131 4119 
12865 7292 7291 7293 
12866 1467 1469 1631 
12867 2523 2521 2921 
12868 4333 4331 4432 
12869 5387 5389 5390 
12870 3634 3743 3744 
12871 3867 3865 4022 
12872 4644 4776 4777 
12873 4028 4657 4658 
12874 1738 1740 1949 
12875 2263 2265 2354 
12876 2373 2371 3358 
12877 3389 3391 3465 
12878 3573 4613 7683 
12879 2257 2259 2355 
12880 2553 2551 2903 
12881 2511 2509 2945 
12882 3678 4101 4642 
12883 2134 2132 2813 
12884 2622 2623 2842 
12885 4468 1611 7579 
12886 1708 1710 1966 
12887 2141 2143 7827 
12888 2251 2253 2640 
12889 1967 1930 7570 
12890 2363 2364 2391 
12891 6307 6308 6309 
12892 1166 1164 1194 
12893 2380 2378 2381 
12894 3419 3421 3553 
12895 4419 4385 4423 
12896 7099 7097 7100 
12897 842 843 845 
12898 3076 6827 6836 
12899 3236 3234 7639 
12900 1336 1329 1337 
12901 3113 4048 4470 
12902 847 848 849 
12903 3945 3943 4026 
12904 6627 6624 6665 
12905 877 879 1325 
12906 1124 1122 1302 
12907 6648 6645 6660 
12908 2641 6274 6275 
12909 4081 4079 4180 
12910 1207 1205 1208 
12911 1419 1421 7620 
12912 4375 4373 4425 
12913 849 848 850 
12914 7581 4460 7714 
12915 897 899 1324 
12916 1774 1776 1943 
12917 2844 3642 3643 
12918 4357 4355 4428 
12919 4643 2964 4809 
12920 4042 3984 4043 
12921 1397 1381 7655 
12922 1744 1746 1948 
12923 3115 2796 3116 
12924 3843 3841 4007 
12925 3858 3857 3859 
12926 2392 2391 2840 
12927 6716 3077 7880 
12928 4000 4458 4634 
12929 5629 5402 5630 
12930 4113 5009 5010 
12931 1235 1236 7478 
12932 4741 1967 7570 
12933 3211 3209 3221 
12934 5292 5289 5541 
12935 3893 3891 3965 
12936 2014 2013 7336 
12937 2535 2533 2913 
12938 2939 3573 4759 
12939 4363 4361 4427 
12940 3039 3038 3040 
12941 1485 1487 1628 
12942 6620 6617 6666 
12943 3838 3837 3839 
12944 4414 5775 7743 
12945 1680 1681 1682 
12946 2049 2050 2051 
12947 3887 3885 3964 
12948 1473 1475 1630 
12949 2795 7518 7793 
12950 3941 3939 4025 
12951 5179 4531 7914 
12952 3406 3408 3539 
12953 3103 3104 3105 
12954 3871 3869 4023 
12955 755 753 808 
12956 2663 3122 7736 
12957 2965 2964 4643 
12958 4516 5080 7722 
12959 2976 5807 5808 
12960 1978 4743 7613 
12961 4710 4643 5053 
12962 7510 5172 7511 
12963 2078 2076 2820 
12964 785 783 2719 
12965 3663 3662 3709 
12966 53 54 544 
12967 1240 1239 1241 
12968 4699 3642 7989 
12969 5755 5756 5757 
12970 3875 3873 3960 
12971 7612 4755 7806 
12972 2289 2291 2754 
12973 2313 2315 2350 
12974 3248 7478 7608 
12975 5574 5573 7379 
12976 2146 2144 2815 
12977 3530 3581 7414 
12978 2503 2501 2942 
12979 369 370 7198 
12980 1962 6815 6817 
12981 2663 3121 3122 
12982 2053 2052 2054 
12983 3115 3638 4093 
12984 3426 3428 3560 
12985 1427 2707 7579 
12986 706 705 707 
12987 2385 2389 2800 
12988 5009 4700 5023 
12989 2690 3239 7312 
12990 4616 680 7790 
12991 939 941 1308 
12992 1403 1405 7622 
12993 2740 3403 7678 
12994 2299 2301 2352 
12995 7712 2719 7713 
12996 5951 5953 5954 
12997 1399 1401 7580 
12998 6641 6638 6663 
12999 294 295 662 
13000 2918 2439 7601 
13001 2706 3588 4526 
13002 699 698 700 
13003 821 819 822 
13004 821 822 823 
13005 5441 5442 5443 
13006 2661 2663 7736 
13007 1575 1577 7588 
13008 5508 5510 5743 
13009 2196 2195 7697 
13010 3239 4739 7312 
13011 1965 1784 7596 
13012 4522 3114 7692 
13013 3846 4034 7497 
13014 905 907 1311 
13015 2939 4759 7810 
13016 3096 7581 7714 
13017 4510 4189 4514 
13018 731 729 2708 
13019 854 855 1317 
13020 3196 3198 4120 
13021 3810 3812 7449 
13022 6373 6374 7725 
13023 3745 3750 3751 
13024 2455 2453 7707 
13025 4190 4094 4690 
13026 2613 2615 2616 
13027 2045 2046 2047 
13028 838 841 842 
13029 2126 2124 2826 
13030 2722 2781 2782 
13031 4203 3709 4725 
13032 5840 5838 5841 
13033 3711 3171 7903 
13034 3353 1304 7688 
13035 2047 2048 2049 
13036 6977 6983 7671 
13037 3260 3258 4098 
13038 4472 4221 7739 
13039 3720 3621 4094 
13040 1236 1234 1239 
13041 3010 3008 3601 
13042 6257 8548 8550 
13043 891 893 1312 
13044 3216 3223 7801 
13045 5842 5841 5843 
13046 4580 4203 4795 
13047 291 292 545 
13048 3338 3336 7645 
13049 2741 2744 7810 
13050 4032 3844 7497 
13051 4698 4699 5006 
13052 4757 7680 7813 
13053 7807 7174 7882 
13054 1678 1679 1680 
13055 5252 5255 5256 
13056 3356 3662 3663 
13057 859 861 1316 
13058 3238 3236 4465 
13059 3225 3227 7920 
13060 2100 2098 2810 
13061 1326 3096 7663 
13062 3332 4468 7636 
13063 4840 5059 5114 
13064 5044 4592 5057 
13065 2558 7539 7752 
13066 3403 2742 3404 
13067 6714 3077 6715 
13068 4093 4818 4823 
13069 7770 7209 7814 
13070 3205 2829 3629 
13071 2315 2317 7657 
13072 3103 3105 3639 
13073 2588 2589 2590 
13074 644 7283 7284 
13075 956 7549 7550 
13076 4419 4423 5042 
13077 5589 5590 5591 
13078 7291 3996 7293 
13079 1407 1409 7599 
13080 749 747 1338 
13081 689 687 691 
13082 1351 1337 1352 
13083 1832 1940 7544 
13084 2024 2040 2041 
13085 3122 4530 7736 
13086 4770 4856 4861 
13087 1421 1424 7620 
13088 3813 3995 7770 
13089 7481 1399 7580 
13090 2583 2581 7627 
13091 7446 7133 7554 
13092 1677 1383 7656 
13093 951 953 1306 
13094 4685 4686 4687 
13095 1896 6283 6284 
13096 3115 3116 3638 
13097 4461 4660 4810 
13098 4191 4083 4560 
13099 2890 1407 7599 
13100 5042 4423 5075 
13101 2713 2712 2714 
13102 4089 4189 4510 
13103 2505 2503 7619 
13104 3861 3859 7604 
13105 7354 7355 7356 
13106 4674 4502 4675 
13107 4816 4614 4817 
13108 3337 3334 7636 
13109 7505 4658 7506 
13110 1222 7234 7956 
13111 1375 2912 7656 
13112 2843 3081 3641 
13113 871 873 1314 
13114 3197 3195 7855 
13115 5419 5418 5422 
13116 3336 3339 7645 
13117 5393 5391 5394 
13118 3724 3723 7832 
13119 751 749 7651 
13120 2940 2497 7706 
13121 4510 4768 7905 
13122 6899 8496 8501 
13123 3340 3342 7654 
13124 4127 3697 4159 
13125 4113 4700 5009 
13126 4381 4379 4424 
13127 4385 4383 7647 
13128 6277 6275 6278 
13129 6902 839 8201 
13130 1954 1933 7728 
13131 2706 3587 3588 
13132 7537 5796 7538 
13133 1690 1692 1997 
13134 3190 3192 4579 
13135 2372 2373 2374 
13136 1425 1427 7579 
13137 1236 1239 1240 
13138 3573 4143 4613 
13139 4044 4043 4461 
13140 5386 5384 5395 
13141 3266 3264 4099 
13142 1371 1372 7174 
13143 1788 1790 7499 
13144 4199 4476 4808 
13145 3042 3040 3652 
13146 919 921 1310 
13147 1259 1258 7640 
13148 1401 2887 7580 
13149 4137 5417 5418 
13150 49 50 562 
13151 2756 1304 2758 
13152 1396 1677 1678 
13153 727 725 805 
13154 745 743 2731 
13155 849 850 851 
13156 2072 2070 2807 
13157 4573 3424 4574 
13158 3862 4038 7717 
13159 2319 2321 2349 
13160 3663 4580 7735 
13161 5570 5568 5579 
13162 3752 3751 3753 
13163 7520 7519 7611 
13164 5598 2982 5599 
13165 2043 2044 2045 
13166 1265 7191 7761 
13167 2840 2391 7272 
13168 2705 2696 7807 
13169 4733 3713 7732 
13170 5447 5446 5448 
13171 5871 5873 5874 
13172 6322 6320 8157 
13173 2017 7655 7727 
13174 4540 2611 7994 
13175 4750 4748 7727 
13176 7397 7396 7399 
13177 1363 6029 7927 
13178 2130 2827 6807 
13179 2384 2379 2595 
13180 2795 2716 2796 
13181 3200 3202 5149 
13182 1798 1963 7371 
13183 7456 4761 7949 
13184 8017 7496 8033 
13185 1258 1304 2756 
13186 1830 1832 7544 
13187 3838 3839 3840 
13188 2875 2019 7677 
13189 865 867 1315 
13190 2358 2369 2370 
13191 2939 3572 3573 
13192 5609 5608 6707 
13193 4456 4455 4503 
13194 4704 4503 4705 
13195 1371 1352 1372 
13196 4431 8479 8487 
13197 3663 3709 4203 
13198 1776 1778 7669 
13199 4529 5699 5700 
13200 855 857 7759 
13201 6191 2704 8543 
13202 3995 7209 7770 
13203 1983 1993 7928 
13204 2049 5750 7681 
13205 1793 1791 7716 
13206 2915 7282 8141 
13207 817 680 4616 
13208 1405 2890 7622 
13209 3699 3340 7654 
13210 2756 2758 3424 
13211 3088 2834 3740 
13212 4093 3638 4818 
13213 3140 3142 4144 
13214 3852 3853 3854 
13215 4754 6806 7984 
13216 697 696 698 
13217 2887 1403 7622 
13218 2496 2852 7691 
13219 5588 3601 5589 
13220 7158 7696 8045 
13221 2943 2505 7619 
13222 1663 1664 7845 
13223 3954 3787 7740 
13224 5877 5873 5878 
13225 837 836 838 
13226 4131 4129 4797 
13227 1329 1272 7761 
13228 3943 3941 7672 
13229 5040 4705 5041 
13230 701 700 703 
13231 2374 2373 2375 
13232 2822 5835 5836 
13233 7521 1924 7578 
13234 2051 2050 2052 
13235 4712 4737 5018 
13236 2838 2839 3129 
13237 3845 3843 7836 
13238 4556 4614 4816 
13239 851 852 854 
13240 5444 5443 5446 
13241 1941 1820 7381 
13242 18 19 539 
13243 3856 3855 3857 
13244 5457 5455 5464 
13245 5121 4735 7117 
13246 5787 5786 7785 
13247 1409 2596 7599 
13248 4573 4574 4791 
13249 2024 2039 2040 
13250 3334 3332 7636 
13251 1942 6868 7524 
13252 2604 2846 7741 
13253 3004 3002 3664 
13254 1667 7711 7845 
13255 2715 2716 2717 
13256 2675 1804 7780 
13257 2020 2021 2022 
13258 2050 2048 2819 
13259 2246 2244 7452 
13260 3339 4473 7645 
13261 1258 1250 1304 
13262 5590 3601 7940 
13263 2041 2042 2043 
13264 16 17 663 
13265 1778 2724 7669 
13266 2271 2273 2351 
13267 2929 2471 7653 
13268 2469 2926 7653 
13269 3847 3845 4009 
13270 1424 3331 7620 
13271 5027 5028 5048 
13272 14 15 555 
13273 2130 2128 2827 
13274 51 52 660 
13275 2325 2327 2347 
13276 3436 3338 7645 
13277 7172 3986 7648 
13278 3859 3857 4019 
13279 6617 6615 7660 
13280 1684 1686 1998 
13281 4703 4119 5014 
13282 2303 2305 2745 
13283 2699 1838 7422 
13284 2369 2330 8055 
13285 3658 5594 5595 
13286 2909 2661 7736 
13287 2243 2367 7690 
13288 4980 4981 4982 
13289 3083 2788 3084 
13290 6677 7931 8014 
13291 2049 2048 2050 
13292 2618 2619 7902 
13293 17 18 7661 
13294 2238 2241 2710 
13295 4436 5976 8080 
13296 1936 1927 7553 
13297 5076 4423 7647 
13298 6982 6978 8183 
13299 5405 5407 5408 
13300 6245 6242 7765 
13301 1784 1786 7596 
13302 4656 5003 7909 
13303 3087 2834 3088 
13304 4135 5267 5268 
13305 644 7285 7413 
13306 2021 1991 7901 
13307 614 172 5515 
13308 3246 3243 7797 
13309 2024 2041 7557 
13310 2395 2384 2396 
13311 4130 4129 4131 
13312 4572 4251 7747 
13313 4754 7832 7922 
13314 6427 6428 7822 
13315 7344 7528 8060 
13316 3605 3402 4561 
13317 6521 1282 7772 
13318 1680 1682 2725 
13319 7846 4513 7931 
13320 4415 4246 7743 
13321 3840 3839 3841 
13322 3432 3375 4146 
13323 2411 2730 7674 
13324 5506 5504 5507 
13325 6833 7754 7894 
13326 4092 3701 4502 
13327 3765 3763 7648 
13328 7007 1609 8525 
13329 2824 5437 5439 
13330 1282 1107 7772 
13331 2347 2348 2363 
13332 1806 1962 7780 
13333 1990 2874 7805 
13334 289 290 665 
13335 533 7184 7185 
13336 2497 2495 7706 
13337 2876 2399 7680 
13338 2794 3101 3102 
13339 6294 6297 8159 
13340 2376 2375 2377 
13341 2692 1395 2721 
13342 2169 2167 7919 
13343 1582 1660 7528 
13344 3074 3072 3659 
13345 1664 1667 7845 
13346 2391 2364 2393 
13347 3098 2413 7674 
13348 2786 2784 3082 
13349 4552 4554 4646 
13350 4465 7639 8063 
13351 675 673 2723 
13352 7655 4750 7727 
13353 2389 2386 2390 
13354 245 246 608 
13355 849 851 853 
13356 3286 3284 4141 
13357 1790 1964 7499 
13358 2174 2172 4729 
13359 2964 2583 7627 
13360 2503 2942 7619 
13361 2041 2040 2042 
13362 2399 2400 7680 
13363 3627 3628 4684 
13364 2066 2064 2805 
13365 4212 4211 7757 
13366 2825 8012 8096 
13367 2988 2986 7505 
13368 2465 2924 7745 
13369 2795 2796 3115 
13370 3848 3849 3850 
13371 4741 7570 7825 
13372 2114 2112 2811 
13373 4134 3154 7870 
13374 6449 3559 7804 
13375 3842 3843 3844 
13376 1325 8968 8969 
13377 2904 2139 7934 
13378 6396 6394 7626 
13379 2920 2455 7707 
13380 3018 3016 3657 
13381 3815 3813 7770 
13382 1676 7773 7901 
13383 1927 1929 7553 
13384 3342 3698 7654 
13385 1291 5802 5803 
13386 2804 7584 7585 
13387 3581 7361 7414 
13388 4155 3589 4644 
13389 5050 7594 7876 
13390 2641 5732 6274 
13391 2041 2877 7557 
13392 5643 5645 5646 
13393 4542 4544 4669 
13394 4028 4658 7505 
13395 7832 7093 7922 
13396 847 846 848 
13397 5025 3649 7809 
13398 4122 5291 7841 
13399 5120 4622 7980 
13400 5762 2879 8036 
13401 3760 3758 7972 
13402 2403 4464 7755 
13403 4748 4749 7775 
13404 7431 7251 7432 
13405 854 2706 7856 
13406 2043 2042 2044 
13407 4463 3324 4726 
13408 2120 2118 2812 
13409 2637 2635 7644 
13410 6900 2671 8493 
13411 3984 3945 7701 
13412 705 2771 7764 
13413 3312 3310 4557 
13414 2086 2084 2809 
13415 1268 1259 7640 
13416 2096 2094 2823 
13417 3030 3028 3599 
13418 4089 4091 4189 
13419 2936 2985 2986 
13420 3355 3353 7943 
13421 5840 5841 5842 
13422 2793 2390 2794 
13423 4773 4062 4774 
13424 3120 2830 3123 
13425 1675 1990 7805 
13426 2378 2375 7820 
13427 7588 1620 7589 
13428 2033 2032 7848 
13429 19 20 7646 
13430 2844 2842 3642 
13431 3559 3562 7804 
13432 7639 5112 8063 
13433 3105 3106 3633 
13434 1345 1326 7663 
13435 3316 3314 4125 
13436 6719 6716 7952 
13437 2835 2396 2837 
13438 4269 4512 7710 
13439 2714 2712 4508 
13440 3234 4736 7639 
13441 3807 3805 7774 
13442 3374 3376 6041 
13443 8183 6978 8195 
13444 7396 7238 7399 
13445 3627 3387 3628 
13446 1913 1857 7571 
13447 2054 2052 2803 
13448 3654 5986 5987 
13449 6462 6375 8057 
13450 1395 1383 1396 
13451 403 404 7353 
13452 5070 7807 7882 
13453 7445 1263 7850 
13454 2293 2295 2345 
13455 2945 2509 7729 
13456 1838 1840 7422 
13457 405 406 7873 
13458 352 353 5331 
13459 1277 958 7550 
13460 2471 2469 7653 
13461 4423 4385 7647 
13462 3520 3673 7702 
13463 5863 5865 5867 
13464 5724 3694 5725 
13465 7826 4510 7905 
13466 2841 2840 3131 
13467 3583 5631 7705 
13468 677 675 7790 
13469 1924 1926 7578 
13470 3844 3845 3846 
13471 2934 2703 3733 
13472 7390 7391 7392 
13473 2717 2716 2795 
13474 7352 403 7353 
13475 1611 1425 7579 
13476 12 13 664 
13477 6890 3667 7795 
13478 1396 1678 1999 
13479 4523 4525 4670 
13480 1962 6817 7780 
13481 2986 4028 7505 
13482 4026 3943 7672 
13483 2046 2044 2818 
13484 6691 6692 7879 
13485 3956 3801 7798 
13486 6070 6073 7796 
13487 2696 2694 7807 
13488 2058 2056 7584 
13489 1382 1375 1383 
13490 1111 1218 7758 
13491 2082 2821 7847 
13492 3118 4060 7742 
13493 3840 3841 3842 
13494 2715 2714 2716 
13495 5762 5756 7782 
13496 3038 3036 3650 
13497 7864 5256 7865 
13498 3129 4112 4113 
13499 5495 5496 7786 
13500 7727 4748 7775 
13501 5622 5623 7501 
13502 3998 7292 7313 
13503 2801 3624 3626 
13504 6666 6617 7660 
13505 2926 2467 7745 
13506 5649 5652 5653 
13507 7121 3998 7313 
13508 4048 3114 4049 
13509 4540 7994 8121 
13510 3113 2781 3114 
13511 3948 6251 7933 
13512 586 7443 8772 
13513 3160 4176 7756 
13514 2086 2809 7563 
13515 1263 1256 7850 
13516 3801 3799 7798 
13517 4215 4212 7757 
13518 4249 4570 7747 
13519 7201 2652 8586 
13520 4123 3225 7920 
13521 7979 7473 8021 
13522 3110 3109 7811 
13523 4809 2964 7627 
13524 3721 4718 7652 
13525 2408 2410 7880 
13526 984 987 7788 
13527 6676 2912 7931 
13528 4585 4271 7710 
13529 408 554 7721 
13530 3046 3044 3651 
13531 4502 3701 4794 
13532 7827 5300 7934 
13533 1291 5803 5804 
13534 4719 4592 5044 
13535 4687 4686 4778 
13536 3850 3851 3852 
13537 2694 7174 7807 
13538 7 8 607 
13539 7719 7265 7720 
13540 2004 2892 7641 
13541 515 405 7873 
13542 3941 4025 7672 
13543 4566 3757 7857 
13544 1855 2746 7571 
13545 6524 6521 7772 
13546 1258 2756 7640 
13547 1369 1345 7663 
13548 3538 3541 7866 
13549 287 288 563 
13550 1226 1049 7418 
13551 4481 4626 4804 
13552 5135 5134 5138 
13553 2758 3354 7676 
13554 5036 3578 7845 
13555 1639 1417 7828 
13556 4980 4982 4983 
13557 5838 5837 5839 
13558 1337 1329 4513 
13559 3174 3176 4121 
13560 5153 5154 5155 
13561 2393 2838 2845 
13562 2722 2721 2781 
13563 3600 5364 5365 
13564 4251 4249 7747 
13565 1577 1620 7588 
13566 1570 1568 7470 
13567 1959 1856 7685 
13568 11 12 7715 
13569 3725 6986 7724 
13570 2736 4515 7835 
13571 1241 4760 7818 
13572 5789 3788 7561 
13573 2047 2049 7681 
13574 3098 7962 8056 
13575 5529 5531 7760 
13576 1804 1806 7780 
13577 812 777 7664 
13578 1383 1375 7656 
13579 8056 6287 8111 
13580 2045 2044 2046 
13581 265 266 8034 
13582 3851 3849 4015 
13583 2416 2418 7754 
13584 1943 1776 7669 
13585 3871 4023 7734 
13586 4531 7794 7914 
13587 929 2779 7508 
13588 2912 1373 7846 
13589 8024 7345 8060 
13590 1719 1901 8110 
13591 3945 4026 7701 
13592 2317 2319 7921 
13593 2047 2046 2048 
13594 3669 3538 7866 
13595 5593 7940 8076 
13596 2821 2080 7851 
13597 5993 3669 7866 
13598 4529 5700 7959 
13599 2509 2507 7729 
13600 1989 1668 7816 
13601 4786 4787 8236 
13602 7355 515 7873 
13603 4114 4116 5045 
13604 5365 5364 5367 
13605 2782 2781 3113 
13606 6394 6397 7626 
13607 4155 4644 5180 
13608 5367 5364 7559 
13609 2771 703 7591 
13610 4574 3424 7676 
13611 3844 3846 7497 
13612 3132 3131 4118 
13613 263 7333 7433 
13614 579 374 7413 
13615 6805 6790 8020 
13616 4660 4043 7701 
13617 1374 1373 1375 
13618 2467 2465 7745 
13619 4519 4521 7986 
13620 4698 5006 5007 
13621 2377 2375 2378 
13622 4725 3709 7854 
13623 5326 5324 5327 
13624 103 104 602 
13625 2968 2047 7681 
13626 3846 3847 3848 
13627 2616 2618 3097 
13628 794 796 7300 
13629 5418 5417 5420 
13630 3842 3841 3843 
13631 1049 1051 7418 
13632 3854 3853 3855 
13633 1786 2681 7596 
13634 4043 3984 7701 
13635 2864 6226 7946 
13636 4743 7612 7613 
13637 7901 4768 7930 
13638 1810 1812 7524 
13639 3762 5676 7857 
13640 1382 1383 1395 
13641 7848 4746 7859 
13642 681 680 817 
13643 2400 2402 7813 
13644 7984 6806 8020 
13645 10 11 560 
13646 2622 2842 2844 
13647 3261 4177 7794 
13648 590 7567 7568 
13649 7620 4763 7828 
13650 7759 857 7878 
13651 3867 4022 7750 
13652 2405 2403 7755 
13653 3186 4571 7842 
13654 3354 3356 7735 
13655 1374 1375 1382 
13656 7586 7584 7730 
13657 3744 3745 7205 
13658 3203 3201 7987 
13659 2635 7114 7644 
13660 3424 2758 7676 
13661 7527 6894 8471 
13662 4590 4313 7637 
13663 3290 3288 4149 
13664 7965 5311 8082 
13665 5592 5590 5593 
13666 4764 823 6902 
13667 4637 4006 4802 
13668 1568 1670 7470 
13669 3865 3863 7703 
13670 3042 3652 7912 
13671 1419 7620 7828 
13672 4048 4049 4671 
13673 2750 3126 7602 
13674 4145 5834 7829 
13675 1372 1373 1374 
13676 5676 5677 7838 
13677 4583 4582 4584 
13678 2499 2940 7748 
13679 1372 1352 1373 
13680 3709 4165 7854 
13681 3113 3114 4048 
13682 6926 1650 8428 
13683 1782 1965 7744 
13684 2413 2411 7674 
13685 7806 4755 7853 
13686 2804 2058 7584 
13687 5512 5124 7939 
13688 3667 3548 7795 
13689 5990 5992 7357 
13690 2385 2386 2389 
13691 2828 2589 3387 
13692 4703 5014 5024 
13693 2905 2405 7755 
13694 2712 2637 7644 
13695 5069 2705 5070 
13696 2410 3076 7880 
13697 7250 7249 7624 
13698 2588 2166 2589 
13699 3855 3853 4018 
13700 2892 7500 7501 
13701 3356 3663 7735 
13702 1417 1419 7828 
13703 5010 5009 5011 
13704 4513 1329 7761 
13705 1987 6772 8058 
13706 6428 6431 7822 
13707 1070 1068 9010 
13708 7900 2164 7967 
13709 4591 3229 4592 
13710 5070 2705 7807 
13711 3626 4061 4062 
13712 3863 4021 7703 
13713 3534 5990 7357 
13714 3986 3765 7648 
13715 3799 3992 7798 
13716 4408 4222 7849 
13717 1177 1179 7978 
13718 1584 1582 7528 
13719 857 859 7878 
13720 7675 3948 7933 
13721 2495 2930 7706 
13722 4503 4455 7536 
13723 7314 1954 7728 
13724 2032 2861 7848 
13725 7369 4457 7802 
13726 6075 6076 7628 
13727 4005 3734 4006 
13728 7325 7446 7554 
13729 46 47 609 
13730 2861 3678 7848 
13731 362 519 7393 
13732 8067 2725 8108 
13733 3993 3185 7221 
13734 3859 4019 7604 
13735 1240 1241 7818 
13736 2374 2375 2376 
13737 3436 7645 7858 
13738 4022 3865 7703 
13739 4473 4550 7858 
13740 1571 1619 7658 
13741 4430 8537 8552 
13742 4329 4327 7874 
13743 953 955 8955 
13744 561 7576 7577 
13745 2858 2422 7700 
13746 3844 3843 3845 
13747 5349 3645 6792 
13748 5067 4152 7452 
13749 1968 8059 8063 
13750 3869 3867 7750 
13751 3735 3734 4005 
13752 3852 3851 3853 
13753 4090 3246 7797 
13754 4554 4556 7767 
13755 1246 1240 7818 
13756 2034 5668 7928 
13757 4576 2896 8260 
13758 4271 4269 7710 
13759 4769 8037 8122 
13760 1700 1697 7868 
13761 2898 7693 7883 
13762 6035 1362 7911 
13763 3276 3274 4133 
13764 7106 2608 8286 
13765 8001 6777 8027 
13766 5037 971 7812 
13767 2828 3387 3627 
13768 4049 4523 7771 
13769 7354 7356 8228 
13770 7406 3957 7814 
13771 2042 2040 7990 
13772 4775 8078 8079 
13773 2957 2959 3691 
13774 2534 7547 7824 
13775 2718 1569 7658 
13776 4467 3279 7862 
13777 3846 3845 3847 
13778 2054 2803 7730 
13779 7688 1246 7818 
13780 4065 3724 7832 
13781 5376 5375 5399 
13782 2419 2897 7976 
13783 2957 3691 7823 
13784 1780 1782 7744 
13785 2742 2741 7810 
13786 4853 4056 4854 
13787 2035 2033 7859 
13788 4754 4065 7832 
13789 2422 2424 7700 
13790 3164 3166 4179 
13791 4836 4090 7797 
13792 529 262 7433 
13793 6469 6470 6471 
13794 3156 3158 4173 
13795 1812 1942 7524 
13796 4544 4552 7776 
13797 8518 6561 8537 
13798 3729 2010 7835 
13799 3848 3847 3849 
13800 6296 6293 7582 
13801 6315 1894 7605 
13802 2020 2023 7677 
13803 2424 6197 7700 
13804 7645 4473 7858 
13805 4109 3374 6041 
13806 7605 2752 7869 
13807 6320 8156 8157 
13808 3025 3585 7913 
13809 681 817 7731 
13810 3873 3871 7734 
13811 4311 4459 7637 
13812 2717 2795 7793 
13813 309 310 7440 
13814 1857 1855 7571 
13815 3607 2837 7999 
13816 2507 2943 7729 
13817 2501 2499 7748 
13818 4142 5104 7862 
13819 3541 3668 7866 
13820 4569 8231 8241 
13821 2830 2717 7793 
13822 2380 2381 2385 
13823 2012 2736 7835 
13824 374 375 7413 
13825 1256 3328 7850 
13826 8249 4789 8252 
13827 2587 2038 7787 
13828 407 408 7721 
13829 7594 1212 7876 
13830 2953 2955 3704 
13831 2348 2327 7907 
13832 7676 3354 7735 
13833 3092 3091 7733 
13834 4313 4311 7637 
13835 2401 2006 7641 
13836 6692 6695 7879 
13837 3714 4448 4745 
13838 3851 4015 7852 
13839 691 687 7662 
13840 4524 4522 8011 
13841 5531 7617 7760 
13842 4556 4816 7767 
13843 5118 626 5511 
13844 2724 1780 7744 
13845 2010 2012 7835 
13846 4060 4840 7742 
13847 2019 2020 7677 
13848 2874 4506 7805 
13849 4840 5114 7742 
13850 590 333 7567 
13851 4508 2712 7644 
13852 7500 5622 7501 
13853 350 351 600 
13854 4654 3607 4655 
13855 7642 1872 7643 
13856 5874 5873 5877 
13857 4023 3869 7750 
13858 2824 5436 5437 
13859 7113 4468 7890 
13860 3678 4746 7848 
13861 8253 2659 8256 
13862 4758 4757 7953 
13863 3747 3436 7858 
13864 3850 3849 3851 
13865 580 7431 7432 
13866 333 334 7567 
13867 3787 3785 7740 
13868 4089 4510 7826 
13869 7174 1376 7882 
13870 1212 1210 7876 
13871 4646 4554 7767 
13872 3736 2839 6259 
13873 4787 4875 7860 
13874 2216 5717 7723 
13875 4795 4203 7877 
13876 3632 3084 4047 
13877 3655 3058 7925 
13878 2784 2782 7777 
13879 3106 3104 8264 
13880 4752 4751 7833 
13881 6573 4087 7826 
13882 3626 4062 4773 
13883 5591 5590 5592 
13884 6987 5762 8036 
13885 5755 5752 5756 
13886 3489 3487 7829 
13887 3550 3666 7795 
13888 4729 2172 7919 
13889 7114 1368 8026 
13890 5453 5456 8213 
13891 2669 7470 8211 
13892 3223 4171 7801 
13893 2942 2501 7748 
13894 4745 5231 7985 
13895 4765 4767 7995 
13896 7680 2400 7813 
13897 3548 3550 7795 
13898 2279 2346 7687 
13899 6574 6449 7804 
13900 663 17 7661 
13901 1210 1393 7876 
13902 4552 4646 7776 
13903 4525 4542 7799 
13904 4671 4049 7771 
13905 4714 3138 7898 
13906 3960 3873 7734 
13907 4327 4433 7874 
13908 2373 3358 7820 
13909 3947 6906 7800 
13910 3403 4547 7678 
13911 4669 4544 7776 
13912 2782 3113 7777 
13913 4569 4567 8231 
13914 5792 5789 7561 
13915 3785 3989 7740 
13916 18 539 7661 
13917 4009 3845 7836 
13918 2420 2858 7894 
13919 1592 1590 7910 
13920 5297 5300 7827 
13921 2088 2086 7563 
13922 7818 4760 7943 
13923 4203 4725 7877 
13924 946 944 7927 
13925 4478 4481 8000 
13926 7773 1989 7905 
13927 3700 5711 7903 
13928 4523 4670 7771 
13929 3487 4145 7829 
13930 5491 5490 7562 
13931 4223 4472 7696 
13932 6288 8091 8111 
13933 1396 1999 7886 
13934 2796 2716 7840 
13935 2440 2442 7938 
13936 3123 2830 7793 
13937 3585 6328 7913 
13938 5126 5134 5135 
13939 1979 1978 7808 
13940 1238 1387 7974 
13941 4562 4582 4583 
13942 4542 4669 7799 
13943 7107 7106 7896 
13944 7228 4454 8046 
13945 7420 7974 7995 
13946 2985 2762 7738 
13947 7536 7557 7908 
13948 1431 1637 7941 
13949 6201 6198 7929 
13950 539 19 7646 
13951 2046 2818 7831 
13952 1873 1871 7964 
13953 2006 2004 7641 
13954 2707 1429 7941 
13955 7878 1316 7892 
13956 7168 2650 8045 
13957 2336 2310 6841 
13958 7420 7566 7974 
13959 3171 3169 7903 
13960 2160 2158 7951 
13961 2892 7501 7803 
13962 2181 2733 5538 
13963 5538 2733 5539 
13964 947 949 8987 
13965 2116 7867 8168 
13966 1958 1870 7642 
13967 2751 2269 7884 
13968 2860 7859 7904 
13969 2714 4508 7840 
13970 1639 7828 7949 
13971 2720 6919 7377 
13972 807 713 7652 
13973 2716 2714 7840 
13974 3732 4753 7806 
13975 3055 3594 7597 
13976 958 956 7550 
13977 1362 936 7911 
13978 2894 8195 8208 
13979 284 285 610 
13980 3994 3807 7774 
13981 7853 4800 7960 
13982 326 658 7306 
13983 2650 1592 7910 
13984 2267 2751 7834 
13985 4067 4754 7984 
13986 5132 7408 7409 
13987 7692 2721 7886 
13988 6437 6439 7883 
13989 7838 4566 7857 
13990 2878 2053 7606 
13991 4670 4525 7799 
13992 2640 5999 6000 
13993 7579 2707 7890 
13994 5126 5135 7939 
13995 2352 2301 7762 
13996 6226 6227 7946 
13997 1310 921 7726 
13998 7093 6727 7922 
13999 1395 1396 7886 
14000 3857 3855 7783 
14001 8026 1368 8101 
14002 4817 4614 8914 
14003 4019 3857 7783 
14004 4705 4503 7908 
14005 7566 1245 7974 
14006 166 167 650 
14007 4056 4047 7881 
14008 4753 7613 7806 
14009 4468 7579 7890 
14010 2050 2819 7926 
14011 3855 4018 7783 
14012 5675 2021 7930 
14013 6330 2659 8253 
14014 4011 4016 7891 
14015 5004 4447 5005 
14016 6317 6315 7869 
14017 1639 7472 7979 
14018 3264 3262 7963 
14019 702 698 7575 
14020 802 804 5805 
14021 6802 6803 8130 
14022 334 7441 7567 
14023 4439 8119 8150 
14024 3213 7801 7802 
14025 2721 1395 7886 
14026 8080 5974 8119 
14027 5420 5417 7485 
14028 2819 2048 7831 
14029 5098 2836 8349 
14030 2311 2313 7955 
14031 5261 5264 5534 
14032 2735 763 7871 
14033 2443 6435 7693 
14034 1693 1691 8314 
14035 7138 175 7139 
14036 2642 4564 7863 
14037 2688 2687 7610 
14038 1415 1639 7979 
14039 3082 2784 7777 
14040 4791 4574 7988 
14041 8125 6322 8157 
14042 7618 1989 7816 
14043 3853 3851 7852 
14044 685 2764 7662 
14045 7306 658 7307 
14046 886 884 7390 
14047 7518 4824 7887 
14048 2687 2702 7610 
14049 2092 2822 7906 
14050 2310 2308 6841 
14051 2745 2305 7885 
14052 1337 4513 7846 
14053 8778 654 8779 
14054 2094 2092 7906 
14055 4052 3753 8005 
14056 5277 6987 8036 
14057 12 664 7715 
14058 1569 1571 7658 
14059 7443 654 8778 
14060 1991 1676 7901 
14061 3185 3183 7221 
14062 905 1311 7821 
14063 7475 1387 8017 
14064 4503 7536 7908 
14065 1387 1221 8017 
14066 1352 1337 7846 
14067 8214 4786 8236 
14068 4476 4478 8000 
14069 3227 4591 7920 
14070 1206 7496 8017 
14071 6287 6288 8111 
14072 2183 2186 7769 
14073 785 2719 7712 
14074 3792 3794 7631 
14075 4571 3188 7766 
14076 5433 5435 7983 
14077 7638 6883 8167 
14078 406 407 642 
14079 6973 6971 8221 
14080 2701 7523 8068 
14081 8300 4795 8309 
14082 8146 4803 8201 
14083 3949 3792 7631 
14084 2822 5883 7906 
14085 4672 4532 4673 
14086 4536 6680 8193 
14087 7520 7611 7998 
14088 7402 7403 8051 
14089 2749 2362 8089 
14090 7688 7818 7943 
14091 3145 5261 5534 
14092 5732 5733 6274 
14093 4756 3324 8049 
14094 2079 2081 7981 
14095 351 352 7753 
14096 4793 3747 8007 
14097 1870 1872 7642 
14098 5041 8001 8027 
14099 4695 4828 8002 
14100 1373 1352 7846 
14101 250 661 7576 
14102 4726 3324 4756 
14103 5983 7675 7933 
14104 560 11 7715 
14105 1052 1050 9054 
14106 4622 4620 7980 
14107 2761 2935 8291 
14108 6905 6818 8114 
14109 2330 2233 8055 
14110 813 3330 7746 
14111 4200 4069 7984 
14112 413 414 8053 
14113 8152 6309 8189 
14114 8471 6894 8479 
14115 7990 4773 8019 
14116 2056 2054 7730 
14117 815 813 7746 
14118 7564 1983 7928 
14119 2877 6777 8001 
14120 1384 1995 8052 
14121 7886 1999 8011 
14122 2788 2786 7945 
14123 4235 4436 8080 
14124 561 249 7576 
14125 2786 3082 7945 
14126 4047 4532 4672 
14127 3570 7784 7819 
14128 3231 3092 7733 
14129 8868 1315 8887 
14130 7196 7618 7816 
14131 4087 4089 7826 
14132 2048 2046 7831 
14133 262 263 7433 
14134 7828 4763 7949 
14135 6919 6920 7377 
14136 1429 1431 7941 
14137 4654 4655 4676 
14138 4576 8260 8269 
14139 3847 4009 7899 
14140 4736 3231 7733 
14141 2596 1411 8021 
14142 7188 4775 8069 
14143 3132 4118 7957 
14144 4436 4233 8024 
14145 4771 7189 8061 
14146 3279 3281 7862 
14147 8107 3194 8133 
14148 711 3721 7652 
14149 2053 2055 7606 
14150 5490 5493 7562 
14151 5642 5644 7975 
14152 6198 6200 7929 
14153 7981 5558 8095 
14154 5272 5276 7944 
14155 3310 3308 7959 
14156 3101 2390 8032 
14157 7736 4530 7917 
14158 3355 7943 7973 
14159 4447 3604 8023 
14160 4053 3125 5799 
14161 4763 7456 7949 
14162 737 735 7763 
14163 4557 3310 7959 
14164 1524 8295 8373 
14165 3169 3700 7903 
14166 2224 2228 5768 
14167 7557 2877 7908 
14168 4099 3264 7963 
14169 169 170 547 
14170 3597 3050 7975 
14171 4701 3732 7853 
14172 2844 4558 7902 
14173 8061 7189 8069 
14174 5676 7838 7857 
14175 7234 7235 7956 
14176 675 2723 7790 
14177 340 341 7600 
14178 566 183 7341 
14179 819 815 7746 
14180 4321 4435 8008 
14181 3084 2788 7945 
14182 2909 7736 7917 
14183 3657 3016 8006 
14184 2226 2232 7533 
14185 5810 5812 8003 
14186 2385 2800 8004 
14187 2116 2114 7867 
14188 856 852 8092 
14189 7096 3760 7888 
14190 4015 3849 7899 
14191 3184 3186 7842 
14192 6227 6230 7946 
14193 1667 1673 7711 
14194 4047 3084 4532 
14195 2052 2050 7926 
14196 310 599 7440 
14197 936 934 7911 
14198 1989 7618 7905 
14199 4163 3303 8041 
14200 8269 4792 8278 
14201 4617 4011 7891 
14202 3604 3605 8023 
14203 1982 1979 7808 
14204 2837 2396 3117 
14205 6435 6437 7693 
14206 7475 8017 8033 
14207 4854 4056 7881 
14208 1314 873 8013 
14209 687 685 7662 
14210 7611 3729 7998 
14211 6315 7605 7869 
14212 1673 2018 7711 
14213 2021 7901 7930 
14214 7813 2873 7953 
14215 3258 3132 7957 
14216 7777 4470 7932 
14217 4676 4655 4857 
14218 5543 4163 8041 
14219 3729 7835 7998 
14220 6907 8381 8396 
14221 4527 7112 7970 
14222 183 184 7341 
14223 6285 6300 7964 
14224 3720 4190 8050 
14225 5067 7452 7453 
14226 3204 5113 5537 
14227 1875 1873 8022 
14228 2277 2279 7687 
14229 557 235 7110 
14230 2605 5933 7996 
14231 5893 2334 8035 
14232 2818 2044 8019 
14233 4018 3853 7852 
14234 7908 2877 8001 
14235 3627 4684 4688 
14236 5646 8771 9115 
14237 5803 4159 8416 
14238 4539 4073 8048 
14239 1222 7956 8321 
14240 5010 5012 7915 
14241 2873 6721 7953 
14242 3100 3099 8061 
14243 4705 7908 8001 
14244 7735 4580 7948 
14245 8222 5155 8245 
14246 7570 6708 7825 
14247 810 787 7712 
14248 3654 5987 7925 
14249 2823 2094 7906 
14250 7242 1982 7808 
14251 7942 4098 7957 
14252 8649 2723 8653 
14253 1637 1433 8030 
14254 6316 6317 8143 
14255 6288 6290 8091 
14256 2597 2278 7779 
14257 4751 4029 7738 
14258 4481 4804 8000 
14259 2977 2440 7938 
14260 3741 4771 8061 
14261 5895 5896 8081 
14262 2971 7965 8082 
14263 4746 4747 7904 
14264 6971 6969 8239 
14265 5945 2597 7779 
14266 7676 7735 7948 
14267 5284 5282 8066 
14268 3224 4533 8074 
14269 4574 7676 7948 
14270 2073 2983 7968 
14271 3053 3055 7597 
14272 249 250 7576 
14273 5072 4720 5093 
14274 7584 2056 7730 
14275 2732 2277 7687 
14276 3353 7688 7943 
14277 1676 1674 7773 
14278 3131 2840 7789 
14279 7918 4759 7972 
14280 2313 2350 7955 
14281 4071 4200 8048 
14282 7374 2311 7955 
14283 3732 7806 7853 
14284 986 985 9087 
14285 713 711 7652 
14286 7910 1590 7935 
14287 7098 7096 7888 
14288 4119 3131 7789 
14289 1179 1222 7978 
14290 4047 4672 7881 
14291 6200 6204 7929 
14292 1674 1989 7773 
14293 5188 5187 5637 
14294 6624 6622 8025 
14295 2735 7871 7872 
14296 696 2727 7575 
14297 7692 7886 8011 
14298 5894 5895 8081 
14299 5717 2227 8016 
14300 5362 4514 8102 
14301 7486 3100 8079 
14302 4737 5995 7893 
14303 6441 7601 8135 
14304 2221 2224 5768 
14305 5503 3710 7861 
14306 3082 7777 7932 
14307 7835 4515 7998 
14308 8468 1023 8904 
14309 2752 7092 8145 
14310 5634 5633 6442 
14311 7938 5810 8003 
14312 8078 4533 8079 
14313 1437 1636 8040 
14314 5947 2592 7709 
14315 5973 5975 8150 
14316 1245 1238 7974 
14317 3103 3639 7830 
14318 3793 3791 7768 
14319 4760 5022 7973 
14320 4029 2985 7738 
14321 903 905 7821 
14322 5238 4098 7942 
14323 8211 7470 8212 
14324 3617 3197 7855 
14325 7272 2845 8100 
14326 3849 3847 7899 
14327 8069 4775 8079 
14328 2269 2271 7884 
14329 6469 1379 6470 
14330 5079 7967 8240 
14331 4783 4545 8101 
14332 4759 7683 7972 
14333 1322 927 7508 
14334 5276 7817 7944 
14335 2421 2419 7976 
14336 4315 4590 8070 
14337 5155 5156 8308 
14338 406 642 7873 
14339 5067 7453 8028 
14340 1348 886 7390 
14341 7116 8179 8192 
14342 1413 1415 7979 
14343 3262 5237 7963 
14344 1884 8243 8265 
14345 859 1316 7878 
14346 3387 2589 7900 
14347 5005 4447 8023 
14348 2391 2393 7272 
14349 2733 2183 7769 
14350 914 912 8899 
14351 4069 4067 7984 
14352 2303 2745 7762 
14353 2393 2845 7272 
14354 4120 3198 8188 
14355 4757 7813 7953 
14356 1306 5758 8970 
14357 7693 6437 7883 
14358 4767 7420 7995 
14359 6777 2968 8027 
14360 3050 3048 7975 
14361 4543 4541 8108 
14362 175 176 7139 
14363 4231 7751 8024 
14364 5068 5067 8028 
14365 4559 3184 7842 
14366 7696 7168 8045 
14367 2747 847 7916 
14368 4174 3298 7969 
14369 7606 2055 7782 
14370 2611 2613 7994 
14371 2803 2052 7926 
14372 7370 1999 8067 
14373 3314 3312 7792 
14374 3281 4142 7862 
14375 4857 4655 4858 
14376 1687 1685 8251 
14377 4532 3084 7945 
14378 5611 4185 7950 
14379 3100 8069 8079 
14380 8221 6971 8239 
14381 7943 4760 7973 
14382 777 775 7664 
14383 4701 7853 7960 
14384 775 2677 7664 
14385 852 850 8092 
14386 2105 2970 7965 
14387 927 929 7508 
14388 6716 7880 7952 
14389 3991 3793 7768 
14390 7810 4759 7918 
14391 5549 6465 6467 
14392 4241 4439 8162 
14393 2899 8137 8139 
14394 3347 3417 8094 
14395 4098 3258 7957 
14396 2197 2198 8029 
14397 4432 8437 8452 
14398 6969 6967 8254 
14399 2754 2291 7897 
14400 2206 2204 8049 
14401 4549 7654 8062 
14402 4828 5060 8002 
14403 7453 2592 8028 
14404 2163 2165 7373 
14405 698 696 7575 
14406 8254 6967 8262 
14407 1986 5996 8144 
14408 4075 4539 8090 
14409 3698 3344 8094 
14410 2305 2307 7885 
14411 3190 4579 7766 
14412 3188 3190 7766 
14413 1680 2725 8067 
14414 4124 3270 7983 
14415 4439 7630 8162 
14416 3058 3056 7925 
14417 2165 2168 7373 
14418 2271 2351 7884 
14419 3056 3654 7925 
14420 1636 1439 8093 
14421 642 407 7721 
14422 2044 2042 8019 
14423 4660 9158 9160 
14424 5948 5068 8028 
14425 3308 4529 7959 
14426 7817 2061 7944 
14427 3125 2833 5799 
14428 3734 3733 8054 
14429 1413 7979 8021 
14430 5008 4701 7960 
14431 2247 2248 8197 
14432 4433 8419 8423 
14433 2307 2344 7885 
14434 1221 1206 8017 
14435 6806 6805 8020 
14436 2083 2882 7937 
14437 4323 4321 8008 
14438 4180 4079 8098 
14439 2040 2801 7990 
14440 6580 6581 8174 
14441 7370 8067 8108 
14442 6922 1651 8402 
14443 1999 1678 8067 
14444 3710 2229 7533 
14445 7863 4564 8129 
14446 2301 2303 7762 
14447 3694 3037 7992 
14448 7761 7191 8014 
14449 1443 1635 8103 
14450 8032 2902 8117 
14451 2777 903 7821 
14452 5282 7968 8066 
14453 7610 4519 7986 
14454 7602 3126 8073 
14455 4623 7469 8600 
14456 4439 4239 8119 
14457 6292 6294 8139 
14458 7763 1340 8569 
14459 683 681 7731 
14460 4766 8033 8039 
14461 6928 1905 8127 
14462 1411 1413 8021 
14463 4858 4655 7999 
14464 7994 3097 8121 
14465 735 1340 7763 
14466 1896 6285 7964 
14467 7757 5374 8097 
14468 8087 4547 8127 
14469 8779 7362 8781 
14470 4620 5307 7980 
14471 6326 7564 7977 
14472 5128 5125 8072 
14473 5132 5130 7408 
14474 3238 4466 7950 
14475 6525 826 7936 
14476 1428 1426 8132 
14477 1871 1896 7964 
14478 4775 3749 8078 
14479 7569 8026 8101 
14480 8273 6963 8277 
14481 2293 2345 7897 
14482 4513 7761 8014 
14483 4764 7982 8068 
14484 654 7362 8779 
14485 7470 1670 8212 
14486 3404 2742 7918 
14487 7569 4508 8026 
14488 1353 1369 8118 
14489 2845 7915 8100 
14490 4726 5083 8042 
14491 4766 7475 8033 
14492 787 785 7712 
14493 3065 3596 7815 
14494 7858 4550 8007 
14495 4233 4231 8024 
14496 4565 8162 8194 
14497 2977 7938 8003 
14498 5219 2380 8004 
14499 8033 6931 8039 
14500 2674 5549 6467 
14501 7159 7158 8045 
14502 6931 2646 8039 
14503 1433 1435 8030 
14504 7859 4746 7904 
14505 6631 6629 8115 
14506 2983 5600 8066 
14507 8239 6969 8254 
14508 3170 3172 8088 
14509 6708 7363 7825 
14510 2764 683 7731 
14511 2209 2206 8049 
14512 5041 4705 8001 
14513 1670 6330 8235 
14514 8030 1435 8040 
14515 6967 6965 8262 
14516 796 798 8038 
14517 7496 6931 8033 
14518 2059 2061 7817 
14519 8039 2646 8046 
14520 3063 3065 7815 
14521 2365 2357 7954 
14522 7583 1892 8189 
14523 4587 5259 8287 
14524 2879 2059 7817 
14525 4574 7948 7988 
14526 6291 1916 8031 
14527 4771 8039 8046 
14528 7378 7757 8097 
14529 3747 7858 8007 
14530 7789 7272 8100 
14531 2613 2616 7994 
14532 2616 3097 7994 
14533 4522 7692 8011 
14534 843 3357 7889 
14535 1435 1437 8040 
14536 3749 4782 8078 
14537 7644 7114 8026 
14538 6665 6624 8025 
14539 7962 6298 8056 
14540 7931 4513 8014 
14541 6742 6740 8147 
14542 5907 8499 8912 
14543 7407 2382 8176 
14544 2114 2811 7867 
14545 7945 3082 8065 
14546 4790 4463 7991 
14547 3164 4179 7971 
14548 414 632 8053 
14549 4771 4766 8039 
14550 7362 517 8781 
14551 6468 8142 8164 
14552 3048 5642 7975 
14553 4756 7839 8131 
14554 3272 4124 8009 
14555 3286 4141 8205 
14556 4185 3238 7950 
14557 8257 5461 8258 
14558 2659 7375 8256 
14559 3570 2999 7784 
14560 2233 2225 7875 
14561 7520 7998 8087 
14562 2801 3626 7990 
14563 6939 6940 8200 
14564 7493 545 7494 
14565 2347 5680 8113 
14566 6468 2725 8142 
14567 6965 6963 8273 
14568 4176 3162 7971 
14569 4073 4071 8048 
14570 4444 7854 8864 
14571 4735 4465 8063 
14572 3274 3272 8009 
14573 4508 7644 8026 
14574 600 351 7753 
14575 2843 3641 7989 
14576 517 7476 8787 
14577 7678 4547 8087 
14578 2646 7228 8046 
14579 4530 3720 8050 
14580 8047 4530 8050 
14581 7928 5668 7977 
14582 4553 4551 8164 
14583 1994 1384 8052 
14584 1635 1445 8138 
14585 2108 2106 8012 
14586 6375 6376 8057 
14587 3733 7982 8054 
14588 5094 7402 8051 
14589 2982 2079 7981 
14590 8235 6330 8253 
14591 6791 1987 8058 
14592 4081 4180 8128 
14593 7951 4778 8240 
14594 7375 1659 8271 
14595 8276 7271 8283 
14596 3642 2842 7989 
14597 8012 5439 8096 
14598 5499 5947 7709 
14599 7092 8134 8145 
14600 7345 7344 8060 
14601 4520 4588 8136 
14602 8081 3740 8089 
14603 3305 4156 8041 
14604 2999 3001 7784 
14605 2899 2423 8137 
14606 1536 1534 8170 
14607 2908 1875 8022 
14608 8242 4791 8255 
14609 1659 7271 8276 
14610 5554 5558 7937 
14611 3626 4773 7990 
14612 7958 2323 8113 
14613 4780 8204 8215 
14614 6946 6947 8149 
14615 3658 5595 8006 
14616 2291 2293 7897 
14617 6346 8557 8582 
14618 8118 1369 8167 
14619 3104 3102 8217 
14620 3082 7932 8065 
14621 4305 4589 8140 
14622 7880 3076 7952 
14623 6576 6577 8216 
14624 5395 5384 8106 
14625 7730 2803 8043 
14626 3162 3164 7971 
14627 7582 6293 8031 
14628 2321 2323 7958 
14629 4125 3314 7792 
14630 2380 2385 8004 
14631 4784 4785 8016 
14632 3004 3664 8076 
14633 4560 4083 8128 
14634 7296 7406 8798 
14635 7117 4735 8059 
14636 5188 7697 7698 
14637 4133 3274 8009 
14638 3360 3431 8148 
14639 7476 7367 8794 
14640 7372 3098 8056 
14641 2184 2178 8071 
14642 3289 3291 7923 
14643 4006 3734 8054 
14644 3099 3741 8061 
14645 4114 5045 8075 
14646 5710 5784 8083 
14647 2435 2433 8141 
14648 4514 4189 8102 
14649 8224 5419 8345 
14650 2349 2321 7958 
14651 851 854 7856 
14652 2360 2217 8246 
14653 3076 6836 7952 
14654 4137 5419 8224 
14655 2971 2103 7965 
14656 5387 5390 8966 
14657 6575 1998 8190 
14658 7564 7928 7977 
14659 4769 4770 8037 
14660 2742 7810 7918 
14661 853 851 7856 
14662 5439 5441 8096 
14663 5950 8793 9013 
14664 6963 6961 8277 
14665 7139 7140 8086 
14666 6299 6298 7962 
14667 6858 6735 8274 
14668 1684 1998 8142 
14669 2811 8169 8223 
14670 1449 1634 8155 
14671 3417 3349 8151 
14672 4686 5079 8240 
14673 2725 1682 8142 
14674 7189 7188 8069 
14675 873 875 8013 
14676 2319 2349 7921 
14677 6638 6636 8166 
14678 6751 6748 8178 
14679 6301 6305 8077 
14680 8140 7335 8391 
14681 2359 5213 8084 
14682 3714 4745 8073 
14683 6961 6959 8279 
14684 1315 867 8185 
14685 400 401 8175 
14686 2325 2347 8113 
14687 3754 4784 8171 
14688 4532 7945 8065 
14689 4764 6902 7982 
14690 7372 8056 8111 
14691 6293 6291 8031 
14692 3201 5535 7987 
14693 4182 3224 8074 
14694 4785 4546 8117 
14695 4317 4315 8070 
14696 2811 2112 8169 
14697 4782 5111 8109 
14698 7954 7407 8018 
14699 7723 5717 8015 
14700 2229 2226 7533 
14701 6670 2908 8123 
14702 7654 3698 8062 
14703 1678 1680 8067 
14704 7917 4530 8047 
14705 4184 3170 8088 
14706 5449 8161 8223 
14707 8262 6965 8273 
14708 2447 2898 8183 
14709 3303 3305 8041 
14710 8182 7351 8380 
14711 824 1394 7936 
14712 4533 7486 8079 
14713 2842 2843 7989 
14714 2898 6982 8183 
14715 8074 4533 8078 
14716 3431 3362 8165 
14717 8781 517 8787 
14718 7940 3006 8076 
14719 4783 8101 8118 
14720 7976 6295 8137 
14721 6959 6957 8292 
14722 5371 5372 7861 
14723 6907 1652 8381 
14724 3366 3445 8172 
14725 4237 4235 8080 
14726 2894 2451 8195 
14727 7586 8043 8044 
14728 4515 7678 8087 
14729 4803 4006 8054 
14730 3016 3014 8006 
14731 820 818 7523 
14732 3291 4175 7923 
14733 2327 2328 7907 
14734 6303 6299 7962 
14735 3620 3714 8073 
14736 8119 5974 8150 
14737 2328 4540 7907 
14738 2908 8022 8077 
14739 2421 7976 8137 
14740 7520 8087 8127 
14741 3400 2365 7954 
14742 5576 5580 9105 
14743 4191 4560 8177 
14744 5497 3710 5503 
14745 3229 4114 8075 
14746 2882 5554 7937 
14747 1268 7529 8158 
14748 3344 3347 8094 
14749 4738 8120 8121 
14750 4077 4075 8090 
14751 2824 5439 8012 
14752 7968 2983 8066 
14753 4673 4532 8065 
14754 2647 6907 8396 
14755 2703 2701 8068 
14756 1671 6824 8194 
14757 1439 1441 8093 
14758 290 291 7493 
14759 4182 8074 8109 
14760 5784 5785 8083 
14761 7271 7192 8283 
14762 8271 1659 8276 
14763 8292 6957 8305 
14764 3601 3008 7940 
14765 4079 4077 8098 
14766 6861 6862 8099 
14767 2688 7610 7986 
14768 6532 6533 8234 
14769 8167 6883 8180 
14770 8256 7375 8271 
14771 3129 4113 8010 
14772 8016 2227 8129 
14773 8544 7829 8687 
14774 1634 1451 8184 
14775 7976 2897 8091 
14776 8059 4735 8063 
14777 8173 4566 8209 
14778 1892 6670 8152 
14779 8200 2923 8364 
14780 6975 6973 8208 
14781 8074 4782 8109 
14782 4077 8090 8098 
14783 7192 1658 8290 
14784 635 265 8034 
14785 7138 7139 8086 
14786 5374 7609 8097 
14787 2928 6674 8233 
14788 4199 4808 8064 
14789 3701 3088 8154 
14790 8311 6903 8312 
14791 3014 3658 8006 
14792 8643 3950 8645 
14793 4189 4537 8102 
14794 7998 4515 8087 
14795 2511 2945 8196 
14796 7116 3097 8179 
14797 3126 3620 8073 
14798 3756 4566 8173 
14799 6611 6614 8219 
14800 2825 6482 8169 
14801 1441 1443 8103 
14802 2908 8077 8123 
14803 7586 7730 8043 
14804 5015 7789 8100 
14805 2701 820 7523 
14806 8277 6961 8279 
14807 8787 7476 8794 
14808 5258 4599 8460 
14809 4785 8015 8016 
14810 8389 5260 8460 
14811 6677 8014 8158 
14812 2812 8168 8213 
14813 1998 1686 8190 
14814 8212 1670 8235 
14815 3006 3004 8076 
14816 4561 3402 8018 
14817 2106 2824 8012 
14818 7403 4182 8109 
14819 6317 8135 8143 
14820 7300 796 8038 
14821 8283 7192 8290 
14822 8137 6295 8139 
14823 1455 1633 8198 
14824 2297 5106 8386 
14825 4545 7569 8101 
14826 8091 2897 8111 
14827 6957 6955 8305 
14828 1658 7595 8302 
14829 1188 7318 8981 
14830 3194 3196 8133 
14831 8162 7630 8194 
14832 6356 6357 8250 
14833 5109 5230 8084 
14834 8093 1441 8103 
14835 7838 8202 8209 
14836 839 5927 8146 
14837 3008 3006 7940 
14838 8290 1658 8302 
14839 6774 6905 8114 
14840 2204 2202 7839 
14841 8125 7484 8159 
14842 8014 7191 8158 
14843 3733 2703 8068 
14844 8279 6959 8292 
14845 1669 7435 8323 
14846 3755 7495 8214 
14847 6645 6643 8210 
14848 5083 4756 8131 
14849 8171 4790 8217 
14850 4794 3701 8154 
14851 5057 4592 8075 
14852 7697 2195 7698 
14853 2202 2343 7839 
14854 848 1379 6469 
14855 6348 6351 8181 
14856 7906 5883 8116 
14857 8234 2927 8403 
14858 4198 4199 8064 
14859 8323 7435 8330 
14860 5998 4198 8064 
14861 3116 3755 8214 
14862 5123 5143 8072 
14863 2323 2325 8113 
14864 2195 5231 7698 
14865 6524 6789 8360 
14866 3318 3316 8126 
14867 6193 8610 8611 
14868 4782 8074 8078 
14869 6928 8127 8173 
14870 1690 1997 8204 
14871 4295 4536 8182 
14872 850 848 6469 
14873 6903 1669 8312 
14874 4618 4805 8444 
14875 5391 5389 8153 
14876 4541 7370 8108 
14877 8158 7529 8207 
14878 6955 6953 8320 
14879 4565 4243 8162 
14880 4592 3229 8075 
14881 2845 2838 8010 
14882 2225 2223 7875 
14883 2103 2105 7965 
14884 291 545 7493 
14885 5677 5679 8202 
14886 1368 1353 8118 
14887 849 853 7916 
14888 7647 8665 8722 
14889 8320 6953 8328 
14890 7224 8514 8696 
14891 3097 2618 8179 
14892 826 824 7936 
14893 5311 5313 8082 
14894 8482 7136 8884 
14895 3196 4120 8133 
14896 7353 7354 8218 
14897 3316 4125 8126 
14898 6664 6631 8115 
14899 5231 2191 7985 
14900 7595 6903 8311 
14901 4784 8016 8129 
14902 7382 2647 8387 
14903 6439 6438 8124 
14904 2916 7484 8125 
14905 8303 5941 8333 
14906 5498 5497 5503 
14907 8168 5454 8213 
14908 7967 2160 8240 
14909 3754 8171 8217 
14910 1901 7822 8110 
14911 7902 4558 8179 
14912 2314 2312 8244 
14913 2897 7372 8111 
14914 2917 8141 8143 
14915 2902 5153 8117 
14916 8343 1657 8348 
14917 4697 4050 7997 
14918 1905 7520 8127 
14919 4591 4719 8288 
14920 1633 1457 8230 
14921 3382 3454 8226 
14922 847 849 7916 
14923 8139 6294 8159 
14924 4579 3192 8107 
14925 6803 6464 8130 
14926 6799 6854 8298 
14927 8330 2682 8337 
14928 2110 2825 8169 
14929 6193 2684 8610 
14930 7601 2917 8135 
14931 2382 7895 8191 
14932 4239 4237 8119 
14933 6784 6821 8319 
14934 8302 7595 8311 
14935 5795 8658 8747 
14936 2916 8125 8157 
14937 3192 3194 8107 
14938 6953 6951 8328 
14939 2917 2435 8141 
14940 4237 8080 8119 
14941 8261 2222 8308 
14942 1461 1632 8237 
14943 6295 6292 8139 
14944 4146 3375 8306 
14945 4762 4789 8249 
14946 2896 3722 8252 
14947 4083 4081 8128 
14948 7404 646 8801 
14949 1640 1428 8132 
14950 1654 8193 8295 
14951 3445 3368 8238 
14952 7292 7293 8806 
14953 5572 5570 7993 
14954 1379 846 7889 
14955 8195 6978 8208 
14956 1685 1683 8255 
14957 5357 4493 8160 
14958 7982 3733 8068 
14959 4613 7389 8603 
14960 3311 3313 8307 
14961 6951 6949 8341 
14962 8124 6438 8134 
14963 4783 8118 8167 
14964 6758 6754 8220 
14965 6652 6650 8247 
14966 8131 2343 8227 
14967 1445 1447 8138 
14968 2823 7906 8116 
14969 6305 6307 8123 
14970 4564 4790 8171 
14971 6819 1986 8144 
14972 2386 2902 8032 
14973 7108 1657 8343 
14974 6352 6353 8280 
14975 8305 6955 8320 
14976 8015 5717 8016 
14977 2227 7863 8129 
14978 2390 2386 8032 
14979 7435 2682 8330 
14980 5570 5579 7993 
14981 2423 2421 8137 
14982 8101 1368 8118 
14983 8141 7282 8143 
14984 6887 2916 8157 
14985 2812 2118 8168 
14986 4573 4791 8242 
14987 5125 5123 8072 
14988 4770 4863 8037 
14989 7982 6902 8201 
14990 2826 2124 8257 
14991 7803 7501 8203 
14992 4307 4305 8140 
14993 4528 8383 8393 
14994 8077 6305 8123 
14995 4521 4520 8136 
14996 1682 1684 8142 
14997 2838 3129 8010 
14998 7282 6316 8143 
14999 2608 7298 8278 
15000 4813 8878 9156 
15001 8100 7915 8187 
15002 6949 6946 8149 
15003 3351 3360 8148 
15004 6740 6743 8147 
15005 4805 8649 8653 
15006 1632 1463 8259 
15007 5421 5420 8357 
15008 2915 6887 8156 
15009 7127 1653 8362 
15010 4567 4440 8192 
15011 7529 4575 8207 
15012 2220 2222 8261 
15013 8054 7982 8201 
15014 5213 5109 8084 
15015 2829 2828 8104 
15016 2812 5482 8263 
15017 3200 5149 8188 
15018 3349 3351 8151 
15019 6317 7869 8163 
15020 3351 8148 8151 
15021 3402 3400 8018 
15022 8328 6951 8341 
15023 1884 1886 8243 
15024 4243 4241 8162 
15025 8211 5766 8225 
15026 5974 5973 8150 
15027 5015 8100 8187 
15028 7627 8853 8900 
15029 7869 2752 8145 
15030 6249 6194 8310 
15031 4517 8249 8252 
15032 6438 6440 8134 
15033 1447 1449 8155 
15034 5580 5313 8936 
15035 3751 4772 8005 
15036 8243 5679 8265 
15037 4149 3288 8205 
15038 3746 4792 8269 
15039 7191 1268 8158 
15040 8202 1956 8209 
15041 8138 1447 8155 
15042 8207 4575 8233 
15043 1957 1882 8265 
15044 6618 6621 8281 
15045 2118 2116 8168 
15046 4551 6468 8164 
15047 1467 1631 8266 
15048 4050 4051 7997 
15049 8282 4806 8743 
15050 4698 5007 8241 
15051 3465 3391 8268 
15052 6310 7803 8203 
15053 1534 1656 8170 
15054 2191 7603 7985 
15055 2251 2640 8197 
15056 3362 3364 8165 
15057 3400 7954 8018 
15058 2682 7108 8337 
15059 1369 7638 8167 
15060 7839 2343 8131 
15061 3470 3397 8270 
15062 6482 5447 8223 
15063 2834 2749 8089 
15064 5599 2982 8095 
15065 3144 3146 8224 
15066 3389 3465 8275 
15067 6928 8173 8209 
15068 8129 4564 8171 
15069 6440 6441 8163 
15070 3406 3539 8272 
15071 8156 6887 8157 
15072 6517 6520 8379 
15073 6581 6582 8174 
15074 6670 8123 8152 
15075 6307 6309 8152 
15076 6663 6638 8166 
15077 3364 3366 8172 
15078 3627 4688 8104 
15079 7723 8015 8245 
15080 2219 3233 8246 
15081 4582 4561 8176 
15082 2112 2110 8169 
15083 5394 5391 8153 
15084 8165 3364 8172 
15085 2982 7981 8095 
15086 5016 5015 8187 
15087 8373 6680 8375 
15088 7365 4528 8393 
15089 8149 6947 8317 
15090 846 843 7889 
15091 8603 7389 8616 
15092 4566 7838 8209 
15093 8739 3951 8751 
15094 4493 4494 8160 
15095 4052 5637 8122 
15096 3753 3751 8005 
15097 7100 550 8638 
15098 6839 1623 8617 
15099 3539 3408 8285 
15100 401 584 8175 
15101 1656 7477 8361 
15102 4580 4795 8300 
15103 7484 2899 8159 
15104 8361 7477 8363 
15105 6677 8158 8207 
15106 2928 8233 8242 
15107 8989 5278 9005 
15108 8661 6470 9096 
15109 6748 6749 8178 
15110 8169 6482 8223 
15111 8312 1669 8323 
15112 8495 5194 8689 
15113 4721 4191 8177 
15114 2828 3627 8104 
15115 6182 6461 8566 
15116 1691 1689 8309 
15117 8387 2647 8396 
15118 3395 3470 8284 
15119 8418 5806 8442 
15120 3198 3200 8188 
15121 3412 3544 8293 
15122 2449 2447 8183 
15123 1631 1469 8289 
15124 4547 3756 8173 
15125 8127 4547 8173 
15126 3105 3633 8105 
15127 6351 6612 8181 
15128 3102 3754 8217 
15129 2449 8183 8195 
15130 4781 4783 8180 
15131 5623 8189 8203 
15132 8123 6307 8152 
15133 867 869 8185 
15134 1451 1453 8184 
15135 4570 5766 8211 
15136 6037 5910 8186 
15137 4297 4295 8182 
15138 4808 8741 8764 
15139 4440 7116 8192 
15140 8380 7351 8383 
15141 6840 1655 8368 
15142 5635 5098 8325 
15143 2343 5640 8227 
15144 6379 6246 8338 
15145 8015 4785 8222 
15146 4576 8269 8278 
15147 6765 6761 8248 
15148 5623 7583 8189 
15149 2451 2449 8195 
15150 2477 2931 8317 
15151 1997 9240 9241 
15152 8134 6440 8145 
15153 8325 5098 8349 
15154 7104 8348 8350 
15155 7348 7123 8823 
15156 4738 6259 8120 
15157 6259 6260 8120 
15158 1686 1688 8190 
15159 2618 7902 8179 
15160 6942 6939 8200 
15161 2586 2761 8282 
15162 3454 3384 8315 
15163 1473 1630 8301 
15164 5454 5453 8213 
15165 4784 8129 8171 
15166 7867 2811 8161 
15167 8208 6973 8221 
15168 2513 2511 8196 
15169 8135 2917 8143 
15170 8337 7108 8343 
15171 8363 6840 8368 
15172 2923 8351 8364 
15173 7477 6840 8363 
15174 8406 6924 8407 
15175 3419 3553 8318 
15176 7348 8823 8829 
15177 2320 2318 8299 
15178 3288 3286 8205 
15179 3104 8217 8264 
15180 8184 1453 8198 
15181 4636 8699 8700 
15182 3544 3414 8316 
15183 8200 6940 8342 
15184 4494 4497 8160 
15185 1453 1455 8198 
15186 2161 2160 7967 
15187 6625 6628 8339 
15188 8231 3643 8241 
15189 4550 4548 8321 
15190 7501 5623 8203 
15191 4558 3643 8231 
15192 6346 6344 8557 
15193 4589 7365 8384 
15194 5158 7875 8261 
15195 2201 6678 8029 
15196 1956 6928 8209 
15197 6461 6346 8582 
15198 6781 6779 8340 
15199 1524 1522 8295 
15200 3740 2834 8089 
15201 2928 8242 8255 
15202 2248 2251 8197 
15203 7630 1671 8194 
15204 5678 5941 8303 
15205 8251 1685 8255 
15206 2207 2208 8422 
15207 2164 2161 7967 
15208 2120 2812 8263 
15209 553 5218 9184 
15210 2198 2201 8029 
15211 8291 2935 8294 
15212 6675 6677 8207 
15213 1630 1475 8322 
15214 8190 1688 8204 
15215 1688 1690 8204 
15216 8182 4536 8193 
15217 4535 7104 8355 
15218 2222 7723 8245 
15219 7617 5531 8385 
15220 1479 1629 8327 
15221 6529 6189 8466 
15222 8355 1656 8361 
15223 692 689 8296 
15224 6660 6645 8210 
15225 8586 1616 8732 
15226 7747 4570 8212 
15227 6978 6975 8208 
15228 6577 6578 8216 
15229 5151 7920 8288 
15230 6754 6755 8220 
15231 7838 5677 8202 
15232 7634 7348 8829 
15233 8951 2777 9055 
15234 5420 7485 8357 
15235 6077 6080 8366 
15236 2029 8300 8309 
15237 2925 8589 8593 
15238 6936 6532 8234 
15239 5269 5268 8199 
15240 8317 6947 8351 
15241 2899 8139 8159 
15242 6909 8695 8699 
15243 3553 3421 8331 
15244 4563 4780 8215 
15245 7956 4550 8321 
15246 4570 8211 8212 
15247 6186 6183 8546 
15248 2596 8021 8232 
15249 6614 6619 8219 
15250 7707 2894 8221 
15251 7722 2596 8232 
15252 3639 3105 8105 
15253 3426 3560 8336 
15254 4783 8167 8180 
15255 8257 2122 8263 
15256 8368 1655 8375 
15257 3638 3116 8214 
15258 7352 7353 8218 
15259 6675 8207 8233 
15260 8232 7473 8249 
15261 2483 2923 8342 
15262 7915 5012 8187 
15263 715 807 8335 
15264 670 546 8411 
15265 3643 4698 8241 
15266 5747 8224 8345 
15267 6000 6042 8718 
15268 3370 3382 8226 
15269 1457 1459 8230 
15270 6680 6679 8375 
15271 2680 2213 8389 
15272 2222 8245 8308 
15273 6674 6675 8233 
15274 1538 1536 8350 
15275 6181 6182 8565 
15276 7707 8221 8239 
15277 3560 3428 8346 
15278 1629 1481 8347 
15279 8145 6440 8163 
15280 2160 7951 8240 
15281 1342 719 8359 
15282 1200 3329 8356 
15283 7869 8145 8163 
15284 1205 1202 8356 
15285 3370 8226 8238 
15286 3638 8214 8236 
15287 8547 1614 8687 
15288 7721 5411 8332 
15289 8194 6824 8225 
15290 7651 1338 8639 
15291 3439 3565 8352 
15292 1886 1956 8243 
15293 4635 4636 8700 
15294 8230 1459 8237 
15295 3373 7216 8306 
15296 3565 3441 8358 
15297 8592 6612 8602 
15298 2923 2481 8351 
15299 4572 7747 8235 
15300 7436 8253 8256 
15301 8384 7365 8393 
15302 1459 1461 8237 
15303 3368 3370 8238 
15304 2927 8394 8403 
15305 7173 651 8652 
15306 2489 2927 8367 
15307 6838 8624 8630 
15308 6183 6181 8560 
15309 7875 2223 8261 
15310 6944 6942 8364 
15311 1485 1628 8353 
15312 3146 4137 8224 
15313 2336 6842 8683 
15314 792 828 8568 
15315 4818 3638 8236 
15316 2920 7707 8239 
15317 7104 7103 8348 
15318 5766 4565 8225 
15319 8218 7354 8228 
15320 8721 4471 8734 
15321 6761 6762 8248 
15322 6632 6635 8370 
15323 9208 5236 9218 
15324 5988 8742 9142 
15325 6587 7197 8388 
15326 6431 6661 8551 
15327 6337 6513 8401 
15328 7988 7948 8300 
15329 8191 7895 8325 
15330 3447 3568 8369 
15331 1526 1524 8373 
15332 8565 6182 8566 
15333 4575 4573 8242 
15334 8598 4615 8732 
15335 4624 5096 8678 
15336 8332 7837 8857 
15337 5187 4769 8122 
15338 2931 8149 8317 
15339 4803 8054 8201 
15340 7652 4718 8329 
15341 4572 8235 8253 
15342 2675 8917 8937 
15343 4794 5095 8399 
15344 4636 6909 8699 
15345 7473 4762 8249 
15346 7747 8212 8235 
15347 2124 2122 8257 
15348 8234 6533 8367 
15349 3839 3837 8756 
15350 6659 6652 8247 
15351 8170 1656 8355 
15352 2896 8252 8260 
15353 8349 2836 8376 
15354 6357 6358 8250 
15355 1628 1487 8371 
15356 2217 2219 8246 
15357 8021 7473 8232 
15358 6189 6187 8511 
15359 1491 1626 8377 
15360 2029 7988 8300 
15361 721 1342 8382 
15362 6187 6186 8523 
15363 2920 8239 8254 
15364 4299 4297 8380 
15365 4641 4471 8721 
15366 3722 4517 8252 
15367 8202 5679 8243 
15368 4791 7988 8251 
15369 8566 6461 8582 
15370 7351 7350 8383 
15371 6672 6673 8467 
15372 8560 6181 8565 
15373 2921 8602 8615 
15374 7288 8254 8262 
15375 8342 6940 8394 
15376 6338 6333 8415 
15377 8193 6680 8295 
15378 1683 2928 8255 
15379 7288 2920 8254 
15380 8546 6183 8560 
15381 8511 6187 8523 
15382 8702 2727 8704 
15383 7436 4572 8253 
15384 2314 8244 8267 
15385 5461 5460 8258 
15386 4578 7436 8256 
15387 1463 1465 8259 
15388 8743 4806 8744 
15389 6889 6891 8447 
15390 1957 8303 8333 
15391 2922 7288 8262 
15392 2312 2336 8244 
15393 5745 5747 8345 
15394 4789 7444 8260 
15395 486 9237 9243 
15396 710 714 8395 
15397 8295 6680 8373 
15398 7969 5697 8426 
15399 2608 8278 8286 
15400 1626 1493 8398 
15401 4309 4307 8391 
15402 2122 2120 8263 
15403 8534 2718 8726 
15404 4629 8668 8672 
15405 805 725 8392 
15406 3568 3449 8397 
15407 3453 3569 8400 
15408 5153 5155 8222 
15409 5806 4797 8442 
15410 5802 5805 8418 
15411 7491 8273 8277 
15412 6588 6584 8408 
15413 5158 8261 8308 
15414 3432 4146 8365 
15415 2894 8208 8221 
15416 6909 4641 8695 
15417 4629 5730 8668 
15418 1497 1625 8405 
15419 5336 5339 8474 
15420 8233 4575 8242 
15421 3391 3393 8268 
15422 5096 8667 8678 
15423 7819 5337 8414 
15424 4435 4319 8406 
15425 4127 4159 8442 
15426 6639 6642 8409 
15427 8260 7444 8269 
15428 1882 1884 8265 
15429 6984 6926 8423 
15430 1465 1467 8266 
15431 2295 2297 8386 
15432 8161 2811 8223 
15433 4640 4635 8693 
15434 7104 8170 8355 
15435 8259 1465 8266 
15436 7444 3746 8269 
15437 4577 4716 8436 
15438 4578 8256 8271 
15439 7491 2922 8273 
15440 2780 2586 8282 
15441 3386 3389 8275 
15442 6937 6936 8403 
15443 3399 3406 8272 
15444 3397 3399 8270 
15445 7480 4578 8271 
15446 6735 6737 8274 
15447 2922 8262 8273 
15448 2927 2487 8394 
15449 8181 6612 8592 
15450 727 805 8435 
15451 5559 5556 9110 
15452 8638 550 8651 
15453 4807 8734 8736 
15454 8526 7223 8696 
15455 8270 3399 8272 
15456 3569 3456 8410 
15457 8625 6619 8637 
15458 4584 8191 8325 
15459 7268 8276 8283 
15460 7298 4576 8278 
15461 7175 4597 8427 
15462 5941 6906 8333 
15463 2930 8432 8446 
15464 344 591 8412 
15465 6353 6354 8280 
15466 2205 2207 8451 
15467 8333 6906 8344 
15468 3460 3683 8413 
15469 4567 8192 8231 
15470 8268 3393 8284 
15471 6876 6569 8461 
15472 4433 4325 8419 
15473 8466 6189 8511 
15474 8523 6186 8546 
15475 9007 1310 9102 
15476 2223 2220 8261 
15477 2924 7491 8277 
15478 1625 1499 8420 
15479 6568 6564 8443 
15480 1001 1003 8441 
15481 7745 2924 8279 
15482 8996 1322 9110 
15483 7268 7480 8276 
15484 8306 7216 8577 
15485 6621 6626 8281 
15486 8192 4558 8231 
15487 2919 8637 8654 
15488 3464 3571 8424 
15489 6571 6339 8421 
15490 1501 2711 8420 
15491 2923 8200 8342 
15492 5056 4587 8287 
15493 1691 8309 8314 
15494 3408 3410 8285 
15495 3393 3395 8284 
15496 3683 3462 8424 
15497 7300 8038 8334 
15498 6895 4600 8440 
15499 6530 6529 8446 
15500 7359 5992 8458 
15501 3375 3373 8306 
15502 4509 7268 8283 
15503 4792 4793 8286 
15504 6705 6704 8452 
15505 1469 1471 8289 
15506 2930 2493 8432 
15507 6453 6574 8436 
15508 5903 5904 8476 
15509 5679 5678 8303 
15510 7745 8279 8292 
15511 4716 4111 8430 
15512 7264 7261 8465 
15513 4012 4618 8495 
15514 8289 1471 8301 
15515 2924 8277 8279 
15516 995 997 8431 
15517 6854 6856 8298 
15518 1956 8202 8243 
15519 4791 8251 8255 
15520 7480 8271 8276 
15521 7462 4509 8290 
15522 689 691 8296 
15523 4158 3311 8307 
15524 3386 8275 8315 
15525 6646 6649 8450 
15526 1017 1019 8448 
15527 4509 8283 8290 
15528 1957 8265 8303 
15529 7753 4723 8710 
15530 1505 1610 8433 
15531 6451 6452 8449 
15532 2926 7745 8292 
15533 3666 7126 8453 
15534 3410 3412 8293 
15535 4565 8194 8225 
15536 1009 1011 8434 
15537 4512 8311 8312 
15538 8285 3410 8293 
15539 2711 1503 8433 
15540 1471 1473 8301 
15541 2926 8292 8305 
15542 7467 7322 8469 
15543 4628 4629 8672 
15544 4317 8070 8406 
15545 4329 7874 8437 
15546 5637 5187 8122 
15547 5991 5994 8458 
15548 7653 2926 8305 
15549 2318 2337 8299 
15550 4785 8117 8222 
15551 7462 8290 8302 
15552 7507 9042 9214 
15553 3472 3682 8439 
15554 1610 1507 8454 
15555 7461 7462 8302 
15556 4159 3697 8416 
15557 4432 4331 8437 
15558 8070 6924 8406 
15559 4584 8325 8349 
15560 3682 3474 8455 
15561 7170 7199 8658 
15562 1689 2029 8309 
15563 7320 7323 8469 
15564 8217 4790 8264 
15565 3512 3670 8462 
15566 4323 8008 8419 
15567 6194 6195 8310 
15568 5279 1308 9016 
15569 7710 4512 8312 
15570 7134 7132 8484 
15571 6901 4601 8464 
15572 3476 3574 8455 
15573 4502 4794 8399 
15574 3671 3510 8462 
15575 5907 5905 8492 
15576 7874 6706 8437 
15577 1509 2671 8454 
15578 6873 6871 8480 
15579 6770 6769 8313 
15580 7133 7134 8478 
15581 4512 7461 8311 
15582 7129 7131 8484 
15583 3571 3467 8438 
15584 5712 9183 9185 
15585 3384 3386 8315 
15586 3508 3671 8463 
15587 7304 7303 8524 
15588 5900 5902 8492 
15589 7920 4591 8288 
15590 7948 4580 8300 
15591 5156 5158 8308 
15592 8117 5153 8222 
15593 8008 6985 8419 
15594 6893 6775 8487 
15595 5419 5422 8324 
15596 2320 8299 8304 
15597 3490 3492 8488 
15598 7461 8302 8311 
15599 4333 4432 8471 
15600 8176 2382 8191 
15601 8367 6533 8432 
15602 1029 1031 8489 
15603 827 6804 8491 
15604 6266 5968 8579 
15605 7324 7554 8478 
15606 3414 3416 8316 
15607 4432 7527 8471 
15608 3516 3672 8477 
15609 3494 3496 8485 
15610 6821 6801 8319 
15611 3668 6892 8459 
15612 2927 8234 8367 
15613 5972 8783 8827 
15614 4431 4337 8479 
15615 4795 7877 8314 
15616 3416 3419 8318 
15617 3482 3575 8483 
15618 3500 3502 8472 
15619 7653 8305 8320 
15620 3504 3506 8470 
15621 3670 3514 8477 
15622 8316 3416 8318 
15623 8419 6985 8423 
15624 2479 2477 8317 
15625 7148 7147 8519 
15626 1515 1609 8496 
15627 2215 2360 8389 
15628 2929 8320 8328 
15629 6816 8858 8893 
15630 1033 1035 8499 
15631 3575 3484 8481 
15632 659 5712 9185 
15633 1563 1613 8532 
15634 8219 6619 8625 
15635 1619 7148 8502 
15636 2929 7653 8320 
15637 5096 4628 8667 
15638 8282 2761 8291 
15639 3486 7146 8481 
15640 8348 1657 8350 
15641 6890 7795 8453 
15642 7459 7458 8507 
15643 4790 7991 8264 
15644 6653 6656 8506 
15645 7262 7464 8457 
15646 5725 8705 8745 
15647 731 2708 8500 
15648 3511 3509 8517 
15649 5832 6256 8550 
15650 3491 3489 8544 
15651 828 7301 8577 
15652 2708 729 8435 
15653 4584 4582 8191 
15654 4593 7267 8495 
15655 1475 1477 8322 
15656 3574 3478 8490 
15657 6906 5982 8344 
15658 4548 5063 8321 
15659 7361 7360 8476 
15660 1622 1545 8526 
15661 8479 6894 8487 
15662 4585 8323 8330 
15663 5313 5312 9055 
15664 6923 6922 8407 
15665 6932 8333 8344 
15666 1621 1551 8505 
15667 459 460 8509 
15668 7141 3503 8514 
15669 7335 8390 8391 
15670 7326 8330 8337 
15671 8437 6706 8452 
15672 6560 6559 8552 
15673 7006 6898 8501 
15674 1340 733 8500 
15675 3501 4140 8514 
15676 1553 1555 8512 
15677 8673 6626 8690 
15678 5993 7866 8459 
15679 7258 7257 8530 
15680 8252 4789 8260 
15681 5749 4174 8426 
15682 7016 7013 8528 
15683 2671 1511 8493 
15684 8322 1477 8327 
15685 6702 6272 8629 
15686 4131 4797 8529 
15687 7326 4585 8330 
15688 7555 4604 8541 
15689 4585 7710 8323 
15690 1477 1479 8327 
15691 4595 4584 8349 
15692 5031 9051 9211 
15693 1627 1525 8538 
15694 7474 2929 8328 
15695 3523 3521 8494 
15696 1519 2704 8525 
15697 8344 5982 8354 
15698 5340 5343 8545 
15699 7100 8626 8636 
15700 4431 6886 8518 
15701 8351 6947 8364 
15702 717 715 8335 
15703 347 488 8553 
15704 8491 4594 8529 
15705 8693 4635 8700 
15706 3421 3423 8331 
15707 1613 1565 8534 
15708 4805 8411 8444 
15709 1541 1543 8535 
15710 807 7652 8329 
15711 1567 2718 8534 
15712 3527 3525 8516 
15713 1523 1627 8543 
15714 7334 7382 8390 
15715 7022 7019 8531 
15716 1535 1614 8547 
15717 4339 4431 8518 
15718 7710 8312 8323 
15719 1529 1624 8548 
15720 7434 8343 8348 
15721 6246 6247 8338 
15722 1609 1517 8525 
15723 5898 4504 8374 
15724 8038 5804 8334 
15725 4430 4343 8537 
15726 4598 5092 8425 
15727 7335 7334 8390 
15728 4797 4129 8442 
15729 1620 1579 8549 
15730 4607 6885 8524 
15731 2704 1521 8543 
15732 7070 7067 8508 
15733 7474 8328 8341 
15734 737 7763 8575 
15735 4586 7326 8337 
15736 6628 6633 8339 
15737 7064 7061 8504 
15738 3423 3426 8336 
15739 6779 6782 8340 
15740 8446 6529 8466 
15741 7588 7589 8519 
15742 8331 3423 8336 
15743 1624 1531 8554 
15744 6190 4603 8522 
15745 4430 6558 8558 
15746 6932 1957 8333 
15747 741 806 8585 
15748 6771 6932 8344 
15749 8537 6561 8552 
15750 2281 2283 8498 
15751 1547 7223 8526 
15752 717 8335 8359 
15753 2485 2483 8342 
15754 7485 4134 8357 
15755 6556 6555 8570 
15756 7720 7265 8473 
15757 4632 4631 8561 
15758 7058 7055 8513 
15759 2931 7474 8341 
15760 3329 1182 8555 
15761 2479 8317 8351 
15762 1180 1195 8555 
15763 5982 5983 8354 
15764 8354 5983 8372 
15765 5726 6012 8573 
15766 1583 1615 8559 
15767 642 7721 8332 
15768 4429 6554 8576 
15769 8695 4641 8721 
15770 2668 1561 8532 
15771 7076 7073 8515 
15772 6380 579 8679 
15773 6707 2340 8563 
15774 5681 4609 8510 
15775 4428 6550 8590 
15776 1340 8545 8569 
15777 7046 7043 8527 
15778 2913 8690 8711 
15779 7028 7025 8542 
15780 7659 7658 8502 
15781 7434 4586 8343 
15782 1615 1585 8580 
15783 8564 6557 8570 
15784 4345 4430 8558 
15785 3428 3430 8346 
15786 7103 7434 8348 
15787 4427 6546 8605 
15788 4429 4349 8564 
15789 1481 1483 8347 
15790 7040 7037 8533 
15791 1657 1538 8350 
15792 7301 8306 8577 
15793 4426 6542 8623 
15794 7034 7031 8539 
15795 8278 4792 8286 
15796 8347 1483 8353 
15797 7052 7049 8520 
15798 1591 1616 8586 
15799 4528 8380 8383 
15800 360 361 8567 
15801 6552 6551 8587 
15802 6789 6788 8360 
15803 8596 6549 8601 
15804 7659 8494 8726 
15805 8346 3430 8352 
15806 8578 6553 8587 
15807 5557 5563 9102 
15808 4586 8337 8343 
15809 5077 2368 8839 
15810 1655 8373 8375 
15811 7490 4535 8355 
15812 8627 6541 8631 
15813 6771 8344 8354 
15814 1483 1485 8353 
15815 1176 2700 8572 
15816 1195 1178 8572 
15817 1202 1200 8356 
15818 8265 5679 8303 
15819 3430 3439 8352 
15820 4425 6535 8640 
15821 4621 8660 8664 
15822 8667 4628 8672 
15823 378 379 8759 
15824 8568 828 8577 
15825 719 717 8359 
15826 1937 6771 8354 
15827 5630 5402 8588 
15828 4143 4796 8584 
15829 3988 7286 8675 
15830 7428 8361 8363 
15831 2211 2680 8422 
15832 3441 3443 8358 
15833 4351 4429 8576 
15834 2481 2479 8351 
15835 1937 8354 8372 
15836 8372 7933 8378 
15837 5983 7933 8372 
15838 6610 6611 8615 
15839 8609 6545 8619 
15840 7895 5635 8325 
15841 4538 7428 8363 
15842 8714 8146 8777 
15843 4428 4355 8578 
15844 6947 6944 8364 
15845 4538 8363 8368 
15846 7428 7490 8361 
15847 2485 8342 8394 
15848 1587 2652 8580 
15849 6245 6695 8715 
15850 8140 4589 8362 
15851 6548 6547 8601 
15852 6345 6348 8593 
15853 6080 6081 8366 
15854 2491 2489 8367 
15855 4424 6539 8665 
15856 8642 6536 8648 
15857 3434 3432 8365 
15858 7328 4538 8368 
15859 4594 2688 8562 
15860 7459 8517 8701 
15861 806 739 8575 
15862 5509 5725 8682 
15863 7490 8355 8361 
15864 8358 3443 8369 
15865 2719 8802 9013 
15866 5401 5404 8594 
15867 8730 6633 8746 
15868 745 2731 8608 
15869 2259 2261 8613 
15870 7469 7468 8600 
15871 4357 4428 8590 
15872 6924 6923 8407 
15873 3443 3447 8369 
15874 2925 2515 8589 
15875 3434 8365 8416 
15876 7200 4612 8581 
15877 2517 2925 8592 
15878 7254 2355 8607 
15879 8309 4795 8314 
15880 7099 7100 8638 
15881 2326 2324 8591 
15882 8705 7872 8745 
15883 8381 4590 8396 
15884 2652 1589 8586 
15885 4582 8176 8191 
15886 8394 6940 8403 
15887 6635 6640 8370 
15888 4427 4361 8596 
15889 6679 7328 8375 
15890 5413 5415 8942 
15891 1487 1489 8371 
15892 1172 1286 8599 
15893 7643 1937 8372 
15894 9189 487 9190 
15895 6265 6264 8604 
15896 6544 6543 8619 
15897 2700 1174 8599 
15898 7388 640 8616 
15899 5740 6471 8650 
15900 1599 1623 8610 
15901 2911 8746 8763 
15902 2651 7127 8384 
15903 1655 1526 8373 
15904 7328 8368 8375 
15905 4619 4621 8664 
15906 1489 1491 8377 
15907 8390 4459 8391 
15908 7643 8372 8378 
15909 8371 1489 8377 
15910 6015 4595 8376 
15911 3549 3547 8598 
15912 7098 7888 8603 
15913 7156 7617 8385 
15914 7642 7643 8378 
15915 4621 4624 8660 
15916 6520 6522 8379 
15917 2921 2521 8602 
15918 7498 3950 8643 
15919 8675 7286 8688 
15920 8281 6626 8673 
15921 8383 7349 8393 
15922 4363 4427 8605 
15923 4426 4367 8609 
15924 7350 7349 8383 
15925 4798 6837 8630 
15926 7933 6251 8378 
15927 8070 4590 8381 
15928 8783 7665 8827 
15929 1286 1170 8614 
15930 8154 5898 8374 
15931 4528 4299 8380 
15932 5419 8324 8345 
15933 7197 6079 8388 
15934 2731 743 8585 
15935 5742 5739 8694 
15936 7637 4459 8387 
15937 4459 4309 8391 
15938 4420 5078 8707 
15939 7683 4613 8603 
15940 2345 2295 8386 
15941 4794 8154 8374 
15942 723 721 8382 
15943 7449 7425 8620 
15944 7171 7173 8652 
15945 2684 1597 8610 
15946 1623 1601 8617 
15947 6540 6534 8631 
15948 2523 2921 8625 
15949 808 753 8621 
15950 4369 4426 8623 
15951 7349 2651 8393 
15952 1166 1194 8622 
15953 1605 1638 8624 
15954 2487 2485 8394 
15955 725 723 8392 
15956 3449 3451 8397 
15957 7399 7238 8628 
15958 1338 747 8608 
15959 6253 5791 8456 
15960 4590 7637 8396 
15961 1493 1495 8398 
15962 7592 4625 8611 
15963 3451 3453 8400 
15964 4425 4373 8627 
15965 8626 640 8636 
15966 6513 6515 8401 
15967 4616 8644 8656 
15968 365 366 8636 
15969 4675 4502 8399 
15970 2234 2236 8677 
15971 5697 5693 8641 
15972 658 9216 9244 
15973 2491 8367 8432 
15974 8397 3451 8400 
15975 6251 6252 8404 
15976 5708 4557 8633 
15977 6940 6937 8403 
15978 714 3256 8395 
15979 2919 2527 8637 
15980 4706 8417 8430 
15981 671 670 8411 
15982 8008 4435 8402 
15983 4375 4425 8640 
15984 723 8382 8392 
15985 8332 5411 8815 
15986 2513 8196 8589 
15987 5533 7819 8414 
15988 8780 6640 8792 
15989 1958 7642 8404 
15990 6537 6538 8648 
15991 1495 1497 8405 
15992 4319 4317 8406 
15993 2925 8181 8592 
15994 1339 759 8670 
15995 3696 4126 8646 
15996 8378 6251 8404 
15997 8423 6926 8428 
15998 2651 8384 8393 
15999 8404 6252 8429 
16000 7637 8387 8396 
16001 1958 8404 8429 
16002 5285 1309 8977 
16003 3529 4136 8536 
16004 5175 9192 9193 
16005 6175 7432 8717 
16006 6616 6618 8654 
16007 4016 4619 8656 
16008 7422 7398 8632 
16009 8398 1495 8405 
16010 751 7651 8621 
16011 7642 8378 8404 
16012 6584 6585 8408 
16013 2213 2215 8389 
16014 6642 6647 8409 
16015 8188 5149 8683 
16016 5795 7593 8658 
16017 5411 5410 8880 
16018 5505 5506 8635 
16019 343 344 8412 
16020 4030 4031 8661 
16021 4424 4379 8642 
16022 8196 6349 8589 
16023 6252 6253 8429 
16024 7258 8544 8687 
16025 3987 7170 8658 
16026 4706 5043 8417 
16027 3458 3460 8413 
16028 3456 3458 8410 
16029 2907 8792 8810 
16030 367 368 8651 
16031 5247 5972 8770 
16032 8410 3458 8413 
16033 5560 7726 8996 
16034 692 8296 8704 
16035 7001 7002 9010 
16036 8729 7252 8733 
16037 371 372 8669 
16038 5559 8976 8978 
16039 7284 7287 8688 
16040 752 754 8659 
16041 1194 1164 8657 
16042 2723 673 8653 
16043 6333 6335 8415 
16044 3697 3434 8416 
16045 5805 5806 8418 
16046 8481 7146 8884 
16047 4325 4323 8419 
16048 7647 4383 8665 
16049 1499 1501 8420 
16050 6339 6340 8421 
16051 6703 6698 8666 
16052 4595 8349 8376 
16053 1160 1303 8663 
16054 5211 5356 8768 
16055 4616 7790 8644 
16056 9199 591 9203 
16057 3781 3988 8675 
16058 1434 1432 8674 
16059 3531 3529 8536 
16060 3991 7252 8729 
16061 6985 6984 8423 
16062 4381 4424 8665 
16063 7173 7172 8638 
16064 8411 546 8444 
16065 6038 5749 8426 
16066 4597 6589 8427 
16067 8456 5791 8486 
16068 5770 2356 8724 
16069 7590 3531 8536 
16070 3462 3464 8424 
16071 5791 5790 8486 
16072 4111 4706 8430 
16073 7346 1958 8429 
16074 4031 3111 8685 
16075 8429 6253 8456 
16076 8432 6533 8446 
16077 8660 4624 8678 
16078 755 808 8662 
16079 5011 5013 8949 
16080 2727 694 8704 
16081 4557 7959 8633 
16082 2207 8425 8451 
16083 2529 2919 8673 
16084 6892 6889 8447 
16085 1303 1158 8681 
16086 3989 3783 8675 
16087 2208 2211 8422 
16088 5834 8547 8687 
16089 2493 2491 8432 
16090 6689 6686 8692 
16091 7874 4433 8428 
16092 5405 5408 8612 
16093 5796 6380 8679 
16094 3656 3062 8708 
16095 2368 2205 8451 
16096 5988 5986 8738 
16097 6842 8188 8683 
16098 729 727 8435 
16099 997 1294 8431 
16100 350 600 8676 
16101 1011 1232 8434 
16102 1001 8441 8445 
16103 1154 1193 8686 
16104 8815 5411 8880 
16105 7346 8429 8456 
16106 1503 1505 8433 
16107 2921 8219 8625 
16108 5415 5416 8979 
16109 4668 4170 9175 
16110 8339 6633 8730 
16111 6623 6625 8711 
16112 6574 4577 8436 
16113 8486 5790 8503 
16114 2913 2533 8690 
16115 4331 4329 8437 
16116 4600 7176 8440 
16117 5601 9000 9001 
16118 5729 4640 8702 
16119 7126 6451 8449 
16120 8831 6647 8848 
16121 6922 8402 8407 
16122 8883 5368 8899 
16123 7304 8526 8696 
16124 3469 3472 8439 
16125 4129 4127 8442 
16126 5354 7667 8866 
16127 5058 4598 8425 
16128 7313 8807 8811 
16129 8438 3469 8439 
16130 3593 3068 8725 
16131 3074 3659 8685 
16132 809 767 8703 
16133 7740 3989 8691 
16134 7382 8387 8390 
16135 5241 5242 8731 
16136 1003 1228 8441 
16137 7248 7544 8716 
16138 6274 5733 8720 
16139 1193 1152 8698 
16140 3467 3469 8438 
16141 6533 6530 8446 
16142 2891 6430 8804 
16143 5992 5991 8458 
16144 6564 6566 8443 
16145 5790 5792 8503 
16146 6649 6654 8450 
16147 5416 8972 8979 
16148 8503 5792 8540 
16149 5260 5258 8460 
16150 3070 3593 8713 
16151 6706 6705 8452 
16152 8453 7126 8916 
16153 4174 7969 8426 
16154 1148 1298 8706 
16155 1019 1227 8448 
16156 7464 7466 8457 
16157 838 844 8740 
16158 8476 7360 8904 
16159 2673 7346 8456 
16160 5682 8534 8726 
16161 3474 3476 8455 
16162 6657 6658 8551 
16163 4422 4420 8707 
16164 833 8206 9095 
16165 8589 6349 8593 
16166 2903 8848 8859 
16167 7795 3666 8453 
16168 1507 1509 8454 
16169 5580 8936 9105 
16170 2963 5073 8853 
16171 7768 6175 8717 
16172 8647 3566 8750 
16173 8809 6429 8817 
16174 4805 4617 8649 
16175 8807 510 8811 
16176 2950 6433 8838 
16177 5338 5336 8474 
16178 8459 6892 8915 
16179 5737 5977 8712 
16180 6569 6570 8461 
16181 5410 5412 8906 
16182 3659 3072 8713 
16183 4601 6896 8464 
16184 8824 6425 8826 
16185 2889 6425 8824 
16186 3992 3797 8729 
16187 7398 8620 8632 
16188 8620 7425 8632 
16189 3510 3512 8462 
16190 484 5175 9193 
16191 6661 6657 8551 
16192 7360 7359 8468 
16193 5905 5900 8492 
16194 8838 6433 8847 
16195 7469 8598 8732 
16196 7856 4526 8727 
16197 3064 3656 8719 
16198 7261 7263 8465 
16199 7866 3668 8459 
16200 8880 5410 8906 
16201 765 2735 8703 
16202 7201 8586 8732 
16203 7322 7320 8469 
16204 7871 1339 8745 
16205 7289 7290 8916 
16206 3506 3508 8463 
16207 4335 4333 8471 
16208 2535 2913 8730 
16209 7489 2780 8743 
16210 7337 7338 8915 
16211 7455 3951 8739 
16212 1025 1293 8904 
16213 2640 6000 8718 
16214 3795 3991 8729 
16215 4806 4002 8744 
16216 7706 2930 8466 
16217 3502 3577 8472 
16218 2673 8456 8486 
16219 8656 4619 8664 
16220 8665 6539 8722 
16221 5792 7615 8540 
16222 4661 5047 9189 
16223 6871 6874 8480 
16224 3514 3516 8477 
16225 7265 7266 8473 
16226 4337 4335 8479 
16227 7132 7129 8484 
16228 5904 7361 8476 
16229 8540 7615 8556 
16230 880 878 8742 
16231 7146 3679 8482 
16232 769 809 8760 
16233 5601 7509 9000 
16234 8658 7199 8747 
16235 3060 3655 8708 
16236 3484 3486 8481 
16237 7250 7624 8733 
16238 3480 3482 8483 
16239 5548 5545 8795 
16240 3500 8472 8475 
16241 7554 7133 8478 
16242 5645 7912 8773 
16243 4335 8471 8479 
16244 4808 8000 8741 
16245 8688 7287 8691 
16246 8296 5731 8704 
16247 8425 5092 8451 
16248 2911 2539 8746 
16249 3480 8483 8490 
16250 6894 6893 8487 
16251 7127 8362 8384 
16252 6509 6230 8837 
16253 3492 3676 8488 
16254 7267 4012 8495 
16255 1031 1231 8489 
16256 3496 3579 8485 
16257 7399 8643 8645 
16258 2677 773 8765 
16259 1338 8612 8639 
16260 7097 7098 8626 
16261 7394 2673 8486 
16262 2664 7720 8912 
16263 4807 7540 8734 
16264 6630 6632 8763 
16265 1513 1515 8496 
16266 3478 3480 8490 
16267 8493 1513 8496 
16268 7531 7532 8884 
16269 1511 1513 8493 
16270 5416 7924 8972 
16271 2346 2281 8498 
16272 7798 3992 8735 
16273 7706 8466 8511 
16274 1298 1146 8752 
16275 5301 5299 8887 
16276 4000 4634 8736 
16277 385 386 8755 
16278 8871 6654 8879 
16279 1029 8489 8497 
16280 1938 7394 8503 
16281 8906 5412 8926 
16282 6235 6237 8767 
16283 8574 4521 8597 
16284 3521 4610 8494 
16285 4097 5017 8797 
16286 733 731 8500 
16287 1938 8503 8540 
16288 2930 8446 8466 
16289 7394 8486 8503 
16290 1142 1192 8757 
16291 7061 7062 8504 
16292 3525 4606 8516 
16293 8362 4589 8384 
16294 7055 7056 8513 
16295 6898 6899 8501 
16296 5412 5413 8926 
16297 7458 2668 8507 
16298 6278 6275 8728 
16299 4817 9246 9248 
16300 7067 7068 8508 
16301 8602 6612 8615 
16302 1551 1553 8505 
16303 5985 3597 8761 
16304 3989 8688 8691 
16305 3509 7144 8517 
16306 6804 4594 8491 
16307 6019 6022 8854 
16308 6656 6662 8506 
16309 7084 7082 9017 
16310 7085 7084 9004 
16311 7091 7085 9002 
16312 7073 7074 8515 
16313 1035 2664 8499 
16314 4609 6796 8510 
16315 460 576 8509 
16316 8451 5092 8839 
16317 289 665 8789 
16318 7087 7089 9157 
16319 1555 1612 8512 
16320 4140 7304 8696 
16321 8509 576 8521 
16322 7658 1619 8502 
16323 6282 6240 8791 
16324 890 888 8771 
16325 7049 7050 8520 
16326 7081 7079 9033 
16327 9017 7082 9022 
16328 2900 8879 8889 
16329 2940 7706 8511 
16330 3503 3501 8514 
16331 7043 7044 8527 
16332 4638 8574 8597 
16333 7082 7081 9022 
16334 1192 1140 8775 
16335 7147 7588 8519 
16336 4603 7007 8522 
16337 5587 5674 8776 
16338 2940 8511 8523 
16339 4610 5682 8726 
16340 4341 4339 8518 
16341 7303 4607 8524 
16342 9033 7079 9035 
16343 7615 7616 8556 
16344 576 7232 8521 
16345 8634 4602 8750 
16346 5341 5340 8545 
16347 3694 7992 8705 
16348 5827 5828 9054 
16349 1545 1547 8526 
16350 8768 844 8782 
16351 7616 6085 8571 
16352 7387 1938 8540 
16353 8370 6640 8780 
16354 7037 7038 8533 
16355 7013 7014 8528 
16356 2541 2911 8780 
16357 9002 7085 9004 
16358 8972 7924 8994 
16359 7720 8473 8843 
16360 1517 1519 8525 
16361 7019 7020 8531 
16362 7144 7143 8701 
16363 7078 7076 9057 
16364 7079 7078 9035 
16365 9026 5578 9046 
16366 1136 1297 8784 
16367 7748 2940 8523 
16368 7031 7032 8539 
16369 1565 1567 8534 
16370 7257 2709 8530 
16371 7829 5834 8687 
16372 2919 8281 8673 
16373 7025 7026 8542 
16374 5368 8883 9180 
16375 7589 7590 8536 
16376 1525 1527 8538 
16377 4604 6191 8541 
16378 7924 7091 8994 
16379 1561 1563 8532 
16380 4596 4131 8529 
16381 4341 8518 8537 
16382 8556 7616 8571 
16383 5333 1324 8951 
16384 7387 8540 8556 
16385 3652 3040 8788 
16386 8387 4459 8390 
16387 4343 4341 8537 
16388 1543 1622 8535 
16389 2153 2155 8790 
16390 1521 1523 8543 
16391 5019 4699 8840 
16392 7086 7087 9154 
16393 8557 2945 8582 
16394 3653 3032 8841 
16395 583 7404 8800 
16396 8994 7091 9002 
16397 3977 9146 9147 
16398 1527 1529 8548 
16399 1533 1535 8547 
16400 2907 2545 8792 
16401 1638 7704 8634 
16402 5286 8982 9008 
16403 7975 5644 8761 
16404 779 812 8796 
16405 2942 7748 8546 
16406 7122 7313 8811 
16407 5584 5587 8776 
16408 3489 7829 8544 
16409 6561 6560 8552 
16410 9143 7020 9146 
16411 4025 9150 9151 
16412 8733 7624 8735 
16413 6256 6257 8550 
16414 1579 1581 8549 
16415 8942 5415 8979 
16416 6637 6639 8810 
16417 9149 7014 9150 
16418 7748 8523 8546 
16419 8538 1527 8548 
16420 7685 7387 8556 
16421 9157 7089 9158 
16422 9069 7068 9074 
16423 7315 510 8807 
16424 1531 1533 8554 
16425 2942 8546 8560 
16426 6424 6422 8817 
16427 6085 6084 8583 
16428 1182 1180 8555 
16429 9004 7084 9017 
16430 1533 8547 8554 
16431 6224 6221 8822 
16432 2565 2891 8804 
16433 3992 8733 8735 
16434 2914 5180 8819 
16435 8571 6085 8583 
16436 7836 7837 8815 
16437 2340 5943 8563 
16438 3605 4562 8846 
16439 346 347 8553 
16440 2889 2569 8809 
16441 399 400 8818 
16442 1297 1134 8808 
16443 5251 5253 8833 
16444 8920 5591 9186 
16445 9154 7087 9157 
16446 3038 3650 8788 
16447 5949 3692 8793 
16448 5170 9196 9197 
16449 1130 1191 8814 
16450 8583 6084 8595 
16451 8902 6662 8910 
16452 2719 783 8802 
16453 6494 6073 8903 
16454 563 288 8789 
16455 6421 6426 8826 
16456 4347 4345 8558 
16457 8549 1581 8559 
16458 8196 2945 8557 
16459 1581 1583 8559 
16460 9079 7062 9083 
16461 4631 5038 8561 
16462 3650 3036 8820 
16463 4347 8558 8564 
16464 4796 4593 8689 
16465 6025 4645 8847 
16466 7619 2942 8560 
16467 4497 4496 8758 
16468 613 360 8567 
16469 2950 2573 8824 
16470 9022 7081 9033 
16471 1341 793 8825 
16472 4349 4347 8564 
16473 2571 2889 8824 
16474 3330 803 8855 
16475 4017 8620 8655 
16476 9043 7074 9062 
16477 8402 4435 8407 
16478 5565 2778 9007 
16479 8926 5413 8942 
16480 1191 1128 8830 
16481 2891 8910 8919 
16482 2943 7619 8565 
16483 8545 5343 8569 
16484 8529 4594 8562 
16485 9090 7056 9098 
16486 2688 7986 8562 
16487 7685 8556 8571 
16488 2547 2907 8831 
16489 1124 1302 8835 
16490 7704 4602 8634 
16491 7619 8560 8565 
16492 6084 6086 8595 
16493 811 799 8849 
16494 3964 9074 9080 
16495 5305 1316 8876 
16496 789 810 8812 
16497 6557 6556 8570 
16498 9137 7026 9140 
16499 9113 7044 9119 
16500 2943 8565 8566 
16501 8939 5325 8944 
16502 2963 2577 8838 
16503 2575 2950 8838 
16504 507 8669 8747 
16505 7729 2943 8566 
16506 7281 7318 9085 
16507 8844 6869 8870 
16508 9101 7050 9111 
16509 9121 7038 9126 
16510 7248 8739 8751 
16511 1178 1176 8572 
16512 739 737 8575 
16513 5321 1312 8934 
16514 8595 6086 8606 
16515 3838 3955 8844 
16516 8637 6619 8654 
16517 3034 3653 8820 
16518 3693 7598 8783 
16519 7493 7494 8813 
16520 7720 8843 8912 
16521 6086 6087 8606 
16522 9035 7078 9057 
16523 7986 4521 8574 
16524 2903 2551 8848 
16525 7216 5269 8577 
16526 3591 3592 8856 
16527 9130 7032 9134 
16528 3962 9062 9073 
16529 5180 4644 8819 
16530 4638 4596 8574 
16531 7627 2581 8853 
16532 4433 8423 8428 
16533 2579 2963 8853 
16534 4353 4351 8576 
16535 4124 7983 8834 
16536 3672 7702 8843 
16537 6012 6013 8573 
16538 3975 9140 9144 
16539 1959 7685 8571 
16540 3967 9098 9109 
16541 3965 9083 9093 
16542 6644 6646 8859 
16543 3026 7573 8867 
16544 5352 5353 8851 
16545 6869 6866 8863 
16546 4497 8714 8777 
16547 1585 1587 8580 
16548 1348 7390 8748 
16549 7729 8566 8582 
16550 4353 8576 8578 
16551 6465 5549 8828 
16552 8562 7986 8574 
16553 743 741 8585 
16554 3030 3599 8841 
16555 4355 4353 8578 
16556 5968 5969 8579 
16557 5596 8921 9194 
16558 8741 4526 8764 
16559 2913 8339 8730 
16560 4643 4809 8862 
16561 3970 9119 9125 
16562 4653 4654 8877 
16563 5302 8868 8887 
16564 795 1341 8850 
16565 4613 4143 8584 
16566 8409 6647 8831 
16567 5234 5100 9182 
16568 4612 5727 8581 
16569 2945 7729 8582 
16570 671 8411 8653 
16571 6553 6552 8587 
16572 7100 7097 8626 
16573 5034 4105 8865 
16574 8606 6087 8618 
16575 592 5171 9201 
16576 3968 9111 9117 
16577 1589 1591 8586 
16578 5632 5630 8588 
16579 1959 8571 8583 
16580 2324 2338 8591 
16581 1302 1122 8869 
16582 801 811 8855 
16583 3972 9126 9132 
16584 7294 7296 8800 
16585 7545 1959 8583 
16586 6087 6089 8618 
16587 8411 4805 8653 
16588 2553 2903 8871 
16589 1118 1190 8873 
16590 2515 2513 8589 
16591 8734 4471 8736 
16592 7873 642 8857 
16593 4596 8562 8574 
16594 7545 8583 8595 
16595 3834 3836 8870 
16596 3973 9134 9138 
16597 7352 8218 8829 
16598 4359 4357 8590 
16599 7664 2677 8827 
16600 912 910 8883 
16601 5589 5591 8920 
16602 6511 6505 8875 
16603 4507 3674 8897 
16604 4615 7201 8732 
16605 8218 7634 8829 
16606 2519 2517 8592 
16607 5596 5594 8920 
16608 4737 7893 8861 
16609 7313 7292 8807 
16610 4640 8693 8702 
16611 4799 9052 9213 
16612 6349 6345 8593 
16613 2900 2557 8879 
16614 3547 4615 8598 
16615 8618 6089 8628 
16616 5036 7711 8874 
16617 1190 1116 8881 
16618 4359 8590 8596 
16619 8645 7530 8655 
16620 4361 4359 8596 
16621 5028 4638 8597 
16622 7712 7713 8821 
16623 865 1315 8868 
16624 6651 6653 8889 
16625 6066 6064 8888 
16626 284 610 8872 
16627 7516 9027 9204 
16628 1641 8674 8722 
16629 2685 7545 8595 
16630 7468 2684 8600 
16631 1112 1301 8886 
16632 9049 4702 9211 
16633 7532 8481 8884 
16634 287 563 8891 
16635 7746 3330 8885 
16636 5403 5401 8594 
16637 1174 1172 8599 
16638 8620 7398 8655 
16639 5269 8199 8568 
16640 4634 8743 8744 
16641 7497 6456 8901 
16642 7888 7683 8603 
16643 6549 6548 8601 
16644 2519 8592 8602 
16645 5731 8702 8704 
16646 5326 1313 8946 
16647 2685 8595 8606 
16648 1316 861 8876 
16649 610 285 8882 
16650 5269 8568 8577 
16651 3950 7530 8645 
16652 6001 7254 8607 
16653 3599 3028 8867 
16654 7989 3641 8840 
16655 6380 5797 8671 
16656 5322 8935 8958 
16657 1301 1110 8892 
16658 5026 4703 8860 
16659 4803 8146 8714 
16660 2521 2519 8602 
16661 5332 5669 8958 
16662 4456 5039 8907 
16663 613 8567 8689 
16664 6264 6267 8604 
16665 7805 4506 8878 
16666 8985 5397 8992 
16667 1106 1189 8898 
16668 7812 5704 8896 
16669 5034 8647 8750 
16670 4365 4363 8605 
16671 5406 5405 8612 
16672 2559 2900 8902 
16673 1321 963 8913 
16674 922 920 8921 
16675 1293 8476 8904 
16676 2355 2259 8613 
16677 4521 8136 8597 
16678 7309 2685 8606 
16679 5090 5091 9087 
16680 9015 1185 9207 
16681 747 745 8608 
16682 2911 8370 8780 
16683 4614 4563 8908 
16684 7837 8332 8815 
16685 4798 8634 8750 
16686 4367 4365 8609 
16687 4365 8605 8609 
16688 5489 5346 9032 
16689 7290 8453 8916 
16690 5367 7559 8894 
16691 7338 8459 8915 
16692 966 969 8911 
16693 8853 5073 8900 
16694 1597 1599 8610 
16695 4700 5360 8931 
16696 2891 2563 8910 
16697 6030 6034 8993 
16698 8617 1603 8624 
16699 1170 1168 8614 
16700 5764 5765 8930 
16701 6612 6610 8615 
16702 4625 6193 8611 
16703 7530 4017 8655 
16704 8567 4796 8689 
16705 7399 8628 8643 
16706 5020 4569 8927 
16707 8206 4141 9014 
16708 1601 1603 8617 
16709 6545 6544 8619 
16710 7389 7388 8616 
16711 5578 1323 9046 
16712 8616 640 8626 
16713 9031 3603 9212 
16714 8950 5398 8957 
16715 6816 6868 8858 
16716 1939 7309 8618 
16717 8450 6654 8871 
16718 7309 8606 8618 
16719 8614 1168 8622 
16720 6488 6492 8924 
16721 545 292 8895 
16722 3506 8463 8470 
16723 1939 8618 8628 
16724 8512 1612 8701 
16725 7143 8512 8701 
16726 1102 2763 8922 
16727 2525 2523 8625 
16728 8918 926 9186 
16729 1168 1166 8622 
16730 1603 1605 8624 
16731 4371 4369 8623 
16732 8690 6626 8711 
16733 7626 6417 8960 
16734 9096 7889 9103 
16735 4017 7449 8620 
16736 9003 2768 9210 
16737 1189 1104 8922 
16738 7002 7004 8984 
16739 8793 7713 9013 
16740 5760 5759 8956 
16741 662 295 8947 
16742 2763 1100 8928 
16743 7427 5287 9008 
16744 5349 4630 8925 
16745 4007 8832 8845 
16746 7889 3357 9103 
16747 5398 2776 8957 
16748 4373 4371 8627 
16749 4371 8623 8627 
16750 6412 6414 8941 
16751 5759 5758 8955 
16752 753 751 8621 
16753 5091 5088 9065 
16754 7238 1939 8628 
16755 5075 5076 8680 
16756 6499 7118 8932 
16757 4617 7891 8649 
16758 8959 5602 8964 
16759 1096 1199 8929 
16760 4798 8630 8634 
16761 5327 5377 8950 
16762 6541 6540 8631 
16763 6837 6838 8630 
16764 8858 3955 8893 
16765 294 662 8923 
16766 6272 6271 8629 
16767 6035 7694 8963 
16768 7172 7099 8638 
16769 5765 5761 8956 
16770 7959 5700 8633 
16771 8644 7891 8656 
16772 8669 5797 8747 
16773 2525 8625 8637 
16774 2699 7422 8632 
16775 901 2777 8951 
16776 8867 7573 9177 
16777 6329 5505 8635 
16778 640 365 8636 
16779 7397 8645 8655 
16780 4377 4375 8640 
16781 5318 5320 8939 
16782 2527 2525 8637 
16783 897 1324 8935 
16784 1199 1094 8933 
16785 8674 5076 8722 
16786 5693 5695 8641 
16787 2675 7780 8917 
16788 959 961 8943 
16789 3566 4798 8750 
16790 955 957 8954 
16791 1090 1300 8938 
16792 1300 1088 8945 
16793 8006 5595 8890 
16794 4809 8856 8862 
16795 8660 817 8664 
16796 8856 3592 8862 
16797 4377 8640 8642 
16798 2996 3602 8967 
16799 7397 7399 8645 
16800 4379 4377 8642 
16801 2907 8409 8831 
16802 2699 8632 8684 
16803 1312 893 8934 
16804 9158 7089 9160 
16805 3000 3665 8948 
16806 7307 7512 9205 
16807 4160 3696 8646 
16808 5379 5381 8959 
16809 8632 7425 8684 
16810 5757 6988 8970 
16811 7425 7424 8684 
16812 5383 5385 8968 
16813 6089 7498 8643 
16814 881 2776 8964 
16815 6015 5003 8766 
16816 885 1313 8957 
16817 7809 3566 8647 
16818 1084 1198 8952 
16819 1313 887 8946 
16820 7398 7397 8655 
16821 673 671 8653 
16822 8667 2764 8678 
16823 6536 6537 8648 
16824 6619 6616 8654 
16825 8668 691 8672 
16826 7731 817 8660 
16827 8508 7068 9069 
16828 8521 7232 9164 
16829 550 367 8651 
16830 7790 2723 8644 
16831 3664 3002 8948 
16832 2356 2234 8677 
16833 7170 7171 8652 
16834 9070 5574 9081 
16835 2776 883 8957 
16836 8506 6662 8902 
16837 8531 7020 9143 
16838 4651 4030 8661 
16839 8528 7014 9149 
16840 7487 7488 9000 
16841 8066 5600 9001 
16842 1164 1162 8657 
16843 8504 7062 9079 
16844 7891 4016 8656 
16845 5040 5041 8930 
16846 7726 923 8996 
16847 7593 3987 8658 
16848 891 1312 8944 
16849 5636 5016 8905 
16850 5012 5011 8949 
16851 877 1325 8969 
16852 1080 1078 8965 
16853 1198 1082 8962 
16854 9058 1943 9118 
16855 6405 6400 8971 
16856 6398 6401 8971 
16857 8513 7056 9090 
16858 8515 7074 9043 
16859 8657 1162 8663 
16860 296 537 8947 
16861 817 4616 8664 
16862 7424 7426 8697 
16863 6471 6470 8650 
16864 1162 1160 8663 
16865 4383 4381 8665 
16866 8684 7424 8697 
16867 757 755 8662 
16868 8736 4634 8744 
16869 5602 1325 8964 
16870 6539 1641 8722 
16871 8697 7426 8716 
16872 833 752 8659 
16873 8917 6456 8937 
16874 6698 6700 8666 
16875 7199 507 8747 
16876 759 757 8670 
16877 8968 5388 8969 
16878 8669 372 8671 
16879 8527 7044 9113 
16880 8520 7050 9101 
16881 1324 899 8951 
16882 7662 2764 8667 
16883 4596 8529 8562 
16884 1296 1076 8974 
16885 6993 6996 8981 
16886 8746 6633 8763 
16887 8612 5408 8639 
16888 1074 1072 8980 
16889 507 371 8669 
16890 7508 7509 8976 
16891 945 1307 9005 
16892 1309 935 8977 
16893 8542 7026 9137 
16894 8533 7038 9121 
16895 757 8662 8670 
16896 5017 4581 9172 
16897 1641 1434 8674 
16898 691 7662 8672 
16899 349 350 8676 
16900 1064 1062 8983 
16901 6996 6995 8988 
16902 2531 2529 8673 
16903 4007 3841 8832 
16904 8473 3672 8843 
16905 949 951 8975 
16906 3783 3781 8675 
16907 1060 1058 8986 
16908 537 297 8998 
16909 3665 2998 8967 
16910 1325 879 8964 
16911 8539 7032 9130 
16912 7098 8616 8626 
16913 8674 1432 8680 
16914 8695 7591 8699 
16915 5388 8013 8969 
16916 7255 7256 8995 
16917 4758 6724 9059 
16918 5277 5275 8989 
16919 5149 5150 8683 
16920 1379 7889 9096 
16921 5194 613 8689 
16922 5593 8076 8940 
16923 1068 1066 8997 
16924 7538 5796 8679 
16925 5813 5814 8999 
16926 1308 941 9016 
16927 6407 6406 8984 
16928 1158 1156 8681 
16929 8802 5952 9013 
16930 1295 1040 9003 
16931 2531 8673 8690 
16932 8749 8160 8777 
16933 8682 5725 8745 
16934 7543 2699 8684 
16935 8699 702 8700 
16936 379 8709 8759 
16937 8727 4804 8737 
16938 7286 7284 8688 
16939 6998 7001 8988 
16940 5510 5509 8682 
16941 1187 1046 9012 
16942 5016 8187 8905 
16943 485 5716 9216 
16944 919 1310 9007 
16945 1614 7258 8687 
16946 3111 3074 8685 
16947 8681 1156 8686 
16948 1042 1295 9006 
16949 939 1308 8982 
16950 1347 6278 9142 
16951 1156 1154 8686 
16952 6202 6206 9019 
16953 2903 8450 8871 
16954 5033 4659 9048 
16955 2764 7731 8678 
16956 1038 2768 9003 
16957 5758 5755 8970 
16958 8754 4627 8782 
16959 1026 1289 9018 
16960 2533 2531 8690 
16961 7248 8716 8739 
16962 6174 7740 8691 
16963 6719 6910 9056 
16964 1020 1185 9015 
16965 6686 6687 8692 
16966 7591 702 8699 
16967 7287 518 8753 
16968 1030 2772 9024 
16969 925 1322 8996 
16970 8013 875 8969 
16971 4804 4626 8737 
16972 298 639 8998 
16973 5345 5348 8961 
16974 5739 5741 8694 
16975 6590 5486 9086 
16976 871 1314 8992 
16977 1290 1012 9028 
16978 7662 8667 8672 
16979 7515 7415 9021 
16980 3951 7552 8751 
16981 8753 518 8759 
16982 4616 8656 8664 
16983 8185 869 8992 
16984 6177 6176 8709 
16985 2771 7591 8695 
16986 2778 917 9007 
16987 7543 8684 8697 
16988 7575 2727 8693 
16989 4141 3284 9014 
16990 7731 8660 8678 
16991 5397 8185 8992 
16992 4658 4657 9047 
16993 2772 1028 9018 
16994 3602 2994 9029 
16995 1940 7543 8697 
16996 7223 7224 8696 
16997 1289 1024 9020 
16998 1152 1150 8698 
16999 6208 6211 9023 
17000 5819 5820 9025 
17001 1335 952 9053 
17002 1940 8697 8716 
17003 5725 3694 8705 
17004 702 7575 8700 
17005 1184 1004 9038 
17006 1612 7459 8701 
17007 5977 5978 8712 
17008 5824 5827 9025 
17009 1186 1032 9024 
17010 8698 1150 8706 
17011 3677 2862 9049 
17012 2774 1008 9040 
17013 1150 1148 8706 
17014 1010 2774 9028 
17015 3841 3839 8832 
17016 2990 3603 9031 
17017 8751 7552 8769 
17018 7072 7070 9073 
17019 5731 5729 8702 
17020 6988 6989 8987 
17021 518 378 8759 
17022 6626 6623 8711 
17023 4833 4422 8707 
17024 1339 8682 8745 
17025 3062 3060 8708 
17026 1050 1048 9037 
17027 7552 4024 8769 
17028 694 692 8704 
17029 915 2778 9046 
17030 767 765 8703 
17031 6831 6830 9034 
17032 1002 2775 9038 
17033 4496 4499 8758 
17034 3072 3070 8713 
17035 5564 5567 9026 
17036 6695 6694 8715 
17037 946 7927 9042 
17038 7764 8721 8734 
17039 6718 6717 9045 
17040 8769 4024 8785 
17041 2747 7916 8723 
17042 853 8727 8737 
17043 7544 1940 8716 
17044 8630 1638 8634 
17045 950 2591 9053 
17046 599 9162 9245 
17047 3068 3066 8725 
17048 7509 2779 9000 
17049 973 970 9051 
17050 1006 1184 9040 
17051 301 481 9050 
17052 3875 3960 9043 
17053 8296 691 8668 
17054 7833 7904 9041 
17055 5733 5735 8720 
17056 4802 4803 8714 
17057 5357 8160 8749 
17058 8691 7287 8753 
17059 5007 5670 8927 
17060 4626 7791 8723 
17061 2775 1000 9063 
17062 5244 5241 8731 
17063 2718 7659 8726 
17064 5087 4801 9061 
17065 3066 3064 8719 
17066 5599 8095 8978 
17067 8064 8764 8774 
17068 968 4102 9051 
17069 5076 7647 8722 
17070 3644 4702 9049 
17071 5986 5985 8738 
17072 2591 948 9042 
17073 3991 7768 8717 
17074 6275 6276 8728 
17075 8064 4808 8764 
17076 5333 8951 9055 
17077 2747 8723 8754 
17078 3962 3879 9062 
17079 853 7856 8727 
17080 600 7753 8710 
17081 8792 6640 8810 
17082 8197 2640 8718 
17083 639 299 9036 
17084 8228 7356 8756 
17085 2900 8506 8902 
17086 4471 4000 8736 
17087 1616 7469 8732 
17088 7252 7250 8733 
17089 2537 2535 8730 
17090 7066 7064 9080 
17091 7764 2771 8721 
17092 6174 8691 8753 
17093 7960 4800 9067 
17094 4634 7489 8743 
17095 7105 4648 9059 
17096 3066 8719 8725 
17097 7276 7279 9071 
17098 8774 6280 8786 
17099 5585 7798 8735 
17100 4649 7741 9068 
17101 5998 8774 8786 
17102 4627 5211 8782 
17103 3797 3795 8729 
17104 509 8755 8762 
17105 8735 7624 8762 
17106 5202 8197 8718 
17107 996 1196 9066 
17108 4024 7342 8785 
17109 7575 8693 8700 
17110 5390 5392 8985 
17111 3681 5090 9068 
17112 5618 5620 9095 
17113 5828 5829 9071 
17114 5585 8735 8762 
17115 985 7429 9076 
17116 1323 913 9046 
17117 5569 5571 9070 
17118 8241 5007 8927 
17119 6215 8003 8990 
17120 7550 7551 9039 
17121 3881 3962 9069 
17122 7426 7455 8739 
17123 7540 7764 8734 
17124 4817 8914 9246 
17125 8723 7791 8754 
17126 7060 7058 9093 
17127 878 1347 8742 
17128 2949 5998 8786 
17129 4443 8856 8900 
17130 3655 7925 9064 
17131 2537 8730 8746 
17132 8785 7342 8799 
17133 8755 5587 8762 
17134 5356 5357 8768 
17135 2771 8695 8721 
17136 3964 3885 9074 
17137 7390 7392 8748 
17138 5788 8754 8782 
17139 2539 2537 8746 
17140 6162 6159 9058 
17141 7872 7871 8745 
17142 1056 1054 9078 
17143 5797 5795 8747 
17144 7837 4007 8845 
17145 8995 5812 9210 
17146 3887 3964 9079 
17147 4602 5034 8750 
17148 7342 4027 8799 
17149 7246 7248 8751 
17150 2949 8786 8790 
17151 5788 2747 8754 
17152 4002 4807 8744 
17153 7916 853 8737 
17154 8727 4526 8741 
17155 7624 509 8762 
17156 6176 8753 8759 
17157 2356 8677 8724 
17158 1146 1144 8752 
17159 771 769 8760 
17160 7279 7278 9085 
17161 509 385 8755 
17162 8770 5972 8827 
17163 8800 7404 8801 
17164 4499 5077 8805 
17165 8160 4497 8777 
17166 8752 1144 8757 
17167 6156 6153 9072 
17168 8740 5357 8749 
17169 8799 4027 8816 
17170 481 302 9092 
17171 652 5431 9219 
17172 3357 6525 9107 
17173 7054 7052 9109 
17174 8723 7916 8737 
17175 3965 3891 9083 
17176 5431 9217 9219 
17177 8714 4497 8758 
17178 1144 1142 8757 
17179 7791 4627 8754 
17180 6176 6174 8753 
17181 8805 5077 8839 
17182 7837 8845 8857 
17183 5587 5585 8762 
17184 6633 6630 8763 
17185 6150 6147 9077 
17186 8000 4804 8741 
17187 844 5788 8782 
17188 837 838 8740 
17189 4626 8723 8737 
17190 304 598 9100 
17191 773 771 8765 
17192 3893 3965 9090 
17193 7246 8751 8769 
17194 8740 844 8768 
17195 888 1348 8771 
17196 3588 6280 8774 
17197 7211 5586 8772 
17198 6016 6015 8766 
17199 6237 6243 8767 
17200 8772 5586 8776 
17201 5927 837 8749 
17202 3597 7975 8761 
17203 7245 7246 8769 
17204 4027 7517 8816 
17205 6278 8728 9064 
17206 8758 4499 8805 
17207 911 1323 9081 
17208 7048 7046 9117 
17209 6144 6141 9082 
17210 7211 8772 8778 
17211 7245 8769 8785 
17212 4526 3588 8764 
17213 8786 5181 8790 
17214 1311 907 9094 
17215 3967 3897 9098 
17216 7379 1311 9094 
17217 5248 5247 8770 
17218 1140 1138 8775 
17219 7912 3652 8773 
17220 288 289 8789 
17221 3899 3967 9101 
17222 7208 8779 8781 
17223 771 8760 8765 
17224 7210 8778 8779 
17225 8816 7517 8836 
17226 7210 7211 8778 
17227 8890 5595 9194 
17228 7209 7208 8781 
17229 6138 6135 9091 
17230 2543 2541 8780 
17231 7208 7210 8779 
17232 2155 2949 8790 
17233 8832 7356 8845 
17234 8764 3588 8774 
17235 5586 5584 8776 
17236 8775 1138 8784 
17237 5159 4097 8797 
17238 5181 5180 8803 
17239 7244 7245 8785 
17240 1138 1136 8784 
17241 8848 6647 8859 
17242 7517 7202 8836 
17243 5998 8064 8774 
17244 5053 8862 8864 
17245 5560 8996 9110 
17246 5972 3693 8783 
17247 7209 8781 8787 
17248 5927 8749 8777 
17249 9231 6094 9232 
17250 8862 3592 8864 
17251 7814 7209 8787 
17252 6132 6129 9099 
17253 6280 5181 8786 
17254 7042 7040 9125 
17255 6240 6239 8791 
17256 5950 5949 8793 
17257 5565 9007 9102 
17258 6158 6156 9133 
17259 3968 3903 9111 
17260 2543 8780 8792 
17261 8836 7202 8852 
17262 5263 5634 9112 
17263 3040 3038 8788 
17264 7244 8785 8799 
17265 665 7493 8813 
17266 5545 5547 8795 
17267 3905 3968 9113 
17268 1348 8748 9115 
17269 8146 5927 8777 
17270 837 8740 8749 
17271 7814 8787 8794 
17272 2545 2543 8792 
17273 5952 5950 9013 
17274 1774 1943 9116 
17275 9233 4814 9235 
17276 6126 6123 9108 
17277 7367 583 8798 
17278 8628 6089 8643 
17279 7406 7814 8794 
17280 781 779 8796 
17281 5797 8669 8671 
17282 7479 7244 8799 
17283 7036 7034 9132 
17284 7293 7294 8801 
17285 2153 8790 8803 
17286 7202 3953 8852 
17287 3970 3909 9119 
17288 8693 2727 8702 
17289 8852 3953 8863 
17290 5428 9222 9223 
17291 781 8796 8802 
17292 590 5428 9223 
17293 783 781 8802 
17294 2567 2565 8804 
17295 646 7315 8806 
17296 7479 8799 8816 
17297 4637 8805 8839 
17298 1134 1132 8808 
17299 4637 4802 8805 
17300 7891 8644 8649 
17301 3911 3970 9121 
17302 2567 8804 8809 
17303 791 8812 8825 
17304 6120 6117 9114 
17305 598 305 9122 
17306 5092 4637 8839 
17307 2569 2567 8809 
17308 7124 7122 8811 
17309 6640 6637 8810 
17310 7318 6994 8981 
17311 8808 1132 8814 
17312 4802 8758 8805 
17313 791 789 8812 
17314 6457 5264 9135 
17315 1944 1770 9123 
17316 7030 7028 9138 
17317 1132 1130 8814 
17318 8856 4809 8900 
17319 6868 6869 8858 
17320 6429 6424 8817 
17321 6152 6150 9145 
17322 7237 7479 8816 
17323 2677 8770 8827 
17324 5644 5643 9115 
17325 510 399 8818 
17326 9239 4815 9240 
17327 3972 3915 9126 
17328 6221 6222 8822 
17329 4009 7836 8815 
17330 4644 4777 8819 
17331 8823 584 8829 
17332 6102 6099 9127 
17333 2573 2571 8824 
17334 1768 1944 9129 
17335 307 482 9128 
17336 6114 6111 9120 
17337 5254 5251 8833 
17338 6869 8863 8870 
17339 3917 3972 9130 
17340 7237 8816 8836 
17341 3036 3034 8820 
17342 6425 6421 8826 
17343 6096 6092 9131 
17344 584 7352 8829 
17345 793 791 8825 
17346 6108 6105 9124 
17347 1128 1126 8830 
17348 2549 2547 8831 
17349 4662 9084 9097 
17350 5549 5550 8828 
17351 5076 8674 8680 
17352 7983 5435 8834 
17353 309 7440 9139 
17354 3032 3030 8841 
17355 7236 7237 8836 
17356 1126 1124 8835 
17357 810 7712 8821 
17358 7024 7022 9144 
17359 8830 1126 8835 
17360 3973 3921 9134 
17361 7665 7664 8827 
17362 4699 7989 8840 
17363 1315 8185 8842 
17364 8879 6654 8889 
17365 6230 6229 8837 
17366 2577 2575 8838 
17367 2549 8831 8848 
17368 6433 6025 8847 
17369 7702 5906 8843 
17370 3923 3973 9137 
17371 7236 8836 8852 
17372 1945 1764 9136 
17373 8644 2723 8649 
17374 7296 8798 8800 
17375 3836 3838 8844 
17376 8023 3605 8846 
17377 7356 7355 8845 
17378 2551 2549 8848 
17379 3960 8515 9043 
17380 8842 5301 8887 
17381 799 797 8849 
17382 8175 584 8823 
17383 3975 3927 9140 
17384 6867 7236 8852 
17385 6146 6144 9155 
17386 1762 1945 9141 
17387 2581 2579 8853 
17388 482 308 9139 
17389 8845 7355 8857 
17390 8866 7667 8885 
17391 7292 8806 8807 
17392 5672 5352 8851 
17393 6867 8852 8863 
17394 5018 4737 8861 
17395 5073 4443 8900 
17396 9103 3357 9107 
17397 803 801 8855 
17398 7018 7016 9147 
17399 797 795 8850 
17400 6022 6466 8854 
17401 3929 3975 9143 
17402 4443 3591 8856 
17403 7355 7873 8857 
17404 8849 797 8850 
17405 3977 3933 9146 
17406 4009 8815 8880 
17407 6647 6644 8859 
17408 3962 8508 9069 
17409 8844 3955 8858 
17410 7124 8811 8818 
17411 863 8868 8876 
17412 4703 5024 8860 
17413 5053 4643 8862 
17414 1946 1758 9148 
17415 8811 510 8818 
17416 6866 6867 8863 
17417 7442 5536 9227 
17418 3935 3977 9149 
17419 4105 5035 8865 
17420 3592 4444 8864 
17421 6140 6138 9165 
17422 5299 5302 8887 
17423 7012 7086 9151 
17424 5355 5354 8866 
17425 4025 3939 9150 
17426 283 284 8872 
17427 3964 8504 9079 
17428 863 865 8868 
17429 4032 8901 8909 
17430 1756 1946 9153 
17431 8874 2018 8878 
17432 5536 9226 9227 
17433 1122 1120 8869 
17434 3953 3834 8870 
17435 6018 6020 9177 
17436 3028 3026 8867 
17437 2555 2553 8871 
17438 8997 7001 9010 
17439 7667 4662 9097 
17440 1120 1118 8873 
17441 8869 1120 8873 
17442 6505 6507 8875 
17443 6278 9064 9142 
17444 8843 5906 8912 
17445 3965 8513 9090 
17446 4707 4653 8877 
17447 8910 6662 8919 
17448 4815 4664 9241 
17449 861 863 8876 
17450 3330 8866 8885 
17451 2018 7805 8878 
17452 285 286 8882 
17453 1360 6018 9180 
17454 6018 9177 9180 
17455 1947 1752 9159 
17456 458 459 9161 
17457 2555 8871 8879 
17458 7711 2018 8874 
17459 3955 7614 8893 
17460 3657 8890 8894 
17461 4660 7701 9158 
17462 6134 6132 9170 
17463 4807 8736 8744 
17464 5424 7746 8885 
17465 2557 2555 8879 
17466 910 1360 8883 
17467 1750 1947 9163 
17468 4662 4652 9084 
17469 1116 1114 8881 
17470 3967 8520 9101 
17471 4044 4461 9164 
17472 7899 4009 8880 
17473 8895 293 8923 
17474 8901 6817 8909 
17475 5196 5197 9168 
17476 8881 1114 8886 
17477 1114 1112 8886 
17478 5005 8023 9247 
17479 292 293 8895 
17480 8893 7614 8909 
17481 8882 286 8891 
17482 960 1277 9052 
17483 3657 8006 8890 
17484 599 311 9162 
17485 6654 6651 8889 
17486 6064 6067 8888 
17487 1948 1746 9167 
17488 4506 4507 9156 
17489 8716 7426 8739 
17490 286 287 8891 
17491 7614 4032 8909 
17492 2858 7700 9027 
17493 7559 3657 8894 
17494 1110 1108 8892 
17495 5704 5705 8896 
17496 6815 6816 8893 
17497 315 657 9171 
17498 3968 8527 9113 
17499 7961 2858 9027 
17500 6128 6126 9178 
17501 3674 3675 8897 
17502 7700 6201 9027 
17503 8892 1108 8898 
17504 1744 1948 9169 
17505 1108 1106 8898 
17506 5217 5198 9174 
17507 1361 8920 9186 
17508 8936 5313 9055 
17509 4809 7627 8900 
17510 4032 7497 8901 
17511 313 483 9166 
17512 2561 2559 8902 
17513 912 8883 8899 
17514 5594 5589 8920 
17515 7899 8880 8906 
17516 2630 7009 9194 
17517 6073 6072 8903 
17518 3970 8533 9121 
17519 6815 8893 8909 
17520 7780 6817 8917 
17521 5801 556 9179 
17522 1949 1740 9173 
17523 8897 3675 8907 
17524 3675 4456 8907 
17525 483 314 9171 
17526 2561 8902 8910 
17527 4015 7899 8906 
17528 969 4788 8911 
17529 6817 6815 8909 
17530 2563 2561 8910 
17531 6020 8867 9177 
17532 963 965 8913 
17533 6122 6120 9188 
17534 3839 8756 8832 
17535 5906 5907 8912 
17536 5591 5592 8918 
17537 1738 1949 9176 
17538 5174 5711 9192 
17539 3972 8539 9130 
17540 5215 5216 9183 
17541 8710 5017 9172 
17542 4614 8908 8914 
17543 4015 8906 8926 
17544 319 659 9185 
17545 6662 6661 8919 
17546 600 8710 9172 
17547 8901 6456 8917 
17548 293 294 8923 
17549 8187 5012 8905 
17550 1950 1734 9181 
17551 6116 6114 9198 
17552 657 316 9184 
17553 920 2630 8921 
17554 9037 5827 9054 
17555 317 553 9184 
17556 924 1361 9186 
17557 1104 1102 8922 
17558 3973 8542 9137 
17559 553 318 9185 
17560 6492 6495 8924 
17561 8728 3655 9064 
17562 4802 8714 8758 
17563 1732 1950 9187 
17564 4563 8215 8908 
17565 8976 5559 9110 
17566 5430 5714 9217 
17567 1100 1098 8928 
17568 5350 5349 8925 
17569 8709 6176 8759 
17570 5023 4700 8931 
17571 4804 8727 8741 
17572 962 960 9052 
17573 7607 962 9052 
17574 487 342 9190 
17575 7852 4015 8926 
17576 5168 5173 9196 
17577 6456 6455 8937 
17578 1098 1096 8929 
17579 8928 1098 8929 
17580 3975 8531 9143 
17581 5041 5764 8930 
17582 1951 1728 9191 
17583 7118 6490 8932 
17584 9084 4652 9107 
17585 6110 6108 9209 
17586 8934 895 8935 
17587 6414 6502 8941 
17588 3977 8528 9149 
17589 484 322 9197 
17590 659 320 9193 
17591 5357 8740 8768 
17592 895 897 8935 
17593 889 8944 8946 
17594 1726 1951 9195 
17595 8933 1092 8938 
17596 1094 1092 8933 
17597 7852 8926 8942 
17598 8937 6455 8953 
17599 5320 5325 8939 
17600 893 895 8934 
17601 6455 6362 8953 
17602 601 5186 9238 
17603 7193 2675 8937 
17604 1092 1090 8938 
17605 321 484 9193 
17606 8076 3664 8940 
17607 961 1321 8943 
17608 2777 7821 8936 
17609 8954 5759 8955 
17610 4569 8241 8927 
17611 324 592 9201 
17612 5312 5333 9055 
17613 9011 5557 9102 
17614 591 345 9203 
17615 295 296 8947 
17616 1952 1722 9200 
17617 889 891 8944 
17618 4731 4668 9199 
17619 5392 5397 8985 
17620 9062 7074 9073 
17621 1088 1086 8945 
17622 4018 7852 8942 
17623 9074 7068 9080 
17624 7146 8482 8884 
17625 887 889 8946 
17626 7294 8800 8801 
17627 6362 6361 8973 
17628 7193 8937 8953 
17629 6104 6102 9220 
17630 8953 6362 8973 
17631 7221 3990 9202 
17632 4747 4642 9213 
17633 4811 9234 9236 
17634 8945 1086 8952 
17635 1720 1952 9206 
17636 488 348 9208 
17637 955 8954 8955 
17638 4461 8521 9164 
17639 5426 5429 9222 
17640 3002 3000 8948 
17641 5377 5398 8950 
17642 8790 5181 8803 
17643 5761 5760 8956 
17644 1086 1084 8952 
17645 6204 9015 9207 
17646 5669 5322 8958 
17647 6417 6416 8960 
17648 883 885 8957 
17649 1963 7193 8953 
17650 6031 9031 9212 
17651 5381 5602 8959 
17652 899 901 8951 
17653 957 2770 8954 
17654 5032 9049 9211 
17655 330 652 9219 
17656 5815 9003 9210 
17657 8973 6361 8991 
17658 1953 1716 9215 
17659 7441 7442 9227 
17660 658 327 9216 
17661 328 485 9216 
17662 8748 5644 9115 
17663 5347 5345 8961 
17664 7694 7695 8963 
17665 6361 6363 8991 
17666 9083 7062 9093 
17667 4018 8942 8979 
17668 332 590 9223 
17669 7360 8468 8904 
17670 7009 8890 9194 
17671 8977 937 8982 
17672 5385 5388 8968 
17673 7306 7307 9205 
17674 485 329 9219 
17675 1082 1080 8962 
17676 1963 8953 8973 
17677 2998 2996 8967 
17678 1078 1296 8965 
17679 1314 8013 8966 
17680 1714 1953 9221 
17681 879 881 8964 
17682 7004 6407 8984 
17683 6400 6398 8971 
17684 5653 9152 9245 
17685 8991 6363 9009 
17686 6098 6096 9225 
17687 1966 1710 9224 
17688 8798 583 8800 
17689 1322 7508 8976 
17690 4019 7783 8972 
17691 7126 8449 8916 
17692 6892 8447 8915 
17693 9098 7056 9109 
17694 6364 6366 9030 
17695 7600 4811 9236 
17696 5755 5757 8970 
17697 937 939 8982 
17698 875 877 8969 
17699 6363 6364 9009 
17700 1076 1074 8974 
17701 7371 1963 8973 
17702 935 937 8977 
17703 951 1306 8975 
17704 8095 5559 8978 
17705 8756 7356 8832 
17706 652 331 9223 
17707 1072 1197 8980 
17708 7783 4018 8979 
17709 8806 7315 8807 
17710 6994 6993 8981 
17711 1708 1966 9228 
17712 8972 7783 8979 
17713 3617 7855 9226 
17714 1062 1188 8983 
17715 4019 8972 8994 
17716 7371 8973 8991 
17717 1702 1703 9229 
17718 9076 5090 9087 
17719 6995 6998 8988 
17720 1058 2765 8986 
17721 9009 6364 9030 
17722 5600 5601 9001 
17723 343 8412 9190 
17724 5275 5278 8989 
17725 6091 6094 9231 
17726 2609 7371 8991 
17727 869 871 8992 
17728 9111 7050 9117 
17729 5556 5560 9110 
17730 949 8975 8987 
17731 8003 5812 8990 
17732 6366 6367 9044 
17733 8412 4812 9190 
17734 7604 4019 8994 
17735 923 925 8996 
17736 9030 6366 9044 
17737 1698 1699 9232 
17738 4663 4814 9233 
17739 6034 6036 8993 
17740 2768 7255 8995 
17741 338 601 9238 
17742 8885 7667 9097 
17743 5811 5815 9210 
17744 7604 8994 9002 
17745 601 339 9236 
17746 5287 5286 9008 
17747 7568 7567 9227 
17748 6869 8844 8858 
17749 1066 2975 8997 
17750 9119 7044 9125 
17751 2609 8991 9009 
17752 6367 6171 9060 
17753 4021 7604 9002 
17754 1040 1038 9003 
17755 297 298 8998 
17756 5814 5818 8999 
17757 486 336 9237 
17758 1694 1695 9235 
17759 6732 4815 9239 
17760 9044 6367 9060 
17761 1044 1042 9006 
17762 4021 9002 9004 
17763 7703 4021 9004 
17764 5563 5565 9102 
17765 943 945 9005 
17766 917 919 9007 
17767 8975 6988 8987 
17768 5424 8885 9097 
17769 1068 8997 9010 
17770 7227 2609 9009 
17771 1046 1044 9012 
17772 2779 7487 9000 
17773 7987 5535 9230 
17774 1044 9006 9012 
17775 4665 4667 9234 
17776 3284 3282 9014 
17777 941 943 9016 
17778 1022 1020 9015 
17779 9204 7929 9207 
17780 7703 9004 9017 
17781 9146 7020 9147 
17782 8863 3953 8870 
17783 1022 9015 9020 
17784 6171 6170 9075 
17785 1997 1692 9240 
17786 9126 7038 9132 
17787 4022 9017 9022 
17788 7713 2719 9013 
17789 1028 1026 9018 
17790 1310 7726 9011 
17791 7227 9009 9030 
17792 9060 6171 9075 
17793 4022 7703 9017 
17794 6206 6209 9019 
17795 7929 6204 9207 
17796 7750 4022 9022 
17797 7415 1290 9021 
17798 545 8895 9247 
17799 1024 1022 9020 
17800 5567 5578 9026 
17801 8966 5390 8985 
17802 6211 6214 9023 
17803 5820 5824 9025 
17804 2994 2992 9029 
17805 6029 6031 9212 
17806 6170 6168 9088 
17807 5488 5489 9032 
17808 1032 1030 9024 
17809 1964 7227 9030 
17810 9150 7014 9151 
17811 7516 7961 9027 
17812 6029 9212 9214 
17813 9088 6168 9089 
17814 1012 1010 9028 
17815 6201 7929 9204 
17816 340 7600 9236 
17817 9140 7026 9144 
17818 9036 300 9050 
17819 7750 9022 9033 
17820 9134 7032 9138 
17821 4023 9033 9035 
17822 6168 6167 9089 
17823 6830 6835 9034 
17824 1964 9030 9044 
17825 2992 2990 9031 
17826 4023 7750 9033 
17827 943 9005 9016 
17828 9029 2992 9031 
17829 299 300 9036 
17830 7734 4023 9035 
17831 9075 6170 9088 
17832 8936 7821 9105 
17833 1004 1002 9038 
17834 6167 6165 9104 
17835 7927 6029 9214 
17836 1048 1187 9037 
17837 4659 4752 9048 
17838 4812 9189 9190 
17839 9104 6165 9106 
17840 1008 1006 9040 
17841 1277 7550 9039 
17842 300 301 9050 
17843 3877 3875 9043 
17844 952 950 9053 
17845 7499 1964 9044 
17846 2862 3644 9049 
17847 948 946 9042 
17848 6165 6164 9106 
17849 6717 6720 9045 
17850 7904 4747 9041 
17851 4657 5033 9047 
17852 7734 9035 9057 
17853 6910 6911 9056 
17854 6159 6160 9058 
17855 970 968 9051 
17856 4102 5032 9211 
17857 1050 9037 9054 
17858 6164 6162 9118 
17859 4799 7607 9052 
17860 3877 9043 9062 
17861 913 915 9046 
17862 9089 6167 9104 
17863 3960 7734 9057 
17864 5715 9202 9244 
17865 8553 5101 9203 
17866 2681 7499 9060 
17867 4648 4758 9059 
17868 3879 3877 9062 
17869 1000 998 9063 
17870 7925 5987 9064 
17871 7499 9044 9060 
17872 4801 7105 9061 
17873 5088 5087 9065 
17874 8896 5705 9156 
17875 346 8553 9203 
17876 9063 998 9066 
17877 4800 5483 9067 
17878 4507 8896 9156 
17879 998 996 9066 
17880 7741 3681 9068 
17881 5571 5574 9070 
17882 6153 6154 9072 
17883 3883 3881 9069 
17884 2681 9060 9075 
17885 5829 7276 9071 
17886 1315 8842 8887 
17887 7074 7072 9073 
17888 9106 6164 9118 
17889 3883 9069 9074 
17890 9237 5185 9243 
17891 9084 1394 9097 
17892 3885 3883 9074 
17893 6147 6148 9077 
17894 7429 7430 9076 
17895 7596 2681 9075 
17896 9151 7086 9154 
17897 3889 3887 9079 
17898 1054 1299 9078 
17899 909 911 9081 
17900 909 9081 9094 
17901 7068 7066 9080 
17902 9216 5716 9244 
17903 9116 6160 9123 
17904 3889 9079 9083 
17905 5236 5235 9218 
17906 7596 9075 9088 
17907 6445 6590 9086 
17908 985 9076 9087 
17909 6141 6142 9082 
17910 5101 9199 9203 
17911 349 8676 9208 
17912 3891 3889 9083 
17913 7278 7281 9085 
17914 7936 1394 9084 
17915 1965 7596 9088 
17916 8676 5236 9208 
17917 1965 9088 9089 
17918 5620 833 9095 
17919 9129 6154 9136 
17920 1943 9058 9116 
17921 3895 3893 9090 
17922 7744 1965 9089 
17923 6135 6136 9091 
17924 7062 7060 9093 
17925 7089 514 9160 
17926 9141 6148 9148 
17927 907 909 9094 
17928 302 303 9092 
17929 1944 9123 9133 
17930 3895 9090 9098 
17931 6817 8901 8917 
17932 303 304 9100 
17933 6129 6130 9099 
17934 3897 3895 9098 
17935 7744 9089 9104 
17936 3901 3899 9101 
17937 4651 9096 9103 
17938 1394 5424 9097 
17939 4652 4651 9103 
17940 9153 6142 9159 
17941 1946 9148 9155 
17942 1945 9136 9145 
17943 2724 7744 9104 
17944 7821 1311 9105 
17945 2724 9104 9106 
17946 1944 9072 9129 
17947 6123 6124 9108 
17948 9092 303 9100 
17949 7056 7054 9109 
17950 3901 9101 9111 
17951 7669 2724 9106 
17952 9163 6136 9167 
17953 6525 7936 9107 
17954 3903 3901 9111 
17955 5265 5263 9112 
17956 6117 6118 9114 
17957 3907 3905 9113 
17958 1947 9159 9165 
17959 9169 6130 9173 
17960 7669 9106 9118 
17961 1772 1774 9116 
17962 9064 5987 9142 
17963 1948 9167 9170 
17964 7050 7048 9117 
17965 3907 9113 9119 
17966 1945 9077 9141 
17967 7936 9084 9107 
17968 5643 5646 9115 
17969 9162 5650 9245 
17970 6111 6112 9120 
17971 3909 3907 9119 
17972 1943 7669 9118 
17973 9176 6124 9181 
17974 1772 9116 9123 
17975 1949 9173 9178 
17976 3913 3911 9121 
17977 305 306 9122 
17978 6105 6106 9124 
17979 1770 1772 9123 
17980 7044 7042 9125 
17981 3913 9121 9126 
17982 1950 9181 9188 
17983 1946 9082 9153 
17984 8905 5012 8949 
17985 3915 3913 9126 
17986 9187 6118 9191 
17987 9122 306 9128 
17988 6099 6100 9127 
17989 306 307 9128 
17990 1766 1768 9129 
17991 3919 3917 9130 
17992 4668 9175 9199 
17993 6092 6093 9131 
17994 7038 7036 9132 
17995 9195 6112 9200 
17996 3919 9130 9134 
17997 9221 6100 9224 
17998 6160 6158 9133 
17999 1966 9224 9225 
18000 9206 6106 9215 
18001 1766 9129 9136 
18002 3921 3919 9134 
18003 4652 9103 9107 
18004 1947 9091 9163 
18005 1951 9191 9198 
18006 6459 6457 9135 
18007 9228 6093 9229 
18008 1764 1766 9136 
18009 1702 9229 9231 
18010 3925 3923 9137 
18011 308 309 9139 
18012 1953 9215 9220 
18013 1698 9232 9233 
18014 7032 7030 9138 
18015 1952 9200 9209 
18016 3925 9137 9140 
18017 1694 9235 9239 
18018 3927 3925 9140 
18019 1760 1762 9141 
18020 1948 9099 9169 
18021 7026 7024 9144 
18022 6154 6152 9145 
18023 5987 5988 9142 
18024 3931 3929 9143 
18025 3931 9143 9146 
18026 3933 3931 9146 
18027 1760 9141 9148 
18028 7020 7018 9147 
18029 8895 5005 9247 
18030 1758 1760 9148 
18031 3937 3935 9149 
18032 1949 9108 9176 
18033 3937 9149 9150 
18034 4651 8661 9096 
18035 3939 3937 9150 
18036 1314 8966 8985 
18037 7014 7012 9151 
18038 1754 1756 9153 
18039 9039 4747 9213 
18040 7440 599 9152 
18041 5705 4813 9156 
18042 7672 4025 9154 
18043 6148 6146 9155 
18044 8908 8215 9241 
18045 4664 8908 9241 
18046 1754 9153 9159 
18047 7672 9154 9157 
18048 5650 5649 9245 
18049 4026 7672 9157 
18050 1950 9114 9187 
18051 5235 5234 9218 
18052 4026 9157 9158 
18053 7701 4026 9158 
18054 1752 1754 9159 
18055 9162 312 9166 
18056 4810 4660 9160 
18057 311 312 9162 
18058 514 458 9161 
18059 1748 1750 9163 
18060 4046 4044 9164 
18061 1951 9120 9195 
18062 6142 6140 9165 
18063 5232 666 9265 
18064 1748 9163 9167 
18065 2777 8936 9055 
18066 1746 1748 9167 
18067 312 313 9166 
18068 5199 5196 9168 
18069 1952 9124 9206 
18070 9202 7307 9244 
18071 615 5232 9264 
18072 7230 532 9249 
18073 1742 1744 9169 
18074 6136 6134 9170 
18075 603 5432 9262 
18076 532 7120 9250 
18077 9249 532 9250 
18078 314 315 9171 
18079 5432 615 9263 
18080 7120 7119 9251 
18081 1742 9169 9173 
18082 1702 9231 9232 
18083 9264 5232 9265 
18084 7119 623 9252 
18085 5184 9230 9243 
18086 1740 1742 9173 
18087 8676 600 9172 
18088 1953 9127 9221 
18089 9250 7120 9251 
18090 9251 7119 9252 
18091 623 6281 9253 
18092 6281 540 9254 
18093 9262 5432 9263 
18094 540 5980 9255 
18095 9263 615 9264 
18096 5218 5217 9174 
18097 9253 6281 9254 
18098 1277 9039 9213 
18099 9252 623 9253 
18100 1736 1738 9176 
18101 8412 591 9175 
18102 5980 620 9256 
18103 1698 9233 9235 
18104 620 5801 9257 
18105 6130 6128 9178 
18106 1966 9131 9228 
18107 556 6010 9179 
18108 9255 5980 9256 
18109 7573 5366 9177 
18110 9177 5366 9180 
18111 9254 540 9255 
18112 1736 9176 9181 
18113 6010 6009 9259 
18114 9256 620 9257 
18115 9258 6010 9259 
18116 5366 5368 9180 
18117 9189 5047 9242 
18118 1734 1736 9181 
18119 8553 488 9182 
18120 5712 5215 9183 
18121 316 317 9184 
18122 318 319 9185 
18123 9058 6160 9116 
18124 9259 6009 9260 
18125 1694 9239 9240 
18126 1730 1732 9187 
18127 4673 9260 9261 
18128 6124 6122 9188 
18129 1322 8976 9110 
18130 1730 9187 9191 
18131 4812 4661 9189 
18132 9072 6154 9129 
18133 342 343 9190 
18134 1728 1730 9191 
18135 5175 5174 9192 
18136 1310 9011 9102 
18137 9077 6148 9141 
18138 1724 1726 9195 
18139 320 321 9193 
18140 5170 5168 9196 
18141 5595 5596 9194 
18142 322 323 9197 
18143 6118 6116 9198 
18144 1724 9195 9200 
18145 5101 4731 9199 
18146 9082 6142 9153 
18147 5715 7221 9202 
18148 1722 1724 9200 
18149 323 324 9201 
18150 4810 9160 9161 
18151 9197 323 9201 
18152 9160 514 9161 
18153 9091 6136 9163 
18154 7231 7230 9248 
18155 7514 7516 9204 
18156 345 346 9203 
18157 592 7306 9205 
18158 7514 9204 9207 
18159 1718 1720 9206 
18160 1185 7514 9207 
18161 5716 5715 9244 
18162 348 349 9208 
18163 6112 6110 9209 
18164 4642 4799 9213 
18165 4702 5031 9211 
18166 1718 9206 9215 
18167 9099 6130 9169 
18168 9212 7506 9214 
18169 9123 6160 9133 
18170 7506 7507 9214 
18171 1716 1718 9215 
18172 327 328 9216 
18173 5431 5430 9217 
18174 3603 7506 9212 
18175 4025 9151 9154 
18176 329 330 9219 
18177 9230 7442 9243 
18178 9108 6124 9176 
18179 6106 6104 9220 
18180 5428 5426 9222 
18181 1712 1714 9221 
18182 331 332 9223 
18183 1712 9221 9224 
18184 9136 6154 9145 
18185 1710 1712 9224 
18186 6100 6098 9225 
18187 9114 6118 9187 
18188 7567 7441 9227 
18189 5536 3617 9226 
18190 9148 6148 9155 
18191 1706 1708 9228 
18192 6007 603 9261 
18193 4048 4671 9258 
18194 1706 9228 9229 
18195 1703 1706 9229 
18196 5184 7987 9230 
18197 9120 6112 9195 
18198 6093 6091 9231 
18199 5185 5184 9243 
18200 9124 6106 9206 
18201 1699 1702 9232 
18202 9127 6100 9221 
18203 6094 4663 9233 
18204 9159 6142 9165 
18205 4673 8065 9260 
18206 1695 1698 9235 
18207 4811 4665 9234 
18208 337 338 9238 
18209 9131 6093 9228 
18210 336 337 9237 
18211 339 340 9236 
18212 4814 6732 9239 
18213 9167 6136 9170 
18214 1692 1694 9240 
18215 9237 337 9238 
18216 5591 8918 9186 
18217 9248 7230 9249 
18218 9173 6130 9178 
18219 8215 1997 9241 
18220 9246 7232 9248 
18221 9181 6124 9188 
18222 7600 487 9242 
18223 9175 591 9199 
18224 9191 6118 9198 
18225 9164 7232 9246 
18226 7442 486 9243 
18227 9200 6112 9209 
18228 7307 658 9244 
18229 9224 6100 9225 
18230 9215 6106 9220 
18231 9261 603 9262 
18232 5234 9182 9218 
18233 2768 8995 9210 
18234 9229 6093 9231 
18235 9232 6094 9233 
18236 9235 4814 9239 
18237 9179 6010 9258 
18238 487 9189 9242 
18239 9182 488 9218 
18240 4671 9179 9258 
18241 7494 545 9247 
18242 8914 4046 9246 
18243 9152 599 9245 
18244 4046 9164 9246 
18245 9260 6009 9261 
18246 7232 7231 9248 
18247 4816 4817 9249 
18248 4816 9249 9250 
18249 7767 4816 9250 
18250 7767 9250 9251 
18251 4646 7767 9251 
18252 4646 9251 9252 
18253 7776 4646 9252 
18254 7776 9252 9253 
18255 4669 7776 9253 
18256 4669 9253 9254 
18257 7799 4669 9254 
18258 7799 9254 9255 
18259 4670 7799 9255 
18260 4670 9255 9256 
18261 7771 4670 9256 
18262 7771 9256 9257 
18263 4671 7771 9257 
18264 4470 4048 9258 
18265 4470 9258 9259 
18266 7932 4470 9259 
18267 7932 9259 9260 
18268 8065 7932 9260 
18269 4817 9248 9249 
18270 6009 6007 9261 
18271 4672 4673 9262 
18272 4672 9262 9263 
18273 7881 4672 9263 
18274 4854 7881 9264 
18275 7881 9263 9264 
18276 4855 4854 9265 
18277 4854 9264 9265 
18278 4673 9261 9262 
18279 9265 666 9266 
18280 4855 9265 9266 
18281 7095 4404 9268 
18282 4940 4937 9267 
18283 5001 2595 9267 
18284 4936 5001 9267 
18285 6850 9295 9300 
18286 9369 2820 9387 
18287 4404 4266 9268 
18288 4268 4412 9268 
18289 4937 4936 9267 
18290 4957 4779 9297 
18291 5846 5839 9298 
18292 5937 5939 9278 
18293 5219 8004 9269 
18294 9358 2816 9366 
18295 4872 4873 9344 
18296 9301 5665 9318 
18297 5777 5783 9280 
18298 5783 648 9280 
18299 5966 637 9279 
18300 5963 5966 9279 
18301 2062 5879 9463 
18302 4940 9267 9269 
18303 9269 8004 9271 
18304 4266 4268 9268 
18305 8116 5476 9361 
18306 4996 3622 9273 
18307 9267 2595 9269 
18308 4063 4847 9273 
18309 3622 3623 9273 
18310 8004 2800 9271 
18311 2595 5219 9269 
18312 4946 4943 9274 
18313 5939 7095 9278 
18314 5060 4830 9275 
18315 5831 3635 9275 
18316 9271 2800 9274 
18317 2389 2793 9276 
18318 4393 6392 9277 
18319 4940 9269 9271 
18320 9276 2793 9282 
18321 3639 9283 9299 
18322 7110 236 9281 
18323 237 604 9281 
18324 4941 4940 9271 
18325 121 5964 9286 
18326 99 5690 9287 
18327 90 5920 9288 
18328 84 6390 9289 
18329 75 6052 9290 
18330 4925 72 9291 
18331 6054 81 9292 
18332 5922 96 9293 
18333 6602 118 9294 
18334 6849 145 9295 
18335 5662 153 9296 
18336 147 148 9284 
18337 2126 2826 9285 
18338 2827 2128 9285 
18339 587 120 9286 
18340 597 98 9287 
18341 493 89 9288 
18342 492 83 9289 
18343 595 74 9290 
18344 73 595 9291 
18345 82 492 9292 
18346 97 597 9293 
18347 119 587 9294 
18348 146 581 9295 
18349 154 549 9296 
18350 4053 9327 9351 
18351 4779 4778 9297 
18352 7951 2817 9297 
18353 5839 5837 9298 
18354 7563 2809 9298 
18355 4946 9274 9276 
18356 4941 9271 9274 
18357 4885 4997 9272 
18358 3623 4063 9273 
18359 2793 7830 9282 
18360 4943 4941 9274 
18361 4902 4901 9360 
18362 4871 636 9418 
18363 9282 7830 9299 
18364 5964 5965 9286 
18365 5690 5691 9287 
18366 5920 5921 9288 
18367 6390 6391 9289 
18368 6052 6053 9290 
18369 4926 4925 9291 
18370 6055 6054 9292 
18371 5923 5922 9293 
18372 5663 5662 9296 
18373 6850 6849 9295 
18374 6603 6602 9294 
18375 4232 4234 9306 
18376 9283 4949 9299 
18377 3635 5060 9275 
18378 2096 2823 9307 
18379 2810 2098 9307 
18380 7830 3639 9299 
18381 2800 2389 9276 
18382 6392 6385 9277 
18383 4946 9276 9282 
18384 9274 2800 9276 
18385 236 237 9281 
18386 4927 4928 9305 
18387 6056 6057 9304 
18388 5924 5925 9303 
18389 6604 6605 9302 
18390 5664 5665 9301 
18391 5667 4407 9306 
18392 135 498 9308 
18393 4306 4399 9309 
18394 7302 4985 9426 
18395 5831 9275 9314 
18396 4947 4946 9282 
18397 4084 4953 9347 
18398 4949 4947 9299 
18399 3639 8105 9283 
18400 4947 9282 9299 
18401 581 147 9284 
18402 2128 2126 9285 
18403 120 121 9286 
18404 98 99 9287 
18405 89 90 9288 
18406 83 84 9289 
18407 74 75 9290 
18408 72 73 9291 
18409 81 82 9292 
18410 96 97 9293 
18411 118 119 9294 
18412 145 146 9295 
18413 153 154 9296 
18414 4778 7951 9297 
18415 5837 7563 9298 
18416 3209 3207 9311 
18417 9275 4831 9314 
18418 4985 7302 9436 
18419 2809 7847 9316 
18420 5475 5476 9323 
18421 4407 4232 9306 
18422 2098 2096 9307 
18423 4964 4959 9315 
18424 2154 2152 9317 
18425 4992 4965 9477 
18426 4873 535 9370 
18427 4086 4904 9355 
18428 4897 4895 9310 
18429 628 5481 9323 
18430 5481 5475 9323 
18431 7332 4682 9355 
18432 4930 3636 9325 
18433 134 135 9308 
18434 4304 4306 9309 
18435 5210 5207 9324 
18436 3636 3619 9325 
18437 5209 5208 9449 
18438 9329 4901 9339 
18439 4193 5165 9327 
18440 4053 5799 9327 
18441 4898 3625 9349 
18442 5166 653 9385 
18443 5665 549 9318 
18444 9316 7847 9340 
18445 8872 4860 9331 
18446 282 283 9331 
18447 4964 9315 9341 
18448 9326 4680 9376 
18449 5209 9449 9459 
18450 6311 6312 9337 
18451 7205 7206 9338 
18452 4901 4095 9339 
18453 4537 9270 9349 
18454 2831 3089 9339 
18455 4095 3085 9339 
18456 2156 2154 9341 
18457 4861 649 9416 
18458 3221 3209 9311 
18459 4917 4915 9442 
18460 4405 5935 9312 
18461 534 5772 9313 
18462 4819 5831 9314 
18463 4874 4872 9344 
18464 5473 565 9357 
18465 9327 5166 9351 
18466 9297 2817 9315 
18467 9298 2809 9316 
18468 8116 5883 9345 
18469 5840 5842 9345 
18470 625 212 9346 
18471 213 516 9346 
18472 6006 4679 9347 
18473 4082 4084 9347 
18474 6605 587 9319 
18475 5925 597 9320 
18476 6057 492 9321 
18477 4928 595 9322 
18478 549 5000 9318 
18479 5683 5684 9348 
18480 3625 8102 9349 
18481 7138 8086 9350 
18482 9380 7577 9481 
18483 4774 4914 9353 
18484 4908 4059 9354 
18485 9329 9344 9360 
18486 2818 8019 9353 
18487 4773 4774 9353 
18488 4059 3120 9354 
18489 587 9286 9319 
18490 597 9287 9320 
18491 492 9289 9321 
18492 595 9290 9322 
18493 4959 4957 9315 
18494 5848 5846 9316 
18495 4088 4086 9355 
18496 5524 4398 9356 
18497 4398 4318 9356 
18498 4320 5683 9356 
18499 2152 2816 9317 
18500 4957 9297 9315 
18501 5846 9298 9316 
18502 4961 4964 9358 
18503 7185 7186 9338 
18504 5000 4886 9318 
18505 7847 2821 9340 
18506 582 4992 9477 
18507 5528 110 9368 
18508 5782 4256 9367 
18509 9286 5965 9319 
18510 9287 5691 9320 
18511 9289 6391 9321 
18512 9290 6053 9322 
18513 5960 5961 9332 
18514 5687 5688 9333 
18515 5916 5917 9334 
18516 6387 6388 9335 
18517 6048 6049 9336 
18518 572 177 9362 
18519 5205 5210 9363 
18520 4988 4989 9363 
18521 4831 555 9410 
18522 630 4902 9412 
18523 5476 5474 9361 
18524 5514 4909 9375 
18525 2148 2146 9364 
18526 3123 7887 9328 
18527 5207 5209 9324 
18528 3619 4053 9325 
18529 5477 5472 9330 
18530 4995 4680 9326 
18531 7646 5117 9365 
18532 9315 2817 9341 
18533 4966 4963 9366 
18534 4256 4258 9367 
18535 110 111 9368 
18536 5472 5470 9330 
18537 5878 7585 9454 
18538 535 29 9370 
18539 5848 9316 9340 
18540 5478 5471 9357 
18541 6713 6712 9371 
18542 5965 5960 9332 
18543 5691 5687 9333 
18544 5921 5916 9334 
18545 6391 6387 9335 
18546 6053 6048 9336 
18547 9337 6312 9458 
18548 5117 5116 9337 
18549 4920 7926 9465 
18550 3621 4055 9372 
18551 4822 4094 9372 
18552 4875 543 9413 
18553 2074 2072 9374 
18554 9340 2821 9359 
18555 6711 606 9375 
18556 5799 4193 9327 
18557 4680 4072 9376 
18558 7183 7181 9377 
18559 179 522 9378 
18560 516 214 9379 
18561 5132 7409 9380 
18562 561 7577 9380 
18563 7577 7576 9382 
18564 6712 6711 9328 
18565 256 538 9385 
18566 653 255 9385 
18567 5856 5854 9387 
18568 5625 4689 9383 
18569 4877 4692 9388 
18570 4690 4822 9388 
18571 4697 7997 9389 
18572 4935 4938 9386 
18573 7184 7183 9390 
18574 649 4862 9441 
18575 5471 5473 9357 
18576 4964 9317 9358 
18577 543 4876 9448 
18578 3089 7165 9329 
18579 283 8872 9331 
18580 7341 5876 9446 
18581 5845 5847 9342 
18582 4956 4958 9343 
18583 5882 5845 9342 
18584 4991 4956 9343 
18585 4055 6311 9337 
18586 3744 7205 9338 
18587 7831 2818 9394 
18588 9344 4873 9360 
18589 3085 2831 9339 
18590 5850 5848 9340 
18591 2817 2156 9341 
18592 605 4865 9431 
18593 216 578 9395 
18594 4864 607 9433 
18595 5871 5874 9396 
18596 5876 7341 9455 
18597 2142 2140 9398 
18598 9329 7165 9344 
18599 636 4867 9429 
18600 4968 4976 9400 
18601 2821 7851 9359 
18602 4938 4939 9402 
18603 4696 4697 9403 
18604 542 4948 9409 
18605 4878 4866 9386 
18606 5878 9454 9472 
18607 552 5164 9425 
18608 4405 9312 9367 
18609 534 9313 9368 
18610 4694 5625 9404 
18611 4823 4818 9381 
18612 7165 4874 9344 
18613 2068 2066 9405 
18614 5525 5523 9352 
18615 4972 4970 9406 
18616 5867 5865 9407 
18617 4980 4983 9408 
18618 271 542 9409 
18619 627 270 9409 
18620 5883 5840 9345 
18621 5133 9380 9481 
18622 555 15 9410 
18623 16 663 9410 
18624 4932 4933 9383 
18625 5858 5866 9411 
18626 31 630 9412 
18627 212 213 9346 
18628 4679 4082 9347 
18629 35 631 9413 
18630 543 34 9413 
18631 5684 5689 9348 
18632 5862 5860 9415 
18633 8102 4537 9349 
18634 649 260 9416 
18635 261 529 9416 
18636 5850 9340 9359 
18637 273 622 9417 
18638 542 272 9417 
18639 526 7138 9350 
18640 28 535 9418 
18641 636 27 9418 
18642 2136 2134 9419 
18643 7 607 9420 
18644 280 667 9421 
18645 605 279 9421 
18646 552 253 9422 
18647 254 653 9422 
18648 14 555 9423 
18649 664 13 9423 
18650 182 566 9424 
18651 6929 181 9424 
18652 252 552 9425 
18653 661 251 9425 
18654 4985 4975 9426 
18655 5117 9337 9458 
18656 9359 7851 9369 
18657 2062 2060 9428 
18658 3123 9328 9354 
18659 8019 4773 9353 
18660 3120 3123 9354 
18661 4682 4088 9355 
18662 2803 7926 9430 
18663 6930 4986 9456 
18664 608 7410 9444 
18665 9285 2826 9449 
18666 7715 664 9404 
18667 622 6331 9402 
18668 4979 4977 9434 
18669 4318 4320 9356 
18670 4986 6930 9464 
18671 8105 3633 9390 
18672 7302 218 9436 
18673 219 513 9436 
18674 5863 5867 9437 
18675 4974 4984 9438 
18676 259 649 9441 
18677 5870 5868 9443 
18678 245 608 9444 
18679 5864 5875 9445 
18680 4973 4985 9447 
18681 5876 5859 9446 
18682 33 543 9448 
18683 630 32 9448 
18684 2150 2148 9391 
18685 5208 9285 9449 
18686 281 4 9451 
18687 480 1 9450 
18688 1 5 9450 
18689 4 282 9451 
18690 5144 668 9452 
18691 242 3 9452 
18692 3 243 9452 
18693 9266 666 9450 
18694 9317 2816 9358 
18695 4963 4961 9358 
18696 5852 5850 9359 
18697 7585 7586 9454 
18698 7333 635 9403 
18699 7341 184 9455 
18700 185 520 9455 
18701 4986 4969 9456 
18702 5460 5462 9459 
18703 4967 4986 9477 
18704 5873 5872 9476 
18705 3633 3634 9473 
18706 4981 4990 9462 
18707 45 46 9471 
18708 222 582 9464 
18709 6930 221 9464 
18710 5857 5876 9466 
18711 278 605 9431 
18712 635 8034 9469 
18713 607 8 9433 
18714 7851 2820 9369 
18715 7408 608 9432 
18716 7831 9394 9435 
18717 4949 9283 9377 
18718 4949 9377 9482 
18719 4074 6004 9376 
18720 43 2 9453 
18721 2 44 9453 
18722 5474 5477 9361 
18723 7140 572 9472 
18724 5852 9359 9369 
18725 177 178 9362 
18726 4820 4819 9384 
18727 4989 5205 9363 
18728 2146 2815 9364 
18729 9328 7887 9467 
18730 9325 4053 9351 
18731 539 7646 9365 
18732 9337 5116 9468 
18733 4819 9314 9384 
18734 2818 9353 9394 
18735 2076 2074 9401 
18736 2816 2150 9391 
18737 4976 4966 9366 
18738 4258 4405 9367 
18739 111 534 9368 
18740 526 9350 9399 
18741 5854 5852 9369 
18742 9362 178 9378 
18743 29 30 9370 
18744 6712 9328 9467 
18745 559 6713 9371 
18746 9338 7186 9473 
18747 9311 4897 9392 
18748 26 636 9429 
18749 4909 4908 9375 
18750 4055 9337 9468 
18751 9377 627 9482 
18752 4818 7860 9381 
18753 4825 4826 9382 
18754 4976 9364 9400 
18755 2820 2076 9401 
18756 4826 5147 9373 
18757 5147 5146 9373 
18758 4094 3621 9372 
18759 2072 2807 9374 
18760 606 5514 9375 
18761 529 7433 9389 
18762 4072 4074 9376 
18763 7181 627 9377 
18764 178 179 9378 
18765 214 215 9379 
18766 9338 7206 9469 
18767 4689 4932 9383 
18768 5133 5132 9380 
18769 631 6562 9381 
18770 7576 661 9382 
18771 663 7661 9384 
18772 5139 3221 9392 
18773 608 246 9432 
18774 4866 4935 9386 
18775 255 256 9385 
18776 5866 5856 9387 
18777 4901 9329 9360 
18778 4692 4690 9388 
18779 7997 4863 9389 
18780 7186 7184 9390 
18781 5866 9374 9411 
18782 2819 7831 9435 
18783 2815 2144 9427 
18784 3744 9338 9473 
18785 9379 215 9395 
18786 2807 2070 9439 
18787 44 45 9393 
18788 9370 30 9412 
18789 4914 4916 9394 
18790 2814 2138 9457 
18791 215 216 9395 
18792 5869 5871 9396 
18793 2805 2064 9463 
18794 2140 2814 9398 
18795 9266 6 9420 
18796 3221 9311 9392 
18797 247 7409 9432 
18798 4877 25 9429 
18799 2144 2142 9427 
18800 5515 526 9399 
18801 557 7110 9414 
18802 4970 4968 9400 
18803 4984 9398 9438 
18804 4939 4942 9402 
18805 5144 244 9444 
18806 7206 4696 9403 
18807 2819 9435 9465 
18808 9353 4914 9394 
18809 5869 9396 9407 
18810 7185 9338 9469 
18811 4862 4931 9441 
18812 4931 258 9441 
18813 4827 4694 9404 
18814 5875 9405 9445 
18815 6711 9375 9478 
18816 2066 2805 9405 
18817 5872 9440 9476 
18818 7110 5141 9414 
18819 4990 9419 9462 
18820 4984 4972 9406 
18821 9324 5209 9475 
18822 246 247 9432 
18823 5865 5869 9407 
18824 4978 4980 9408 
18825 270 271 9409 
18826 7585 5878 9476 
18827 2070 2068 9439 
18828 15 16 9410 
18829 9366 2816 9391 
18830 25 26 9429 
18831 9310 557 9414 
18832 9 4933 9433 
18833 5860 5858 9411 
18834 9394 4916 9435 
18835 4878 277 9431 
18836 30 31 9412 
18837 4930 9325 9397 
18838 34 35 9413 
18839 4978 9408 9426 
18840 5875 5862 9415 
18841 5515 9399 9442 
18842 260 261 9416 
18843 272 273 9417 
18844 9325 9351 9397 
18845 27 28 9418 
18846 2134 2813 9419 
18847 6 7 9420 
18848 279 280 9421 
18849 4855 9266 9420 
18850 253 254 9422 
18851 7410 5144 9444 
18852 13 14 9423 
18853 9370 9412 9460 
18854 181 182 9424 
18855 251 252 9425 
18856 4975 4978 9426 
18857 7926 2819 9465 
18858 9387 2820 9401 
18859 2060 2804 9428 
18860 8 9 9433 
18861 277 278 9431 
18862 9364 2815 9400 
18863 4867 4877 9429 
18864 4865 4878 9431 
18865 4976 9366 9391 
18866 4933 4864 9433 
18867 8043 2803 9430 
18868 7409 7408 9432 
18869 9428 2804 9440 
18870 4990 4979 9434 
18871 2138 2136 9457 
18872 4916 4918 9435 
18873 218 219 9436 
18874 5861 5863 9437 
18875 4977 4974 9438 
18876 2827 5206 9480 
18877 9354 9328 9478 
18878 2804 7585 9440 
18879 282 9331 9451 
18880 258 259 9441 
18881 614 5515 9442 
18882 5879 5870 9443 
18883 5861 9437 9446 
18884 9397 9351 9470 
18885 244 245 9444 
18886 8043 9430 9461 
18887 2064 2062 9463 
18888 9371 6712 9467 
18889 9372 4055 9468 
18890 5868 5864 9445 
18891 5859 5861 9446 
18892 4971 4973 9447 
18893 32 33 9448 
18894 627 9409 9482 
18895 9435 4918 9465 
18896 9393 669 9453 
18897 538 9397 9470 
18898 669 43 9453 
18899 2826 8258 9449 
18900 666 480 9450 
18901 667 281 9451 
18902 668 242 9452 
18903 9406 2815 9427 
18904 4971 9447 9456 
18905 9374 2807 9411 
18906 7586 8044 9454 
18907 9365 5117 9458 
18908 9449 8258 9459 
18909 9328 6711 9478 
18910 5462 5466 9475 
18911 184 185 9455 
18912 4969 4971 9456 
18913 5866 9387 9401 
18914 9462 2813 9474 
18915 9385 538 9470 
18916 6312 4821 9458 
18917 8258 5460 9459 
18918 9375 4908 9478 
18919 2813 6807 9474 
18920 9415 2807 9439 
18921 8044 8043 9461 
18922 5203 4981 9462 
18923 9474 6807 9480 
18924 221 222 9464 
18925 4918 4920 9465 
18926 5855 5857 9466 
18927 669 9393 9479 
18928 7887 4824 9467 
18929 5203 9462 9474 
18930 5116 5118 9468 
18931 8034 7185 9469 
18932 6807 2827 9480 
18933 46 609 9471 
18934 5877 5878 9472 
18935 3634 3744 9473 
18936 5204 5203 9474 
18937 5878 5873 9476 
18938 4948 4949 9482 
18939 4965 4967 9477 
18940 5204 9474 9480 
18941 4910 4909 9479 
18942 5206 5204 9480 
18943 9331 667 9451 
18944 9434 2814 9457 
18945 9443 2805 9463 
18946 9398 2814 9438 
18947 4984 9406 9427 
18948 9412 4902 9460 
18949 9360 4873 9460 
18950 4824 9371 9467 
18951 9405 2805 9445 
18952 9351 5166 9470 
18953 5118 9372 9468 
18954 4902 9360 9460 
18955 4821 9365 9458 
18956 4908 9354 9478 
18957 4873 9370 9460 
18958 5875 9415 9439 
18959 44 9393 9453 
18960 5166 9385 9470 
18961 9393 4910 9479 
18962 9419 2813 9462 
18963 9409 4948 9482 
18964 4990 9434 9457 
18965 5879 9443 9463 
18966 9440 7585 9476 
$EndElements
