$MeshFormat
4.1 0 8
$EndMeshFormat
$Entities
17 29 1 0
1 0 0 0 0 
2 0 3 0 0 
3 0 13.5 0 0 
4 0 15 0 0 
5 1.5 15 0 0 
6 0 16.5 0 0 
7 0 23.5 0 0 
8 0 25 0 0 
9 1.5 25 0 0 
10 0 26.5 0 0 
11 0 40 0 0 
12 23.09401076758503 40 0 0 
13 13.04700538379251 22.59807621135332 0 0 
14 11.54700538379251 20 0 0 
15 8.547005383792515 20 0 0 
16 10.04700538379251 17.40192378864668 0 0 
17 1.5 2.598076211353316 0 0 
1 0 0 0 0 40 0 0 2 1 -11 
2 0 40 0 23.09401076758503 40 0 0 2 11 -12 
3 0 0 0 23.09401076758503 40 0 0 2 12 -1 
4 0 0 0 0 3 0 0 2 1 -2 
5 0 2.598076211353316 0 1.5 3 0 0 2 2 -17 
6 0 0 0 1.5 2.598076211353316 0 0 2 17 -1 
7 0 13.5 0 0 16.5 0 0 2 3 -6 
8 0 15 0 1.5 16.5 0 0 2 6 -5 
9 1.110223024625157e-16 13.5 0 1.5 15 0 0 2 5 -3 
10 0 23.5 0 0 26.5 0 0 2 7 -10 
11 0 25 0 1.5 26.5 0 0 2 10 -9 
12 1.110223024625157e-16 23.5 0 1.5 25 0 0 2 9 -7 
13 11.54700538379251 20 0 13.04700538379251 22.59807621135332 0 0 2 13 -14 
14 10.04700538379251 17.40192378864668 0 11.54700538379251 20 0 0 2 14 -16 
15 8.547005383792515 17.40192378864668 0 10.04700538379251 20 0 0 2 16 -15 
16 8.547005383792515 20 0 13.04700538379251 22.9949244748138 0 0 2 15 -13 
17 0 3 0 0 13.5 0 0 2 2 -3 
18 0 13.5 0 1.5 15 0 0 2 3 -5 
19 1.110223024625157e-16 15 0 1.5 16.5 0 0 2 5 -6 
20 0 16.5 0 0 23.5 0 0 2 6 -7 
21 0 23.5 0 1.5 25 0 0 2 7 -9 
22 1.110223024625157e-16 25 0 1.5 26.5 0 0 2 9 -10 
23 0 26.5 0 0 40 0 0 2 10 -11 
24 0 40 0 23.09401076758503 40 0 0 2 11 -12 
25 13.04700538379251 22.59807621135332 0 23.09401076758503 40 0 0 2 12 -13 
26 8.547005383792515 20 0 13.04700538379251 22.9949244748138 0 0 2 13 -15 
27 8.547005383792515 17.40192378864668 0 10.04700538379251 20 0 0 2 15 -16 
28 1.5 2.598076211353316 0 10.04700538379251 17.40192378864668 0 0 2 16 -17 
29 -2.220446049250313e-16 2.598076211353316 0 1.5 3 0 0 2 17 -2 
11 0 2.598076211353316 0 23.09401076758503 40 0 0 13 17 18 19 20 21 22 23 24 25 26 27 28 29 
$EndEntities
$Nodes
47 2590 1 2590
0 1 0 1
1
0 0 0
0 2 0 1
2
0 3 0
0 3 0 1
3
0 13.5 0
0 4 0 1
4
0 15 0
0 5 0 1
5
1.5 15 0
0 6 0 1
6
0 16.5 0
0 7 0 1
7
0 23.5 0
0 8 0 1
8
0 25 0
0 9 0 1
9
1.5 25 0
0 10 0 1
10
0 26.5 0
0 11 0 1
11
0 40 0
0 12 0 1
12
23.09401076758503 40 0
0 13 0 1
13
13.04700538379251 22.59807621135332 0
0 14 0 1
14
11.54700538379251 20 0
0 15 0 1
15
8.547005383792515 20 0
0 16 0 1
16
10.04700538379251 17.40192378864668 0
0 17 0 1
17
1.5 2.598076211353316 0
1 1 0 79
18
19
20
21
22
23
24
25
26
27
28
29
30
31
32
33
34
35
36
37
38
39
40
41
42
43
44
45
46
47
48
49
50
51
52
53
54
55
56
57
58
59
60
61
62
63
64
65
66
67
68
69
70
71
72
73
74
75
76
77
78
79
80
81
82
83
84
85
86
87
88
89
90
91
92
93
94
95
96
0 0.4999999999996314 0
0 0.9999999999992715 0
0 1.499999999998781 0
0 1.999999999998196 0
0 2.499999999997793 0
0 2.999999999997441 0
0 3.49999999999709 0
0 3.999999999996739 0
0 4.499999999996389 0
0 4.999999999995865 0
0 5.499999999994577 0
0 5.999999999993115 0
0 6.499999999991655 0
0 6.999999999990195 0
0 7.499999999988733 0
0 7.999999999987272 0
0 8.49999999998581 0
0 8.99999999998435 0
0 9.49999999998289 0
0 9.999999999981428 0
0 10.49999999997997 0
0 10.9999999999785 0
0 11.49999999997704 0
0 11.99999999997558 0
0 12.49999999997412 0
0 12.99999999997266 0
0 13.4999999999712 0
0 13.99999999996974 0
0 14.49999999996828 0
0 14.99999999996682 0
0 15.49999999996536 0
0 15.99999999996404 0
0 16.49999999996424 0
0 16.999999999965 0
0 17.49999999996576 0
0 17.99999999996652 0
0 18.49999999996728 0
0 18.99999999996804 0
0 19.49999999996879 0
0 19.99999999996955 0
0 20.49999999997031 0
0 20.99999999997107 0
0 21.49999999997183 0
0 21.99999999997259 0
0 22.49999999997335 0
0 22.9999999999741 0
0 23.49999999997486 0
0 23.99999999997562 0
0 24.49999999997638 0
0 24.99999999997714 0
0 25.4999999999779 0
0 25.99999999997866 0
0 26.49999999997942 0
0 26.99999999998018 0
0 27.49999999998094 0
0 27.99999999998169 0
0 28.49999999998246 0
0 28.99999999998321 0
0 29.49999999998397 0
0 29.99999999998473 0
0 30.49999999998548 0
0 30.99999999998625 0
0 31.499999999987 0
0 31.99999999998777 0
0 32.49999999998853 0
0 32.9999999999893 0
0 33.49999999999006 0
0 33.99999999999083 0
0 34.49999999999159 0
0 34.99999999999235 0
0 35.49999999999312 0
0 35.99999999999388 0
0 36.49999999999464 0
0 36.99999999999541 0
0 37.49999999999618 0
0 37.99999999999694 0
0 38.4999999999977 0
0 38.99999999999847 0
0 39.49999999999923 0
1 2 0 46
97
98
99
100
101
102
103
104
105
106
107
108
109
110
111
112
113
114
115
116
117
118
119
120
121
122
123
124
125
126
127
128
129
130
131
132
133
134
135
136
137
138
139
140
141
142
0.491361931224304 40 0
0.9827238624485238 40 0
1.474085793672701 40 0
1.965447724897154 40 0
2.456809656121791 40 0
2.948171587346132 40 0
3.439533518569935 40 0
3.930895449793679 40 0
4.422257381017426 40 0
4.913619312241643 40 0
5.404981243465696 40 0
5.896343174688973 40 0
6.38770510591256 40 0
6.879067037136778 40 0
7.370428968360849 40 0
7.861790899584146 40 0
8.353152830807419 40 0
8.844514762030693 40 0
9.335876693254573 40 0
9.82723862447879 40 0
10.3186005557026 40 0
10.80996248692587 40 0
11.30132441814971 40 0
11.79268634937487 40 0
12.28404828060136 40 0
12.77541021182841 40 0
13.26677214305493 40 0
13.75813407428104 40 0
14.24949600550749 40 0
14.74085793673454 40 0
15.2322198679611 40 0
15.72358179918721 40 0
16.21494373041396 40 0
16.70630566164073 40 0
17.19766759286715 40 0
17.68902952409369 40 0
18.18039145531939 40 0
18.67175338654679 40 0
19.16311531777279 40 0
19.6544772489985 40 0
20.1458391802262 40 0
20.63720111145282 40 0
21.12856304267953 40 0
21.61992497390596 40 0
22.11128690513162 40 0
22.60264883635917 40 0
1 3 0 92
143
144
145
146
147
148
149
150
151
152
153
154
155
156
157
158
159
160
161
162
163
164
165
166
167
168
169
170
171
172
173
174
175
176
177
178
179
180
181
182
183
184
185
186
187
188
189
190
191
192
193
194
195
196
197
198
199
200
201
202
203
204
205
206
207
208
209
210
211
212
213
214
215
216
217
218
219
220
221
222
223
224
225
226
227
228
229
230
231
232
233
234
22.84568807115956 39.56989247311859 0
22.59736537473391 39.13978494623687 0
22.34904267830849 38.70967741935553 0
22.10071998188324 38.27956989247449 0
21.85239728545768 37.84946236559292 0
21.60407458903208 37.41935483871129 0
21.35575189260668 36.98924731182998 0
21.1074291961811 36.55913978494837 0
20.85910649975552 36.12903225806677 0
20.61078380333012 35.69892473118547 0
20.36246110690452 35.26881720430382 0
20.11413841047887 34.83870967742211 0
19.86581571405338 34.40860215054066 0
19.61749301762793 33.97849462365927 0
19.3691703212024 33.54838709677775 0
19.12084762477717 33.11827956989676 0
18.87252492835194 32.68817204301575 0
18.6242022319264 32.25806451613421 0
18.37587953550076 31.82795698925249 0
18.12755683907511 31.39784946237078 0
17.87923414264947 30.96774193548906 0
17.6309114462241 30.53763440860781 0
17.38258874979893 30.10752688172693 0
17.13426605337358 29.67741935484571 0
16.88594335694794 29.247311827964 0
16.63762066052229 28.81720430108228 0
16.38929796409665 28.38709677420056 0
16.1409752676711 27.95698924731901 0
15.89265257124578 27.52688172043784 0
15.64432987482035 27.09677419355651 0
15.39600717839483 26.666666666675 0
15.14768448196949 26.2365591397938 0
14.89936178554417 25.80645161291264 0
14.65103908911876 25.37634408603134 0
14.40271639269336 24.94623655915004 0
14.15439369626795 24.51612903226873 0
13.90607099984246 24.08602150538729 0
13.65774830341694 23.65591397850578 0
13.40942560699142 23.22580645162427 0
13.16110291056589 22.79569892474276 0
12.9127802141404 22.36559139786131 0
12.664457517715 21.93548387098001 0
12.4161348212896 21.5053763440987 0
12.16781212486419 21.0752688172174 0
11.9194894284387 20.64516129033595 0
11.67116673201318 20.21505376345444 0
11.42284403558753 19.78494623657273 0
11.17452133916177 19.3548387096908 0
10.92619864273597 18.92473118280881 0
10.67787594631009 18.49462365592668 0
10.42955324988421 18.06451612904456 0
10.18123055345833 17.63440860216243 0
9.932907857032527 17.20430107528044 0
9.684585160606767 16.77419354839852 0
9.436262464181006 16.3440860215166 0
9.187939767755243 15.91397849463467 0
8.939617071329442 15.48387096775268 0
8.69129437490356 15.05376344087055 0
8.442971678477679 14.62365591398843 0
8.194648982051799 14.1935483871063 0
7.946326285625998 13.76344086022431 0
7.698003589200235 13.33333333334238 0
7.449680892774476 12.90322580646047 0
7.201358196348707 12.47311827957853 0
6.953035499922823 12.0430107526964 0
6.704712803497085 11.61290322581451 0
6.456390107071194 11.18279569893237 0
6.208067410645175 10.75268817205 0
5.959744714219458 10.32258064516816 0
5.711422017793755 9.892473118286343 0
5.463099321367871 9.462365591404208 0
5.214776624942179 9.032258064522406 0
4.966453928516447 8.60215053764054 0
4.718131232090418 8.172043010758152 0
4.469808535664551 7.741935483876048 0
4.221485839238905 7.311827956994328 0
3.973163142813089 6.88172043011231 0
3.724840446387272 6.451612903230291 0
3.476517749961626 6.021505376348571 0
3.228195053535771 5.591397849466489 0
2.979872357109734 5.161290322584087 0
2.731549660683999 4.73118279570221 0
2.483226964258098 4.30107526882005 0
2.234904267832086 3.87096774193769 0
1.986581571406372 3.440860215055856 0
1.738258874980666 3.01075268817403 0
1.489936178554782 2.580645161291898 0
1.24161348212909 2.150537634410099 0
0.9932907857033584 1.720430107528223 0
0.7449680892773252 1.290322580645835 0
0.496645392851466 0.8602150537637385 0
0.2483226964258201 0.4301075268820256 0
1 4 0 5
235
236
237
238
239
0 0.499999999997822 0
0 0.9999999999960245 0
0 1.499999999994285 0
0 1.999999999996158 0
0 2.499999999998079 0
1 5 0 3
240
241
242
0.3915785776877819 2.974334583986142 0
0.7764571373960036 2.897777478307609 0
1.148050298112204 2.771638597112632 0
1 6 0 5
243
244
245
246
247
1.250000000001722 2.16506350946408 0
1.000000000003359 1.732050807574695 0
0.7500000000037259 1.299038105683112 0
0.5000000000033068 0.8660254037901665 0
0.2500000000022564 0.4330127018961276 0
1 7 0 5
248
249
250
251
252
0 13.9999999999852 0
0 14.49999999997039 0
0 14.99999999995594 0
0 15.4999999999704 0
0 15.9999999999852 0
1 8 0 4
253
254
255
256
0.4635254931075953 16.42658477394067 0
0.8816778800188534 16.21352549041438 0
1.213525492112263 15.88167787768192 0
1.42658477450004 15.46352549138604 0
1 9 0 4
257
258
259
260
1.426584773680839 14.53647450609272 0
1.21352548899031 14.11832211802108 0
0.8816778765325132 13.78647450705265 0
0.4635254907439747 13.57341522529134 0
1 10 0 5
261
262
263
264
265
0 24 0
0 24.5 0
0 25 0
0 25.5 0
0 26 0
1 11 0 4
266
267
268
269
0.4635254938605111 26.42658477369604 0
0.8816778812997905 26.21352548948373 0
1.213525493279182 25.88167787607579 0
1.426584775176975 25.46352548930265 0
1 12 0 4
270
271
272
273
1.42658477471384 24.53647450927197 0
1.213525491285363 24.11832212117995 0
0.8816778788990745 23.78647450877205 0
0.4635254924100846 23.57341522583269 0
1 13 0 5
274
275
276
277
278
12.79700538379291 22.16506350946179 0
12.54700538379332 21.73205080757026 0
12.29700538379372 21.29903810567874 0
12.04700538379412 20.86602540378721 0
11.79700538379342 20.43301270189378 0
1 14 0 5
279
280
281
282
283
11.29700538379291 19.56698729810847 0
11.04700538379332 19.13397459621695 0
10.79700538379372 18.70096189432542 0
10.54700538379412 18.26794919243389 0
10.29700538379342 17.83493649054046 0
1 15 0 6
284
285
286
287
288
289
9.676535977975504 17.65450555278795 0
9.347849765980961 17.95948178918984 0
9.068289057029556 18.31003983140467 0
8.844098777374892 18.69834878827546 0
8.680286965287468 19.11573448048455 0
8.580512904552558 19.55287320521716 0
1 16 0 12
290
291
292
293
294
295
296
297
298
299
300
301
8.585854595971922 20.48123384314643 0
8.701396058844733 20.95000398408124 0
8.890637308990675 21.39416952024263 0
9.148677097120007 21.80222679742215 0
9.468832328962115 22.16360734750483 0
9.842811151398672 22.46895160306466 0
10.26092770682973 22.71035130726959 0
10.71235299975488 22.88155433712785 0
11.18539534906499 22.97812662302736 0
11.66780320922421 22.99756699430905 0
12.14708246795181 22.93937195554881 0
12.61082004636482 22.80504872750834 0
1 17 0 20
302
303
304
305
306
307
308
309
310
311
312
313
314
315
316
317
318
319
320
321
0 3.499999999998718 0
0 3.99999999999747 0
0 4.499999999998163 0
0 4.999999999998996 0
0 5.499999999999829 0
0 6.000000000000663 0
0 6.500000000001496 0
0 7.000000000002064 0
0 7.499999999998749 0
0 7.999999999995021 0
0 8.499999999991644 0
0 8.999999999992479 0
0 9.499999999993314 0
0 9.999999999994149 0
0 10.49999999999499 0
0 10.99999999999582 0
0 11.49999999999666 0
0 11.99999999999749 0
0 12.49999999999833 0
0 12.99999999999916 0
1 18 0 4
322
323
324
325
0.4635254928768822 13.57341522598436 0
0.8816778802319386 13.78647450974044 0
1.213525491682871 14.11832212172708 0
1.426584774387168 14.53647450826658 0
1 19 0 4
326
327
328
329
1.426584773732931 15.46352549374696 0
1.213525489188478 15.88167788170616 0
0.8816778770747333 16.21352549255341 0
0.4635254913377639 16.42658477451572 0
1 20 0 13
330
331
332
333
334
335
336
337
338
339
340
341
342
0 17 0
0 17.5 0
0 18 0
0 18.5 0
0 19 0
0 19.5 0
0 20 0
0 20.5 0
0 21 0
0 21.5 0
0 22 0
0 22.5 0
0 23 0
1 21 0 4
343
344
345
346
0.4635254938605111 23.57341522630396 0
0.8816778812997905 23.78647451051627 0
1.213525493279182 24.11832212392421 0
1.426584775176975 24.53647451069735 0
1 22 0 4
347
348
349
350
1.42658477471384 25.46352549072803 0
1.213525491285363 25.88167787882005 0
0.8816778788990745 26.21352549122795 0
0.4635254924100846 26.42658477416731 0
1 23 0 26
351
352
353
354
355
356
357
358
359
360
361
362
363
364
365
366
367
368
369
370
371
372
373
374
375
376
0 27 0
0 27.5 0
0 28 0
0 28.5 0
0 29 0
0 29.5 0
0 30 0
0 30.5 0
0 31 0
0 31.5 0
0 32 0
0 32.5 0
0 33 0
0 33.5 0
0 34 0
0 34.5 0
0 35 0
0 35.5 0
0 36 0
0 36.5 0
0 37 0
0 37.5 0
0 38 0
0 38.5 0
0 39 0
0 39.5 0
1 24 0 46
377
378
379
380
381
382
383
384
385
386
387
388
389
390
391
392
393
394
395
396
397
398
399
400
401
402
403
404
405
406
407
408
409
410
411
412
413
414
415
416
417
418
419
420
421
422
0.491361931224304 40 0
0.9827238624485238 40 0
1.474085793672701 40 0
1.965447724897154 40 0
2.456809656121791 40 0
2.948171587346132 40 0
3.439533518569935 40 0
3.930895449793679 40 0
4.422257381017426 40 0
4.913619312241643 40 0
5.404981243465696 40 0
5.896343174688973 40 0
6.38770510591256 40 0
6.879067037136778 40 0
7.370428968360849 40 0
7.861790899584146 40 0
8.353152830807419 40 0
8.844514762030693 40 0
9.335876693254573 40 0
9.82723862447879 40 0
10.3186005557026 40 0
10.80996248692587 40 0
11.30132441814971 40 0
11.79268634937487 40 0
12.28404828060136 40 0
12.77541021182841 40 0
13.26677214305493 40 0
13.75813407428104 40 0
14.24949600550749 40 0
14.74085793673454 40 0
15.2322198679611 40 0
15.72358179918721 40 0
16.21494373041396 40 0
16.70630566164073 40 0
17.19766759286715 40 0
17.68902952409369 40 0
18.18039145531939 40 0
18.67175338654679 40 0
19.16311531777279 40 0
19.6544772489985 40 0
20.1458391802262 40 0
20.63720111145282 40 0
21.12856304267953 40 0
21.61992497390596 40 0
22.11128690513162 40 0
22.60264883635917 40 0
1 25 0 40
423
424
425
426
427
428
429
430
431
432
433
434
435
436
437
438
439
440
441
442
443
444
445
446
447
448
449
450
451
452
453
454
455
456
457
458
459
460
461
462
22.8489618557849 39.5755628344227 0
22.60391294398677 39.15112566884888 0
22.35886403218669 38.72668850327168 0
22.1138151203882 38.30225133769724 0
21.86876620858843 37.87781417212056 0
21.62371729678971 37.45337700654572 0
21.37866838499105 37.02893984097098 0
21.13361947319165 36.60450267539495 0
20.8885705613933 36.18006550982074 0
20.64352164959327 35.75562834424363 0
20.39847273779438 35.33119117866849 0
20.15342382599459 34.90675401309178 0
19.90837491419504 34.48231684751551 0
19.66332600239659 34.05787968194112 0
19.41827709059651 33.63344251636392 0
19.17322817879969 33.20900535079235 0
18.92817926700019 32.78456818521616 0
18.68313035520174 32.36013101964178 0
18.43808144340193 31.93569385406504 0
18.19303253160202 31.51125668848813 0
17.94798361980234 31.08681952291162 0
17.70293470800159 30.66238235733325 0
17.45788579620143 30.23794519175593 0
17.21283688440159 29.81350802617914 0
16.96778797260087 29.38907086060083 0
16.72273906080012 28.96463369502246 0
16.47769014899942 28.54019652944418 0
16.23264123719957 28.11575936386737 0
15.98759232539927 27.6913221982898 0
15.74254341359866 27.26688503271167 0
15.49749450179791 26.84244786713331 0
15.25244558999716 26.41801070155494 0
15.007396678197 25.99357353597761 0
14.76234776639659 25.56913637039983 0
14.51729885459627 25.14469920482221 0
14.27224994279551 24.72026203924383 0
14.02720103099476 24.29582487366546 0
13.78215211919418 23.87138770808739 0
13.53710320739342 23.44695054250902 0
13.29205429559323 23.02251337693162 0
1 26 0 12
463
464
465
466
467
468
469
470
471
472
473
474
12.61082004340817 22.80504872862965 0
12.14708246119321 22.9393719569286 0
11.66780319938379 22.9975669947056 0
11.1853953375847 22.9781266216334 0
10.71235298508094 22.88155433287749 0
10.26092769117536 22.71035129984151 0
9.842811137184222 22.46895159325314 0
9.468832319020148 22.16360733795544 0
9.14867709046216 21.80222678856217 0
8.890637305209577 21.39416951303835 0
8.701396057055414 20.95000397872158 0
8.585854595555546 20.48123384058437 0
1 27 0 6
475
476
477
478
479
480
8.580512905410522 19.55287319952494 0
8.680286967299255 19.1157344739625 0
8.844098781908841 18.69834877886062 0
9.068289061310331 18.31003982512593 0
9.34784976872535 17.9594817862321 0
9.676535979678388 17.65450555142995 0
1 28 0 34
481
482
483
484
485
486
487
488
489
490
491
492
493
494
495
496
497
498
499
500
501
502
503
504
505
506
507
508
509
510
511
512
513
514
9.80280522996989 16.97895671500976 0
9.558605076147265 16.55598964137284 0
9.314404922324547 16.13302256773576 0
9.070204768501281 15.71005549409773 0
8.826004614678828 15.2870884204611 0
8.5818044608567 14.86412134682504 0
8.337604307034747 14.44115427318928 0
8.093404153212729 14.01818719955341 0
7.849203999390666 13.59522012591747 0
7.605003845568564 13.17225305228145 0
7.360803691746586 12.74928597864565 0
7.116603537924458 12.32631890500959 0
6.872403384102398 11.90335183137365 0
6.628203230280292 11.48038475773762 0
6.384003076458164 11.05741768410156 0
6.13980292263606 10.63445061046554 0
5.895602768814004 10.2114835368296 0
5.651402614991264 9.788516463192485 0
5.407202461167669 9.365549389553882 0
5.163002307344676 8.942582315916324 0
4.918802153521771 8.519615242278915 0
4.674601999698778 8.096648168641357 0
4.430401845875785 7.673681095003799 0
4.186201692052792 7.250714021366239 0
3.9420015382298 6.827746947728681 0
3.697801384406807 6.404779874091123 0
3.453601230583814 5.981812800453564 0
3.209401076760821 5.558845726816006 0
2.965200922937828 5.135878653178446 0
2.721000769114836 4.712911579540888 0
2.476800615291843 4.289944505903328 0
2.232600461468894 3.866977432265847 0
1.988400307645986 3.444010358628432 0
1.744200153822991 3.021043284990872 0
1 29 0 3
515
516
517
1.14805029631856 2.771638597855584 0
0.7764571332536567 2.897777479417547 0
0.3915785756267863 2.974334584257476 0
2 11 0 2073
518
519
520
521
522
523
524
525
526
527
528
529
530
531
532
533
534
535
536
537
538
539
540
541
542
543
544
545
546
547
548
549
550
551
552
553
554
555
556
557
558
559
560
561
562
563
564
565
566
567
568
569
570
571
572
573
574
575
576
577
578
579
580
581
582
583
584
585
586
587
588
589
590
591
592
593
594
595
596
597
598
599
600
601
602
603
604
605
606
607
608
609
610
611
612
613
614
615
616
617
618
619
620
621
622
623
624
625
626
627
628
629
630
631
632
633
634
635
636
637
638
639
640
641
642
643
644
645
646
647
648
649
650
651
652
653
654
655
656
657
658
659
660
661
662
663
664
665
666
667
668
669
670
671
672
673
674
675
676
677
678
679
680
681
682
683
684
685
686
687
688
689
690
691
692
693
694
695
696
697
698
699
700
701
702
703
704
705
706
707
708
709
710
711
712
713
714
715
716
717
718
719
720
721
722
723
724
725
726
727
728
729
730
731
732
733
734
735
736
737
738
739
740
741
742
743
744
745
746
747
748
749
750
751
752
753
754
755
756
757
758
759
760
761
762
763
764
765
766
767
768
769
770
771
772
773
774
775
776
777
778
779
780
781
782
783
784
785
786
787
788
789
790
791
792
793
794
795
796
797
798
799
800
801
802
803
804
805
806
807
808
809
810
811
812
813
814
815
816
817
818
819
820
821
822
823
824
825
826
827
828
829
830
831
832
833
834
835
836
837
838
839
840
841
842
843
844
845
846
847
848
849
850
851
852
853
854
855
856
857
858
859
860
861
862
863
864
865
866
867
868
869
870
871
872
873
874
875
876
877
878
879
880
881
882
883
884
885
886
887
888
889
890
891
892
893
894
895
896
897
898
899
900
901
902
903
904
905
906
907
908
909
910
911
912
913
914
915
916
917
918
919
920
921
922
923
924
925
926
927
928
929
930
931
932
933
934
935
936
937
938
939
940
941
942
943
944
945
946
947
948
949
950
951
952
953
954
955
956
957
958
959
960
961
962
963
964
965
966
967
968
969
970
971
972
973
974
975
976
977
978
979
980
981
982
983
984
985
986
987
988
989
990
991
992
993
994
995
996
997
998
999
1000
1001
1002
1003
1004
1005
1006
1007
1008
1009
1010
1011
1012
1013
1014
1015
1016
1017
1018
1019
1020
1021
1022
1023
1024
1025
1026
1027
1028
1029
1030
1031
1032
1033
1034
1035
1036
1037
1038
1039
1040
1041
1042
1043
1044
1045
1046
1047
1048
1049
1050
1051
1052
1053
1054
1055
1056
1057
1058
1059
1060
1061
1062
1063
1064
1065
1066
1067
1068
1069
1070
1071
1072
1073
1074
1075
1076
1077
1078
1079
1080
1081
1082
1083
1084
1085
1086
1087
1088
1089
1090
1091
1092
1093
1094
1095
1096
1097
1098
1099
1100
1101
1102
1103
1104
1105
1106
1107
1108
1109
1110
1111
1112
1113
1114
1115
1116
1117
1118
1119
1120
1121
1122
1123
1124
1125
1126
1127
1128
1129
1130
1131
1132
1133
1134
1135
1136
1137
1138
1139
1140
1141
1142
1143
1144
1145
1146
1147
1148
1149
1150
1151
1152
1153
1154
1155
1156
1157
1158
1159
1160
1161
1162
1163
1164
1165
1166
1167
1168
1169
1170
1171
1172
1173
1174
1175
1176
1177
1178
1179
1180
1181
1182
1183
1184
1185
1186
1187
1188
1189
1190
1191
1192
1193
1194
1195
1196
1197
1198
1199
1200
1201
1202
1203
1204
1205
1206
1207
1208
1209
1210
1211
1212
1213
1214
1215
1216
1217
1218
1219
1220
1221
1222
1223
1224
1225
1226
1227
1228
1229
1230
1231
1232
1233
1234
1235
1236
1237
1238
1239
1240
1241
1242
1243
1244
1245
1246
1247
1248
1249
1250
1251
1252
1253
1254
1255
1256
1257
1258
1259
1260
1261
1262
1263
1264
1265
1266
1267
1268
1269
1270
1271
1272
1273
1274
1275
1276
1277
1278
1279
1280
1281
1282
1283
1284
1285
1286
1287
1288
1289
1290
1291
1292
1293
1294
1295
1296
1297
1298
1299
1300
1301
1302
1303
1304
1305
1306
1307
1308
1309
1310
1311
1312
1313
1314
1315
1316
1317
1318
1319
1320
1321
1322
1323
1324
1325
1326
1327
1328
1329
1330
1331
1332
1333
1334
1335
1336
1337
1338
1339
1340
1341
1342
1343
1344
1345
1346
1347
1348
1349
1350
1351
1352
1353
1354
1355
1356
1357
1358
1359
1360
1361
1362
1363
1364
1365
1366
1367
1368
1369
1370
1371
1372
1373
1374
1375
1376
1377
1378
1379
1380
1381
1382
1383
1384
1385
1386
1387
1388
1389
1390
1391
1392
1393
1394
1395
1396
1397
1398
1399
1400
1401
1402
1403
1404
1405
1406
1407
1408
1409
1410
1411
1412
1413
1414
1415
1416
1417
1418
1419
1420
1421
1422
1423
1424
1425
1426
1427
1428
1429
1430
1431
1432
1433
1434
1435
1436
1437
1438
1439
1440
1441
1442
1443
1444
1445
1446
1447
1448
1449
1450
1451
1452
1453
1454
1455
1456
1457
1458
1459
1460
1461
1462
1463
1464
1465
1466
1467
1468
1469
1470
1471
1472
1473
1474
1475
1476
1477
1478
1479
1480
1481
1482
1483
1484
1485
1486
1487
1488
1489
1490
1491
1492
1493
1494
1495
1496
1497
1498
1499
1500
1501
1502
1503
1504
1505
1506
1507
1508
1509
1510
1511
1512
1513
1514
1515
1516
1517
1518
1519
1520
1521
1522
1523
1524
1525
1526
1527
1528
1529
1530
1531
1532
1533
1534
1535
1536
1537
1538
1539
1540
1541
1542
1543
1544
1545
1546
1547
1548
1549
1550
1551
1552
1553
1554
1555
1556
1557
1558
1559
1560
1561
1562
1563
1564
1565
1566
1567
1568
1569
1570
1571
1572
1573
1574
1575
1576
1577
1578
1579
1580
1581
1582
1583
1584
1585
1586
1587
1588
1589
1590
1591
1592
1593
1594
1595
1596
1597
1598
1599
1600
1601
1602
1603
1604
1605
1606
1607
1608
1609
1610
1611
1612
1613
1614
1615
1616
1617
1618
1619
1620
1621
1622
1623
1624
1625
1626
1627
1628
1629
1630
1631
1632
1633
1634
1635
1636
1637
1638
1639
1640
1641
1642
1643
1644
1645
1646
1647
1648
1649
1650
1651
1652
1653
1654
1655
1656
1657
1658
1659
1660
1661
1662
1663
1664
1665
1666
1667
1668
1669
1670
1671
1672
1673
1674
1675
1676
1677
1678
1679
1680
1681
1682
1683
1684
1685
1686
1687
1688
1689
1690
1691
1692
1693
1694
1695
1696
1697
1698
1699
1700
1701
1702
1703
1704
1705
1706
1707
1708
1709
1710
1711
1712
1713
1714
1715
1716
1717
1718
1719
1720
1721
1722
1723
1724
1725
1726
1727
1728
1729
1730
1731
1732
1733
1734
1735
1736
1737
1738
1739
1740
1741
1742
1743
1744
1745
1746
1747
1748
1749
1750
1751
1752
1753
1754
1755
1756
1757
1758
1759
1760
1761
1762
1763
1764
1765
1766
1767
1768
1769
1770
1771
1772
1773
1774
1775
1776
1777
1778
1779
1780
1781
1782
1783
1784
1785
1786
1787
1788
1789
1790
1791
1792
1793
1794
1795
1796
1797
1798
1799
1800
1801
1802
1803
1804
1805
1806
1807
1808
1809
1810
1811
1812
1813
1814
1815
1816
1817
1818
1819
1820
1821
1822
1823
1824
1825
1826
1827
1828
1829
1830
1831
1832
1833
1834
1835
1836
1837
1838
1839
1840
1841
1842
1843
1844
1845
1846
1847
1848
1849
1850
1851
1852
1853
1854
1855
1856
1857
1858
1859
1860
1861
1862
1863
1864
1865
1866
1867
1868
1869
1870
1871
1872
1873
1874
1875
1876
1877
1878
1879
1880
1881
1882
1883
1884
1885
1886
1887
1888
1889
1890
1891
1892
1893
1894
1895
1896
1897
1898
1899
1900
1901
1902
1903
1904
1905
1906
1907
1908
1909
1910
1911
1912
1913
1914
1915
1916
1917
1918
1919
1920
1921
1922
1923
1924
1925
1926
1927
1928
1929
1930
1931
1932
1933
1934
1935
1936
1937
1938
1939
1940
1941
1942
1943
1944
1945
1946
1947
1948
1949
1950
1951
1952
1953
1954
1955
1956
1957
1958
1959
1960
1961
1962
1963
1964
1965
1966
1967
1968
1969
1970
1971
1972
1973
1974
1975
1976
1977
1978
1979
1980
1981
1982
1983
1984
1985
1986
1987
1988
1989
1990
1991
1992
1993
1994
1995
1996
1997
1998
1999
2000
2001
2002
2003
2004
2005
2006
2007
2008
2009
2010
2011
2012
2013
2014
2015
2016
2017
2018
2019
2020
2021
2022
2023
2024
2025
2026
2027
2028
2029
2030
2031
2032
2033
2034
2035
2036
2037
2038
2039
2040
2041
2042
2043
2044
2045
2046
2047
2048
2049
2050
2051
2052
2053
2054
2055
2056
2057
2058
2059
2060
2061
2062
2063
2064
2065
2066
2067
2068
2069
2070
2071
2072
2073
2074
2075
2076
2077
2078
2079
2080
2081
2082
2083
2084
2085
2086
2087
2088
2089
2090
2091
2092
2093
2094
2095
2096
2097
2098
2099
2100
2101
2102
2103
2104
2105
2106
2107
2108
2109
2110
2111
2112
2113
2114
2115
2116
2117
2118
2119
2120
2121
2122
2123
2124
2125
2126
2127
2128
2129
2130
2131
2132
2133
2134
2135
2136
2137
2138
2139
2140
2141
2142
2143
2144
2145
2146
2147
2148
2149
2150
2151
2152
2153
2154
2155
2156
2157
2158
2159
2160
2161
2162
2163
2164
2165
2166
2167
2168
2169
2170
2171
2172
2173
2174
2175
2176
2177
2178
2179
2180
2181
2182
2183
2184
2185
2186
2187
2188
2189
2190
2191
2192
2193
2194
2195
2196
2197
2198
2199
2200
2201
2202
2203
2204
2205
2206
2207
2208
2209
2210
2211
2212
2213
2214
2215
2216
2217
2218
2219
2220
2221
2222
2223
2224
2225
2226
2227
2228
2229
2230
2231
2232
2233
2234
2235
2236
2237
2238
2239
2240
2241
2242
2243
2244
2245
2246
2247
2248
2249
2250
2251
2252
2253
2254
2255
2256
2257
2258
2259
2260
2261
2262
2263
2264
2265
2266
2267
2268
2269
2270
2271
2272
2273
2274
2275
2276
2277
2278
2279
2280
2281
2282
2283
2284
2285
2286
2287
2288
2289
2290
2291
2292
2293
2294
2295
2296
2297
2298
2299
2300
2301
2302
2303
2304
2305
2306
2307
2308
2309
2310
2311
2312
2313
2314
2315
2316
2317
2318
2319
2320
2321
2322
2323
2324
2325
2326
2327
2328
2329
2330
2331
2332
2333
2334
2335
2336
2337
2338
2339
2340
2341
2342
2343
2344
2345
2346
2347
2348
2349
2350
2351
2352
2353
2354
2355
2356
2357
2358
2359
2360
2361
2362
2363
2364
2365
2366
2367
2368
2369
2370
2371
2372
2373
2374
2375
2376
2377
2378
2379
2380
2381
2382
2383
2384
2385
2386
2387
2388
2389
2390
2391
2392
2393
2394
2395
2396
2397
2398
2399
2400
2401
2402
2403
2404
2405
2406
2407
2408
2409
2410
2411
2412
2413
2414
2415
2416
2417
2418
2419
2420
2421
2422
2423
2424
2425
2426
2427
2428
2429
2430
2431
2432
2433
2434
2435
2436
2437
2438
2439
2440
2441
2442
2443
2444
2445
2446
2447
2448
2449
2450
2451
2452
2453
2454
2455
2456
2457
2458
2459
2460
2461
2462
2463
2464
2465
2466
2467
2468
2469
2470
2471
2472
2473
2474
2475
2476
2477
2478
2479
2480
2481
2482
2483
2484
2485
2486
2487
2488
2489
2490
2491
2492
2493
2494
2495
2496
2497
2498
2499
2500
2501
2502
2503
2504
2505
2506
2507
2508
2509
2510
2511
2512
2513
2514
2515
2516
2517
2518
2519
2520
2521
2522
2523
2524
2525
2526
2527
2528
2529
2530
2531
2532
2533
2534
2535
2536
2537
2538
2539
2540
2541
2542
2543
2544
2545
2546
2547
2548
2549
2550
2551
2552
2553
2554
2555
2556
2557
2558
2559
2560
2561
2562
2563
2564
2565
2566
2567
2568
2569
2570
2571
2572
2573
2574
2575
2576
2577
2578
2579
2580
2581
2582
2583
2584
2585
2586
2587
2588
2589
2590
8.598909008362556 39.57443209054946 0
15.27567694166829 27.27205567524643 0
0.4330127018922193 31.25 0
10.32254443197962 23.16752262008665 0
16.48902995631637 29.38252381979381 0
11.05562546639864 39.5744866014088 0
1.673027902492646 25.82861163056081 0
0.3419979451696226 33.76106027254629 0
17.65455290986266 31.51244803137216 0
6.163298079508069 39.48166382253591 0
13.51245348283439 39.58719199257496 0
18.68016414885819 33.19213056361395 0
9.039277156254174 22.22522303232158 0
8.19587831298551 19.76272742352417 0
14.27224994279594 25.56913637039983 0
0.4320503667149641 29.25158751177088 0
1.659701579763599 15.86690372488727 0
0.4330127018922193 20.75 0
1.72714896784029 24.10168767941756 0
0.4145383240198444 35.73746558798476 0
15.47790273498946 39.5871103746947 0
8.295829171278097 15.27259727404794 0
4.176576415405552 39.57446808510765 0
19.70035922960481 34.87102798744237 0
7.368423337366355 13.59084442792535 0
0.4337254282462826 18.74537534883514 0
1.292126669529715 13.60446145274535 0
1.871689989144742 14.68809867290686 0
17.41322572202441 39.57763793835181 0
5.422050221627012 10.232425298154 0
6.384003076458218 11.90335183137362 0
0.4207974838706854 11.2362460597571 0
0.4583208804903488 37.21694992274442 0
8.608847944516796 18.35924591885319 0
4.677454742026955 8.977316181274862 0
8.222132841399583 20.77900888225335 0
20.3328298281902 36.13435892137311 0
11.4318077865316 23.39419534787851 0
0.474344682949647 9.706914330519909 0
2.661945427810679 39.5846618671651 0
3.903914568395396 7.729956888166201 0
18.89421398488109 39.55952109674169 0
0.4330127018891429 8.249999999993332 0
3.183276422867627 6.37689928770072 0
13.53714050142318 24.29523669098171 0
21.16061711077879 37.50758871603527 0
0.4637470092485754 22.31606440955034 0
0.4220860500203111 27.77607418275383 0
0.4046065028509781 6.758478629183477 0
2.462562072218597 5.145144720087842 0
20.37498781214131 39.59135096851656 0
9.063387869866711 16.62211545985398 0
0.4224290745364707 17.75086155767488 0
0.4339746345965481 19.75061308113844 0
0.3893641404157482 5.671962956861405 0
5.914427158155612 11.07366130151696 0
6.884836793784786 12.74181294830626 0
7.875151064355961 14.41353665591136 0
0.4738527083844722 12.233677704531 0
14.73070124250429 26.48352357615853 0
0.4270657215443175 38.24906792583065 0
0.4052834522158739 34.76553266499432 0
0.4312593474592367 32.73404679436075 0
0.4754654518283556 30.31417384273522 0
16.46062507901536 39.58447858286176 0
12.49394755835276 39.53244514651732 0
14.49517756884719 39.59443062465488 0
10.07295904916222 39.57447214143767 0
7.551902017763757 39.58053781469104 0
16.96778797260174 30.23794519175591 0
15.98758603943087 28.5402024035705 0
18.17089217923893 32.35447579750141 0
19.17862954855141 34.03627835018344 0
5.14955193992304 39.56538346217009 0
1.677020239422716 39.58650860780842 0
2.007499483035116 4.289347510721555 0
21.65643940519877 38.3444305446019 0
0.4595635965817303 4.814048735372888 0
12.54072640328651 23.31910138055412 0
0.9115302694042497 16.60028001575868 0
0.8239065698731719 26.67418632447614 0
0.8873134806653212 23.38923286513613 0
0.4410422773905361 3.741949273105135 0
21.37417081890815 39.59776544351342 0
1.074849376666155 3.168088254320537 0
9.196313495466761 17.54071712930368 0
0.3969662727213735 39.27786656935231 0
1.846122737386417 15.4408720132385 0
2.138659652565036 15.83423274858117 0
1.909101612387041 16.26259441082651 0
2.4065677614381 16.22580500045204 0
2.618734541695598 15.80763950376765 0
2.875541099594653 16.20051441272443 0
3.087806436700629 15.78174667304827 0
3.344868658699032 16.17512386965227 0
3.136480731391869 16.59116960883002 0
3.602177858000366 16.5685507188356 0
3.3936445174614 16.98480592456497 0
3.859151292571861 16.96268130086597 0
3.649927451099685 17.37951762918281 0
4.115387149140061 17.35764648196957 0
3.90683910006486 17.77360789793066 0
4.371043690650194 17.75192606096192 0
4.159341151237455 18.16916880071387 0
3.55767544399334 15.75563172229577 0
4.325562087631507 16.94027663042048 0
4.626082946871435 18.14428640724054 0
4.414399057392707 18.56137099740904 0
3.94850727765081 18.58638411446791 0
4.204932220499654 18.9774289301062 0
4.66942926189216 18.9522672860217 0
4.459264320499964 19.36910718995252 0
3.994178233960815 19.39069754601841 0
4.249650327907212 19.78546271958583 0
4.715248354391756 19.75883928594572 0
4.506485142194633 20.17635786454764 0
4.039512751075462 20.20401640765334 0
4.296897487936519 20.59519307035444 0
3.829583825333238 20.62299719829972 0
4.087387567448174 21.01480705039143 0
4.554956848407109 20.98641574881397 0
4.345477600859664 21.40228101889835 0
4.813985451362544 21.37736149899617 0
4.582510459654176 21.79564227526456 0
5.070202984056638 21.76949211506297 0
4.863171322353409 22.19103181553976 0
5.333589237158301 22.16284593469817 0
5.122763054461068 22.58136649563657 0
5.594928062877743 22.55629700611202 0
5.362892675223696 22.97738280505828 0
5.853442628088814 22.95140444836085 0
5.644661439085165 23.3764330111656 0
6.119326215526947 23.34817238860183 0
5.887414464131127 23.78006534719539 0
6.380568900350637 23.74728769166607 0
6.127987770572212 24.18067741010228 0
6.648066523299167 24.1457212140236 0
6.43360437874975 24.57533477902938 0
6.918389035753688 24.54376326705396 0
6.683150913562813 24.98766491544467 0
7.176913993380936 24.94932384727056 0
6.944944833619048 25.39282836368736 0
7.444803433927239 25.34785318896878 0
7.226748233587153 25.78555351125236 0
7.713831571581882 25.7533722170086 0
7.496347247427672 26.18804699061679 0
7.980334675526337 26.1585464410003 0
7.763731430234628 26.59211302167531 0
7.280101420875747 26.62129747394826 0
7.547162524124849 27.0255250984676 0
8.031010624201194 26.99653536342045 0
7.814211346597546 27.43025711633449 0
8.298375764659088 27.40126519494839 0
8.081364933806654 27.83527678467755 0
7.597202805711218 27.86400736054586 0
7.86655326786018 28.26811028954874 0
8.349333497755371 28.24044995112749 0
8.136273960309818 28.67245376441489 0
8.617854008221428 28.64574073342581 0
8.402269253224855 29.07964518317333 0
8.885997285949337 29.05167959293873 0
8.668479333202711 29.48711666689108 0
8.184029996849846 29.51521010219487 0
8.450671231095058 29.92288101047738 0
8.936543249786491 29.8937207294025 0
8.718896089157028 30.32981115812633 0
9.205448230281455 30.30044723299831 0
8.989437318594916 30.73562141004911 0
8.497650572317816 30.75623306858216 0
9.474960077874837 30.70705040635611 0
9.258788712147103 31.14246497460032 0
9.744316855037981 31.11402023336129 0
9.527956463076102 31.54968978972592 0
10.01369426133256 31.52123330730986 0
9.797218062832771 31.95710131752531 0
10.28315788806235 31.92863646943954 0
10.06494279871254 32.36577365425836 0
9.577979188050675 32.38778694586095 0
10.55245220607532 32.3363932752348 0
10.33410125324237 32.77373867605664 0
10.82202336777325 32.7442032677647 0
10.60359166319265 33.18168010655708 0
11.09175185657553 33.15211225553091 0
10.23131448084107 31.08454113826538 0
11.31014741116178 32.71452036627996 0
11.57999386730076 33.12248623649019 0
11.3615083556165 33.56019033206137 0
11.84988574806068 33.53061446733351 0
11.7984402920699 32.68477469505388 0
11.63129466614989 33.96848719014542 0
12.11987608804165 33.93886750803028 0
11.90126785950125 34.37684510195887 0
12.38996903288611 34.34718053140126 0
6.16472924767881 25.01382243567414 0
7.384496215314082 28.29357903385417 0
12.60860407207987 33.90910292192027 0
12.87871315321146 34.31750531869577 0
13.09737920100729 33.87940377673245 0
13.36750277368792 34.28781456819827 0
11.41255413803175 34.40646732361296 0
9.102908427444781 28.61663354347446 0
13.14881780637458 34.72603368505204 0
13.63771809447366 34.6962496329872 0
11.6826257667599 34.81493419611268 0
11.19373929399135 34.84453766439402 0
13.58615927275221 33.84962062981536 0
13.41897375758819 35.13462123868537 0
13.9080292921979 35.10484938231544 0
11.46391444184536 35.25314759766012 0
10.97484889331944 35.28275338968627 0
5.388657541913791 23.80794294026812 0
13.68920016358984 35.54335749310047 0
14.17834161578233 35.51365261139546 0
14.3971667496934 35.07507660125617 0
14.66753270746642 35.48391469815259 0
14.88635068125576 35.04536593521598 0
15.15675824357358 35.45416991001355 0
11.24506070508743 35.69146996273028 0
10.7559779133419 35.72108370845219 0
10.4857704493141 35.31231834281137 0
10.26685630906187 35.750418017022 0
9.996692344031215 35.34182400410367 0
9.777769550021063 35.78024230087976 0
9.507270331784138 35.36753181023527 0
9.288432922618492 35.80897856168207 0
9.017861302868894 35.39621012087989 0
8.798922166740418 35.83819030609862 0
8.527370747489098 35.42528129114876 0
8.308920059686502 35.86715589445544 0
8.03642365657133 35.45055686545797 0
7.818529235463716 35.89665165130926 0
7.546854331869209 35.48319296014014 0
7.328053601890475 35.92750449610765 0
7.056871129466288 35.51737991946827 0
7.276167791141051 35.07402063234044 0
6.785586720231395 35.10682516482849 0
6.565680607124984 35.54807491895462 0
6.294156692516762 35.13692603901563 0
6.073971743017632 35.57803391393525 0
5.802308953450648 35.16678962652612 0
6.022919914193391 34.72579560147706 0
5.530974206411651 34.75498175180902 0
5.751190530274949 34.31398288361945 0
5.311576533851239 35.19524625184533 0
5.260258046032337 34.34253359787806 0
5.479579243700649 33.90202817754155 0
4.98806174459871 33.93091303608873 0
5.207706826581973 33.49019469117368 0
4.715015267380126 33.51972633790898 0
4.935559713167213 33.07825554747787 0
4.496277292306015 33.95980354636043 0
4.442782804457177 33.1078868265836 0
4.663503483053707 32.6661789098934 0
4.170630250246194 32.69577591153387 0
4.391617867921951 32.25413649088851 0
4.884259827437796 32.22481919490244 0
4.612500367475416 31.8129389218463 0
5.699942452316739 33.46101358276442 0
4.119857176838681 31.84212598626413 0
4.341037878193407 31.40116627663258 0
4.832992624530071 31.37208445595867 0
4.561402879039806 30.96013121676557 0
4.07058724676612 30.9894808839789 0
4.290062036186882 30.54918042785187 0
15.37558874317276 35.01559240657213 0
15.64601371076366 35.42440489618506 0
14.93786448003535 35.89271567440705 0
3.855535597736386 21.42720440199261 0
3.800552211028204 30.57874574277633 0
4.019769301873023 30.14029477691848 0
4.598534192432962 22.60811822336998 0
8.20628738057535 25.70968487835493 0
5.052901971342332 30.93143254854012 0
10.53612932938402 36.15903082457852 0
9.067396780335509 36.24740749363031 0
15.8648528570011 34.98580728790748 0
16.13529604070958 35.39463775999249 0
15.59443315815864 34.57700934967016 0
5.277272782968316 21.34553816047675 0
3.531339042311358 30.16944313549597 0
3.75113934936158 29.73236014166873 0
4.236511719392091 29.70216849797966 0
3.968830541736148 29.2963919241104 0
3.483811081787642 29.32549623628227 0
3.702467460123407 28.89072315579826 0
4.186103991326551 28.86243067823897 0
3.920632466879203 28.457920237791 0
4.403076535689407 28.42973749783487 0
4.13707090217903 28.02648908990431 0
7.598541578790842 36.33650143428385 0
3.656240102857266 28.05420481737007 0
3.865629650144787 27.62050425904368 0
4.351533778155163 27.5953559605295 0
4.073066197019859 27.18671035810134 0
3.311054813064408 30.60787349383571 0
3.179315286956166 17.38276332702685 0
7.406835248425041 24.50155113632692 0
6.320938420842777 22.9205918427777 0
16.08366892056459 34.54722908652885 0
15.8132753644098 34.13843794155163 0
4.565317919472143 27.1647810324891 0
4.293862532234735 26.76006633354682 0
8.744955673721577 34.97873908907162 0
3.386922522490334 27.64867721351943 0
16.30250672061913 34.10865779603192 0
16.03187119569886 33.70003803793751 0
13.31598834268513 33.44132063074503 0
13.80481093435864 33.41145266808064 0
13.53463143415868 33.00310452214628 0
14.02343931607855 32.97325256846979 0
13.75333264976603 32.56479613397664 0
14.24211049546307 32.53503231613561 0
13.97198028618325 32.12656174956638 0
14.46083787088004 32.09683269856 0
14.1906466511235 31.68833695480783 0
13.70196211775828 31.71798519044562 0
13.92044847425763 31.27987526823204 0
13.43186627538592 31.30951727400835 0
13.65028865399727 30.87150616270834 0
13.16166590782588 30.90124698930441 0
13.37987151911168 30.46344908563547 0
12.89158729323499 30.4929553419457 0
13.10956336437997 30.05543201426922 0
12.62166816933379 30.08475832957338 0
12.83986112767297 29.64719989637479 0
12.3518837446971 29.67675827538628 0
12.57012981704235 29.23923986307978 0
12.08230123219127 29.26881208010969 0
12.30036753378225 28.83155131251684 0
13.05783717045947 29.21000819535692 0
11.81276551823073 28.86111913195813 0
12.03082649371755 28.42402592969092 0
13.86823500659545 30.4338073340604 0
11.54331005944486 28.45365306785492 0
11.76132738254452 28.01665642135462 0
12.24884611973874 27.98695463870334 0
11.97980153415603 27.58694831596314 0
11.49211373740139 27.61062808690811 0
11.75847120475341 27.10893653578557 0
11.23079164611764 27.19235367495743 0
11.44053823313136 26.76611056517955 0
10.95411003936466 26.79592711903385 0
11.1713945154602 26.36017636243472 0
11.61345649936653 26.34202672193583 0
14.67953688272204 31.65857804233071 0
10.6856157982998 26.38984634364011 0
10.90264427045492 25.95458246406135 0
12.46708956815211 27.55379734550414 0
11.325328324523 28.89059041148352 0
3.300310753192834 15.36101863551933 0
3.771293750961919 15.33496009526219 0
3.5130321936861 14.93885053229837 0
3.985705176703827 14.9131155702248 0
3.7267185069742 14.51595192071357 0
4.200873911656418 14.49011139726023 0
3.941129618361765 14.09212670490969 0
4.46010394197336 14.88822464497753 0
4.676148633823697 14.46462746967643 0
4.933490364776676 14.86221927315048 0
5.15246087364115 14.43821949799982 0
5.410404351193288 14.83700483619779 0
4.79579738051963 26.74048771893648 0
4.51965186969967 26.33574833184884 0
5.059095602212525 27.15930599051528 0
4.031721953008422 26.35634528580062 0
4.253945724977234 25.93477312131761 0
10.41749416782707 25.9843066460401 0
10.63421449568456 25.5494141646348 0
10.46414054615308 26.82905149259788 0
12.40298558226977 30.52181844632706 0
3.777166223073286 25.96261447565433 0
3.991852289629946 25.53696947022034 0
3.473093637635032 14.12159440323831 0
3.681661469271542 13.69416449657264 0
3.516016320512587 25.56517066150758 0
3.729187484317765 25.13995808529727 0
10.14971411672825 25.57896205097446 0
4.837657558090093 17.7277156389296 0
3.213499904528496 28.91658932679157 0
5.092419607563651 18.11935342345324 0
5.303893959410662 17.70386922062884 0
5.55886255330319 18.09455370301442 0
5.769928193446103 17.67892368536352 0
6.024932312169549 18.06945384809644 0
6.23685566325312 17.65358870841855 0
5.981062552387816 17.26124166472317 0
6.45063462332236 17.23634974675689 0
6.489814363306235 18.04489144370773 0
6.279139652856943 18.458479625069 0
6.193426957215863 16.84134331534566 0
6.665101690026298 16.81718407000598 0
11.05601457528996 28.48335895625148 0
5.324145021187472 31.34244527979198 0
5.543310708651324 30.90243102292056 0
5.814504010346885 31.31261145642673 0
6.033881446433147 30.87335476589019 0
6.304562587033308 31.28306665105801 0
5.763207647024645 30.46373546201274 0
6.25197744357348 30.43557910646826 0
5.982632948737433 30.02664263252341 0
11.86394719419151 29.70580967916523 0
6.243200616704552 34.28430172119991 0
11.11930027142841 25.51948642233103 0
6.345585923197743 35.98898966593525 0
6.727501847164423 25.83509315500025 0
16.57297464045408 34.51739666604031 0
15.91639703581738 35.83328152429149 0
16.40586291957925 35.80346307080257 0
16.1868377759544 36.24223048997817 0
16.67640897497493 36.21239939955922 0
16.45737192837525 36.65124782739687 0
16.94689201744119 36.62145213331826 0
17.16597073313505 36.18254316387281 0
17.43646322756842 36.59162865722993 0
17.21749391170621 37.03051686291685 0
17.70706514696884 37.00071147908399 0
17.92601613228752 36.56179875510026 0
18.19667702700457 36.97086930108811 0
17.97771057634118 37.40980957946343 0
18.46737679970233 37.37997170286062 0
13.95949597940739 35.95221352344039 0
13.47023746005313 35.98189897373295 0
13.74057862257995 36.39084493752882 0
13.25138975172701 36.42041142782782 0
13.52160771631037 36.82957163868481 0
13.03246058157983 36.8592055649749 0
13.3025897589783 37.26843142143627 0
13.79222749925233 37.2387091044675 0
12.81311410498389 37.29821455468597 0
10.77103745318042 31.89759739370299 0
10.11546004568946 33.21123000420931 0
8.515295981595834 26.96724450351601 0
15.96779379728675 36.68102634038317 0
16.23837883779405 37.09014523582711 0
9.692252205562079 30.26897230652641 0
9.035080228875437 31.56768121336052 0
6.862981813655311 23.71761706430026 0
14.94977139287339 32.06712664681528 0
15.16850094527966 31.6288070446619 0
5.853762194716829 36.0189106558731 0
6.12540698638869 36.42995137484051 0
5.633517277607432 36.45975211402548 0
5.905203273218886 36.87081826890721 0
5.413345178594017 36.90062358368602 0
5.68501568421126 37.311645581147 0
5.193321519237001 37.34451247316665 0
4.921416190051466 36.93076469629018 0
4.701275148388351 37.37499922492674 0
4.429166205367997 36.96060411132186 0
4.208252934471147 37.40383409465341 0
3.936364643703199 36.99003058071932 0
3.715064658402329 37.43600331869351 0
3.44287882411209 37.02207985464561 0
3.664452431211998 36.57703063423735 0
3.170389221435078 36.6070225861629 0
2.94900020454994 37.05512925797274 0
3.392198208022359 36.16348179506387 0
2.897376870150805 36.19350467312276 0
3.118792884907948 35.75029553090083 0
6.1761971873026 37.28127795433197 0
2.623939359415265 35.78003536554594 0
2.845583784180561 35.33632655408756 0
3.041351369790138 30.19702414961237 0
2.820413591640682 30.63675881082643 0
2.550021725512767 30.22523400544289 0
15.74871280147894 37.11991288278637 0
15.43877233899779 32.03743146175419 0
2.402320898792796 36.22378411928676 0
3.949484038627248 33.13764544399709 0
3.677111082833302 32.7251325605847 0
3.455832000729351 33.16748636057362 0
3.183987553733902 32.75497493835774 0
2.961759746111466 33.19725319531895 0
2.689622270065843 32.7844258554159 0
2.466906755454126 33.22719538497265 0
7.063561419971575 27.05440731556029 0
5.798026182924076 22.1294127419702 0
4.15631586681616 13.66741464994667 0
3.895773487587706 13.26861540520712 0
3.419339710972236 13.29518488464377 0
3.635343576815022 12.8691816140262 0
3.15711139672678 12.89568649186637 0
3.372741701568282 12.4681442588911 0
2.911497502393243 12.48702408376107 0
3.10934736441824 12.06570383998159 0
3.59113967064781 12.03878377154268 0
3.326590672641312 11.6344364094567 0
2.846287957943662 11.65965339754926 0
3.061962556166754 11.22804717265162 0
4.373569601984681 13.24386865746086 0
2.576492142942821 11.25620456200168 0
2.795318137650529 10.82057293606278 0
3.280834874710194 10.79478741403459 0
3.015739794484317 10.38479681268483 0
2.527223467408684 10.41176871061123 0
2.748563564386452 9.974262421955091 0
3.808849837382013 11.60817854107148 0
6.919877939958345 17.21235956553468 0
6.741325871753911 18.43465328836218 0
6.531334708214083 18.8461978330974 0
16.52151022760821 33.67012777525522 0
3.570851869567654 20.2301764380124 0
3.358836696726549 20.65143800148886 0
3.098192846241819 20.25497049204341 0
2.884661528086744 20.68183170092371 0
2.622453972722307 20.28257639189878 0
2.407400213243585 20.7100744220418 0
2.671021765203653 21.11031689963325 0
18.41557369289434 36.53193617782206 0
18.14493479993553 36.12291131114208 0
2.837522644987936 19.85545730949755 0
16.01936498241824 37.52911480769733 0
15.52987404184117 37.55873362618644 0
2.192604495564565 21.13886324777472 0
2.456921504556909 21.53913206019982 0
6.408028861243318 16.42007028976336 0
5.934700810182157 16.44499944475168 0
2.289929953872497 11.7266376698515 0
2.359556370742137 19.88244533995948 0
2.575772338526205 19.45357015572544 0
7.136429218127183 16.79329301906506 0
2.328345181087763 30.66513184913669 0
2.35023958455878 35.3661440545583 0
10.36608408236797 25.14462297426228 0
9.881798327799267 25.17418536278417 0
5.630527286110718 14.41199596337963 0
5.892311757228771 14.81374971966857 0
18.24838915576177 37.81900313235192 0
18.73811041912499 37.78912095970126 0
17.75863013114503 37.84887633246443 0
13.08353573123287 37.70743021110025 0
12.59378327758464 37.73714820398259 0
12.32363716700505 37.32790165887943 0
12.10404226194206 37.76683340995561 0
3.301972494228716 25.99083085420468 0
15.6575404518273 31.59903348342965 0
15.38629421274737 31.19105170603096 0
15.92783615451487 32.0077174305403 0
4.468439822342041 25.50847008060143 0
3.215704921041309 25.12068047971579 0
3.467769461331007 24.74351593536893 0
3.502034778705545 10.35979771220449 0
2.25841340387489 10.00148360062866 0
2.480206983448217 9.563578310924758 0
5.464108184042051 37.76197428302424 0
18.95704879605611 37.35010610745263 0
19.22780614303662 37.75921504978593 0
5.02894562866811 26.31968068589579 0
2.970604077850053 9.536475559221442 0
2.702268230985739 9.125203603243444 0
2.2111589587321 9.151927607337846 0
2.433599434398568 8.712993021804401 0
7.964122667379371 29.95207978350403 0
2.102159175354294 19.48034499291973 0
2.313558197127409 19.0514154087553 0
2.193528531802105 32.81318690862812 0
4.669437415377608 28.83377951007065 0
10.83625814292382 28.92219749198046 0
6.085826535264258 31.72299594061464 0
6.575553544494813 31.69269181647022 0
12.94350723639382 31.33936717060284 0
9.726540108940718 34.93301008782203 0
4.479886599839972 37.82060982720759 0
11.83336762307771 37.3574633285248 0
11.59854794591586 37.80696461055457 0
3.61404690307894 35.7194505136321 0
3.94100841825824 24.71529229795859 0
3.679683948532947 24.31965751978412 0
4.712760775754473 15.28505834952838 0
3.234942535329584 33.6098248040061 0
2.037029242955243 10.44006261076419 0
7.387821054643394 17.18933286314021 0
6.794509792985867 31.25368511373651 0
7.065314834589191 31.66310139488724 0
6.846196741554552 32.10195758132163 0
7.3359618796201 32.07232447531661 0
7.117010809120695 32.51108037356466 0
7.606502437189201 32.48152814392302 0
7.387681115713463 32.92029504306981 0
7.877153269370617 32.89075233255772 0
7.658413806313041 33.32948393412963 0
8.147840210553454 33.29997989784024 0
2.966253787750439 13.32680340063421 0
9.932654514729583 26.01354530247474 0
1.978094429166515 21.56796086174653 0
2.242419935774775 21.967728100612 0
2.058008531829809 30.25279469813658 0
14.29387187471302 33.38137596815208 0
11.73418626172536 35.66182263344784 0
2.599372723114739 31.07768450869357 0
2.106054304978167 31.10613232289436 0
1.917945075694861 19.92434745559951 0
15.80033638316026 37.9681917971546 0
15.31110216690567 37.99752934300718 0
16.14662925745726 31.56926719458173 0
3.227144737944285 24.33499446483372 0
3.422187347704258 23.92263163454238 0
16.41974661786737 31.97938670495802 0
3.891578449043506 23.89568967760771 0
3.630790756756512 23.50100402267015 0
3.158526431055134 23.52985214219959 0
3.369365617255466 23.10658011210333 0
6.473095433735005 30.00190274124933 0
6.199725266001909 29.59039325389682 0
6.992655866761769 18.82242038280537 0
6.783969753219083 19.23344315983958 0
6.321050697909229 19.25928279645024 0
6.574671724748606 19.64662140019663 0
1.971288552496844 33.25718456890703 0
2.244773766635896 33.66988837446129 0
10.09824028560076 24.74028965013667 0
9.614556263106218 24.76969723818929 0
10.55933908270403 24.69912797567995 0
7.607948794788271 16.77021084239773 0
7.35247606013864 16.37139611174046 0
18.63443244828717 36.09305428941674 0
18.36384256335484 35.68410303153385 0
10.56572953455517 28.5180595047435 0
7.929112891722829 33.73871210199373 0
8.41850811581177 33.70921691350214 0
2.280426747906363 29.81438550427956 0
7.201673899368761 18.41176048830251 0
13.26422701199635 32.59521915707238 0
15.21997930537164 32.47578156096736 0
10.92385974215157 34.43598859576625 0
16.29004029837003 37.93837325094783 0
12.73652978852966 27.95795596550998 0
12.95506841705696 27.52729497394643 0
13.22448739176197 27.92901739195368 0
13.44274358212611 27.49152864428821 0
13.117061005005 27.0286768690261 0
13.7125937700157 27.89847902912243 0
11.34145827525654 37.38879213077624 0
11.09800161010673 37.83476352276135 0
10.84901747415152 37.41851787507022 0
10.63456455683678 37.85581069996704 0
10.36314815993212 37.44673904704909 0
10.14421836775681 37.87956895132897 0
4.972488117198075 20.14836033215948 0
9.371386879548112 29.02270296740326 0
3.192734338966334 9.098927019390857 0
8.782872877849798 27.3722616768658 0
15.25913767338667 37.14952470838802 0
9.873885068534147 37.47516933353898 0
9.654342626828596 37.9080732225168 0
9.384059120736326 37.50439563186703 0
9.164062176511637 37.93220283990194 0
8.893965325733408 37.53297912199804 0
8.674315361474982 37.96739190485511 0
4.885985088938954 28.40099401911161 0
4.650387621000837 36.51804497465444 0
1.941671247092368 8.739651975998399 0
2.164714177831272 8.300259481444956 0
2.188982288635537 16.63726769736344 0
8.40383179873977 37.56329965714912 0
8.183493915927794 37.98893237565056 0
7.913352755949792 37.59164280959115 0
7.694178413099388 38.03601565157221 0
4.073502874469515 12.01293021644963 0
4.291732852460227 11.58196550328635 0
4.555959169832908 11.98731313907823 0
5.368738402290573 14.01026185639756 0
5.848476000154794 13.98380265650035 0
5.586366317769137 13.58105646235603 0
7.695713701259148 29.53319902070732 0
11.84523498761821 38.2321372141031 0
18.02938495114123 38.25816407320115 0
17.53959879659941 38.28796357003189 0
7.852578461764441 17.19824371902476 0
2.897197492704201 23.14256011246022 0
19.44671742910615 37.32022544864422 0
19.71747049017208 37.72929242109831 0
19.49853825136119 38.16835109773375 0
19.98825326446863 38.13840526874122 0
2.697491791973931 21.94347942319227 0
12.86438404640548 38.14652341450049 0
13.35425917401057 38.11677664689471 0
1.791255229895253 29.83905553169915 0
2.010985662789659 29.40229333902586 0
1.766700231363483 19.04294273534035 0
2.04984514199831 18.6475905229365 0
2.530097874365171 18.62149877281119 0
2.267637304151758 18.2189436426086 0
1.803060861337993 18.23486231208345 0
9.392569895172201 38.32414578009517 0
1.76806271806132 21.99924124576344 0
2.651420969189956 8.261161730573388 0
2.380773003078414 7.855585579654254 0
1.894331111182808 7.886484108593721 0
2.118035606264725 7.456181561219599 0
1.719009533524221 9.179456619711694 0
1.748891341734103 33.70138217079733 0
1.626329438542788 7.47390306493675 0
1.904605935060514 6.987128499905428 0
1.533609150420315 21.61701947508556 0
2.017381310447098 22.39155048273124 0
13.9309400631857 27.46049916536401 0
14.190403312652 27.8753815321951 0
13.98072358424937 28.30745877139536 0
14.45843213679015 28.28485759336422 0
14.25004426719855 28.71616644475153 0
14.72350235627444 28.6965149723617 0
14.51918502409304 29.12521705194118 0
15.0019226458034 29.09947273494158 0
14.79055224197506 29.53291885717196 0
10.36630879641045 38.28896447943676 0
7.452444253347115 18.79757326195805 0
9.822424219638915 24.34186505736146 0
9.346016479700975 24.3668980740951 0
9.131033862870748 24.79912888361034 0
8.864252293871319 24.39530354364635 0
9.080145024980242 23.96272807885659 0
8.597836389726988 23.99191730380505 0
8.792443993283896 23.57377441224694 0
8.328182349179846 23.59159946285502 0
8.999980243833283 26.93803956535479 0
9.26765118074967 27.34303953015225 0
5.155223728982174 28.80710483123385 0
5.37073676153785 28.37224697388423 0
5.485761904525971 30.05575919323356 0
7.288410242240575 31.2270558619543 0
7.169651360506236 33.36227609654058 0
7.825635290601296 32.04287446826326 0
6.628210893455254 32.54350369573629 0
8.366648674594604 32.86111076417178 0
5.181213187571378 19.73104769869212 0
5.438509870929947 20.11888862192879 0
15.54288906999773 33.72966382443172 0
14.61594448304922 34.63661278540929 0
11.51528946283981 36.10028194977614 0
12.93008840882369 35.16423013178584 0
19.93634138273698 37.29030702045951 0
12.00432571926043 36.07051905878932 0
16.19858342933317 32.41643817239418 0
16.69136123770723 32.38921043801466 0
7.423075852649621 37.62415951178569 0
7.205137598262704 38.07899718546597 0
2.377581962230702 31.51831743693222 0
1.883490124298923 31.54795451694086 0
2.87103747112601 31.49002460681461 0
1.697429091036553 32.84250871727043 0
15.26216475710351 29.51460929031334 0
15.05929445390204 29.94243349384141 0
15.54803032974545 29.91287394371467 0
7.827585536464525 16.34737473116644 0
2.57317407849163 34.92324774136074 0
3.067537386347411 34.89245335985075 0
2.077726326915174 34.95528205757458 0
1.854528121202082 35.3969668083023 0
6.149972756279187 16.0252448610978 0
16.07102898441869 38.3775871421347 0
3.040970723619354 14.96551364795485 0
5.675775675226737 16.05168932972806 0
5.462220028776561 16.470914031461 0
7.038044838678716 19.62133100916853 0
6.828377990587621 20.03480000825328 0
1.611405208189207 31.13385361852239 0
4.775177004892194 11.55560199726755 0
4.510662654741727 11.14957513643903 0
5.039271465489996 11.96147846539908 0
19.77041474156903 38.59542559957104 0
20.26036765379486 38.56843406699709 0
7.568679346317047 15.94627716136885 0
2.611203194949733 7.421639176412143 0
2.008168243489769 17.81459081957745 0
7.940015763516982 38.41245109039276 0
2.691418784767413 23.55583553899916 0
19.66553986025277 36.88126966107687 0
1.388026057979127 31.57677482504556 0
1.553051665346622 22.42818987009004 0
1.794695682407874 22.82178151194524 0
1.580256218226648 34.98300480857776 0
6.067456872545915 13.56303465372497 0
5.794225397551635 13.16536287251336 0
6.329864189790308 13.95477775529548 0
1.548119823628502 17.82757844798837 0
16.63902661396342 31.54113899563287 0
16.36540079480097 31.13077170548605 0
9.295692553309321 23.53010340803508 0
14.96920128889827 28.26828863392486 0
1.44858984586229 8.766548303753328 0
19.28040133529664 38.61984875708576 0
1.503434812559198 29.43873174502211 0
1.747016310622364 28.99674206990742 0
18.85329792338149 35.65425939360213 0
18.58273157267124 35.24533747894047 0
18.09332018107529 35.2751603633634 0
18.31219572428894 34.83642842363368 0
17.82284052643261 34.86624683756231 0
18.04168795305627 34.42756855557311 0
7.292915364758263 20.01008841772302 0
7.082646464065399 20.42623458276076 0
6.617473368515481 20.45229876540256 0
6.871985952231885 20.84480625037692 0
6.404140995744617 20.87112828180636 0
6.660051074103802 21.26459696168681 0
7.130464161675327 21.23845597628356 0
6.917747049182138 21.66011344306729 0
7.391071662771672 21.63376439873435 0
7.176773889213283 22.05790762229926 0
7.652396702533022 22.03120390790064 0
7.437165619442102 22.45720135868632 0
7.913806520735659 22.42062851194992 0
13.13508793924114 38.5559718206236 0
13.62509492897107 38.52620854857441 0
4.113273716512079 23.46532303819644 0
4.365372179887946 23.86625819109049 0
7.666112404267495 18.39035556125992 0
6.692526403548745 29.56500379082855 0
6.419069910945581 29.15388643372093 0
7.476906802138981 29.98135713547785 0
7.715355502933665 22.83419695912686 0
8.64829690305848 24.8281652531986 0
8.915059556634397 25.23199422995659 0
8.542474493343343 23.14907651148523 0
8.199390197890258 34.14819461299032 0
8.689067999571446 34.11829310891026 0
8.911317968931403 33.68328497931118 0
9.181084706566635 34.09139733287761 0
7.711600025829357 34.17829775966642 0
2.233155215232876 28.9664289407806 0
1.961591857011272 28.55427146005663 0
1.519358900108632 28.61059171050411 0
1.711198022221665 28.15510804421987 0
2.181353849904303 28.1193086722926 0
1.917444400932088 27.71437120469382 0
2.402681231762544 27.68920959238276 0
2.132499215991699 27.28164160346723 0
2.618796780911527 27.25958236501172 0
2.367336978633697 26.86381268041403 0
1.872436812830081 26.88038689983357 0
1.360878316428112 27.76479958085816 0
9.483581654488168 26.90806997812809 0
9.752134101432929 27.30853824278856 0
9.2223332582341 26.49721691945066 0
2.664704195582655 28.09101537499878 0
9.588981129545918 28.58726496254659 0
9.857470581835646 28.99344080588057 0
5.346642951893361 18.5099233679415 0
8.623433198822621 37.12523662706331 0
10.09322212116702 37.03701231570196 0
3.460742572013779 9.509892243579136 0
3.682694996059989 9.072606517673195 0
3.950237253761463 9.482589100417613 0
6.796613691522213 26.65026935997162 0
6.580243148562145 27.08327399275838 0
6.313572996194747 26.67982896150869 0
6.083596532145917 27.12019667992224 0
6.361567969670419 27.51729295269535 0
11.00590522140596 27.63827084344024 0
2.838940375072574 26.82963313234548 0
2.63163405197149 26.44970416960457 0
17.55236651894111 34.45738966961378 0
17.77119942501835 34.01873884755879 0
3.414226064014845 8.646456591994692 0
17.33352744943916 34.89604228245979 0
19.12387506976231 36.06317451979554 0
11.10692419637894 29.32767389780219 0
6.617336928592499 36.39850797863256 0
11.5285470563287 32.27681271678586 0
12.01711319942116 32.24621458196867 0
11.74783918298309 31.8356680328113 0
12.28685591608888 32.65495492824456 0
13.84423892102153 38.08698089400141 0
14.11021141178427 38.4939703272819 0
12.62784598892074 38.59714743572491 0
12.50590136462719 32.21652119888368 0
14.22974236755757 36.36102289919418 0
10.38502778429041 33.6193202637775 0
17.26890615294035 37.87861573056053 0
16.56029031313205 38.34027114117322 0
14.03320618824247 29.15304681018877 0
4.816626773327258 12.39054278557261 0
5.362025276478612 36.04870718599201 0
12.98132174367961 36.01128448503874 0
15.76103414754206 33.2915786704845 0
7.005172706968487 34.65973255122361 0
15.27205738456203 33.32123396771324 0
15.05367870605905 33.75954173246113 0
11.07319999525924 36.97789388461744 0
14.33312888427346 38.05658891939138 0
1.556428901584723 30.29802697524317 0
4.027821449594454 15.73074009902506 0
14.59738924160249 38.44546720978753 0
1.402477309805475 7.914427821724247 0
1.131866422609904 7.499743023316986 0
3.052488846844373 19.42679404243542 0
1.767362406004554 10.0294239286786 0
1.545548078174682 10.46910507120282 0
1.816331170465143 10.8789639067213 0
4.938153391578803 29.24105871042756 0
10.61858324193154 29.35836104817254 0
10.88882403147526 29.76428795152872 0
6.623708675267558 15.99753323822304 0
5.047308798027703 17.31100983805297 0
5.831603996739267 27.54515445318329 0
6.113610996517261 27.93082623302052 0
3.405766798475696 32.31268663417519 0
1.91027932084872 20.74202831980638 0
7.745859399489715 30.38625049971645 0
7.014082065338896 30.81540413125056 0
2.794781842000911 34.48193458026621 0
3.289318705029628 34.44986378229914 0
3.562374654548545 34.86250469033521 0
5.203708948523438 16.07610651565222 0
1.311965010257456 18.24603758360749 0
8.187036351384146 22.01581568200625 0
5.32326911116115 13.18897880339048 0
6.908426281030188 29.12385427335083 0
5.295142717825593 12.36438598800304 0
6.190951731425779 21.28908521463197 0
5.939797624823688 20.89487257009299 0
17.81018052011769 38.69473036285981 0
18.30019498203042 38.66701018618844 0
17.32592915149691 38.72093624163875 0
6.369639032858584 15.60308981830537 0
6.842182762711104 15.57215246752185 0
1.359559382123036 35.42799486325016 0
1.632488392704052 35.84212422846579 0
6.702235701703655 22.08290169056052 0
1.747825316614143 17.41891246799111 0
19.57044399656732 39.07162314211033 0
4.598885081145072 23.43333155241829 0
6.654467257931523 28.72712723232056 0
2.741083923411214 18.19656694830947 0
3.008722482669976 18.602606268572 0
7.224257485906525 22.8805955076601 0
16.85542400917035 31.10634825109574 0
4.989453899068828 11.12665301285768 0
4.726002052655026 10.71888421072289 0
1.327611314830929 10.91144387054399 0
1.596071232731098 11.2927554087339 0
1.088935977848016 10.49180302815918 0
1.224779759630039 9.207289122350144 0
3.914347806350491 8.620154477865483 0
6.584221257127664 15.1718693202372 0
7.060344764469899 15.14501572714888 0
6.818411295981755 14.74554711967201 0
5.815305332868178 26.71821006507809 0
6.045114512593965 26.28928617487269 0
1.264787109159286 17.43884441611309 0
20.47791501003088 38.1120821805846 0
20.74428880014441 38.52483450564258 0
18.25612781132634 33.99178866400463 0
17.98059196938253 33.58632696038337 0
17.49917564641932 33.6109616477104 0
17.70954430530132 33.17792300173335 0
17.22850050347535 33.20259498271656 0
17.44234250540443 32.76833051432644 0
3.120043877055836 22.72575250916812 0
3.582579527165538 22.68531201782441 0
7.936960679593099 18.79327318383499 0
5.505505575921881 11.93528837971633 0
7.5039743300457 23.27284109856053 0
1.33582845704005 23.64790857528866 0
1.838783478326463 23.61640081705892 0
1.885728043550185 24.58707312946914 0
1.98912344957016 25.05116612915539 0
2.348184442778376 24.72152694210225 0
2.428171015700187 25.17201906691867 0
18.08749477825862 39.11162331657771 0
1.692133639927579 16.67225860687153 0
0.8944861779926897 13.36328535976634 0
1.336819783900102 13.16002542342066 0
1.736656668616505 13.39681009563498 0
1.758980122000061 12.93272488551276 0
1.362600516634439 12.68183156369608 0
1.780266999187324 12.45596072132437 0
1.369756977466415 12.20332696862195 0
2.224723033056517 17.39397091274331 0
5.764924871435527 12.3347421154067 0
8.115688649982552 24.02123384841526 0
1.763335866325303 14.27085816235643 0
2.221226970197266 14.42780727873962 0
6.53253217859176 13.54479339881273 0
5.64883536332789 28.77832042321771 0
7.981420748507171 34.58706285455223 0
18.79495787354218 34.8109667942822 0
14.40473105770024 27.42690043589683 0
14.14917385777753 27.02213572213674 0
10.40094973329199 29.79446611272431 0
10.67077951757552 30.20095428130403 0
11.15822953250643 30.17137221779795 0
10.94017687927782 30.60817522096049 0
11.42768965263171 30.57877993752442 0
11.20950786284769 31.01588652427804 0
11.697354999968 30.98634836245294 0
2.225022899742766 24.27349697512788 0
7.412370509249694 18.0017625402863 0
7.950808743844161 17.96481667305158 0
2.998802873152596 29.35326006619735 0
22.11350003699648 39.15099272906647 0
5.646699967826644 19.70233856553254 0
16.62497710335631 35.36467399508126 0
8.4718458013195 26.11656289415338 0
11.78514327463375 36.50919360128656 0
5.228251726070857 20.53569287934369 0
13.00605589162881 28.36511674737579 0
12.22302534541532 35.63199061344586 0
9.639746654128185 29.429298124711 0
5.390459618856012 19.31401041920865 0
9.050869381918087 27.77708269473272 0
12.27378174185561 36.47952403309378 0
16.47006311076365 32.82429273429224 0
6.624016492055258 27.91050810780603 0
7.702317706749551 19.1815498254121 0
14.57369188965815 29.96968818784491 0
14.84414265804148 30.37832801518947 0
5.095360491702985 27.97234054268373 0
7.644619300754886 37.18428379784004 0
7.156236423552377 37.21506909705796 0
9.896750747636704 33.64887606627833 0
10.16744909901076 34.05607574542707 0
9.628388311763119 33.23385473069906 0
2.645616018123152 31.92980674330059 0
4.631905188285228 13.64167703369103 0
4.24477088570364 10.74307994082594 0
4.46677007929391 10.31264869789863 0
1.924304393624387 32.39860560343628 0
1.428900683491952 32.42760462367113 0
7.5237216339896 20.41231993822304 0
3.784352714833237 34.42437513505544 0
4.056807483436818 34.83428339836474 0
2.304169112900047 14.87447272593366 0
5.429597068432921 15.65896789551469 0
5.901870367030947 20.08906744314334 0
2.024110828955036 34.11157491012865 0
1.527250510195599 34.14314204970763 0
1.267540137964708 33.73840536080399 0
4.994671113950536 16.49746881117508 0
1.217220193899258 32.87968624889475 0
19.34382551901125 35.64258193030075 0
4.740679449738829 16.10319802648477 0
1.039067038415358 34.18497491758725 0
2.17199626934519 13.17645679985698 0
3.220180890106402 18.19533072424285 0
19.59360679166545 36.04961403028742 0
3.328687712676793 22.29316845802282 0
3.815739198760916 22.25509824491455 0
16.37225509736305 38.76759578793272 0
15.88661075257987 38.79011542991503 0
2.13741125909133 13.63570186770688 0
1.341611688413731 26.34254973472332 0
13.91756181749066 38.90548828442395 0
7.589739023299271 21.20904168718612 0
0.953938554768361 8.792679994342297 0
20.15662529515919 36.87501102298398 0
1.157449083493046 35.88337908923328 0
1.413675681251594 36.2896646838861 0
0.9129234373939468 36.31795563315703 0
1.1885189262662 36.73373614633321 0
1.685361734539715 36.70352592533398 0
1.463117488264251 37.14854851239063 0
1.959257727338354 37.1182342730127 0
1.737774835412782 37.56271332425533 0
2.233012376318898 37.53253050416372 0
2.012052316086297 37.97620214680924 0
2.506368131528974 37.94600665306577 0
2.285664292064065 38.38924250919377 0
2.779348653726961 38.35873441135224 0
1.791622424038871 38.41962656680762 0
1.237993319529881 37.5897594154239 0
3.000184438262153 37.91614066659869 0
3.272678082588808 38.32866110974903 0
3.051425087050424 38.76043043968451 0
3.544833593047566 38.73875705468843 0
3.765286094252807 38.2979971526414 0
4.037198146002173 38.70813309054583 0
2.064675309333996 38.82453328981975 0
1.57089157320663 38.85331850597653 0
1.275669794079795 38.44482648199089 0
3.353435311035164 39.17012816054813 0
20.43486493823111 37.23864968277331 0
8.048540559081076 15.94667320667966 0
8.313980224770591 16.31420064554539 0
15.68329110344143 29.45391996952903 0
15.97438075846328 29.83779306851379 0
15.81034081748083 30.31110937623387 0
1.055357368517952 38.84268067279193 0
12.93944240345354 38.96119513281509 0
2.452051709308122 23.17062196114129 0
6.800225226397455 13.93778912227184 0
1.142837955716635 11.38326194317148 0
1.118796544389045 31.15688650398658 0
1.114014982722335 35.00773483670348 0
1.36323285001704 22.85448631178851 0
7.847311971272441 15.52024150055359 0
20.96231559169683 38.06634147038706 0
1.019158344513256 22.47700354709947 0
16.24375511552306 30.24178577724448 0
8.454003668749415 21.31186929362769 0
8.198274013073657 20.24358490384807 0
9.416546302884177 22.69633963888645 0
9.889647729416561 22.95509814739235 0
9.856392636203216 23.49088203358357 0
10.38548139617761 23.61784890904115 0
11.95784121137759 23.38353749205111 0
11.72923213455531 23.80213781053539 0
11.17692648381557 23.88171891184577 0
11.51263180692142 24.26181342589973 0
12.00376383669204 24.20344300546978 0
11.77423685429999 24.65168392067363 0
12.24991647997622 24.61336583673892 0
12.04175902191934 25.0522832956553 0
12.5192749130764 25.01863320209414 0
12.31525216396239 25.4544120931481 0
12.79273202711469 25.42179074876747 0
12.59028249847099 25.85666319375129 0
13.0624141990938 25.82811501223867 0
13.2815001131589 25.46103905841332 0
12.49107293533113 24.19503976101365 0
12.84493042671539 26.249898452943 0
13.26620309218087 26.26739803485086 0
12.39882821433174 26.30210835024683 0
11.87448081476137 25.5067091360061 0
11.28221939827036 24.7477539606937 0
12.65773724899522 26.6978195192712 0
10.85848510968449 23.37212392556377 0
8.394126267913958 22.44607947386346 0
1.814830786949771 11.99186348393488 0
3.653437513372709 8.183148092458007 0
8.821428323068163 17.91896623248311 0
8.749357200628991 17.4345720806999 0
12.18349282273627 26.74883433100628 0
8.379099195380428 17.71698873960884 0
7.263598986879915 14.74532123963575 0
20.54166517445228 38.88382962621512 0
20.95750282923023 38.88212011469912 0
4.062836910226709 22.65061088630954 0
2.208049614840241 12.23408344468822 0
19.85481520178957 35.62095447687515 0
4.836248243425356 23.83882001120057 0
4.625458114989311 24.26325169097256 0
0.8634433403767889 31.55229090800366 0
0.7185537828872505 30.7773322605068 0
5.112816079781142 24.2394885578576 0
4.889757623997721 24.66116786188657 0
5.366152225484189 24.63806836525424 0
5.151607245939306 25.05959350863506 0
18.57132834600779 39.07695873572732 0
5.637978790883272 25.03444971760096 0
5.425419628185388 25.4637826254542 0
1.838861722344058 26.33601124408081 0
2.128434744194809 25.98406532252731 0
14.63779144582023 26.992237467461 0
13.04700538379303 23.446950542509 0
8.195733007352302 19.24158729326462 0
1.357320303728516 26.89006459037679 0
0.8608515796490821 27.15148457936624 0
12.50429578911023 39.05464551736259 0
5.928759325494082 25.45288771030738 0
0.8997623000161989 32.46149593737947 0
0.7349075833295375 9.226292428859786 0
1.007077931411918 9.646387234446276 0
2.780875496111916 24.88902563643072 0
3.560924766106361 21.86171101288082 0
17.13808078007384 31.52046479804805 0
5.565519314339728 26.30615328856085 0
8.527262022562386 15.89938759067253 0
8.671339538199691 21.80191139008258 0
2.712879045630644 14.58628537516564 0
2.572955539774498 14.1151842696503 0
4.284818315480234 22.22761409441581 0
0.6835944791583626 3.30124895383122 0
0.9611852537346698 3.612065109051427 0
0.8306251265205422 4.074570115278435 0
1.287508723920609 3.958249489612507 0
1.145952335491136 4.412334756795344 0
8.887622844608471 22.74342057614135 0
5.075784803557704 23.41020006674167 0
4.158798885319994 8.156249596791033 0
3.383436252555398 7.753127582704121 0
3.647161009531319 7.299442032183658 0
9.077812124880534 17.08730190392843 0
8.632624741828252 16.98731564671523 0
0.8498142435475319 7.974111344907771 0
0.6020112695832587 7.512796041279918 0
5.884674378695085 24.61248760887519 0
17.39568241460609 31.09657422943376 0
17.41122605273208 31.93696560306088 0
0.8167331391949301 7.032835715331563 0
0.7084882264669973 36.74131401389168 0
1.446820207498876 3.433696411005264 0
0.9499346311641348 12.45178902866515 0
0.9354317754597672 11.88908956504465 0
0.4694257634943514 12.70680037998348 0
3.093633739812709 27.23008290277526 0
3.32185087185705 26.79992661470904 0
20.64467548748939 36.82154800996079 0
3.134392711924031 7.341839637270368 0
8.400726261457196 18.7651764342997 0
8.151832342807204 18.39318601360093 0
1.334990144310475 16.33499014940551 0
8.430421318808419 25.26378097468526 0
8.160868325709588 24.86235367546539 0
8.695320001178136 25.67125512030671 0
9.181786594439561 25.64055112801615 0
3.171602006912761 28.07883381217374 0
6.152975000152413 28.74834167275046 0
5.198576764019789 10.68531331541011 0
7.185320382964582 29.53842975342991 0
7.424429476317846 29.12030379443257 0
9.7085850847876 26.46234986291465 0
6.45244234796403 25.42958638980279 0
6.971988516319698 29.98457214205926 0
7.781085901218307 20.00031957887822 0
7.943890334081354 25.29702453246263 0
18.38434092451709 39.5570187912156 0
8.961706005361645 34.53036919387429 0
9.456318621200952 34.51158108538752 0
5.29945575223395 26.73877218159895 0
5.552987209320488 27.15379519991861 0
0.4763187231364996 11.74242846057527 0
3.144933684990199 8.224477962630585 0
8.958988982507185 26.08651174769565 0
7.842090064931282 23.62854190469019 0
7.629730887813363 24.06818490625403 0
4.257896294381728 38.2668384679117 0
4.529326532172922 38.67791301570004 0
4.750542552355027 38.23856108256079 0
5.021435750937519 38.65069737190093 0
4.808236391632584 39.09554774318153 0
5.307211426063476 39.07065296737768 0
5.515411518001848 38.62298006305602 0
5.784092364850459 39.03214777495949 0
6.004498853710166 38.5921375523245 0
6.275326135133131 39.00246885563283 0
6.495251543976662 38.56229923652712 0
6.764648923823736 38.9441574745112 0
6.225397192498641 38.14556001344609 0
6.985724217099834 38.52571825045186 0
7.248617482845156 38.89516263039933 0
7.037538127086553 39.38307375277738 0
3.333019294030506 6.893267115866345 0
2.802871224783637 6.727020033543349 0
2.710724005478292 6.271775300784982 0
2.354206163225651 6.619916947340234 0
2.251798423844588 6.147513857145661 0
2.56797460018567 5.895606322873462 0
2.207301405116301 5.626786994902812 0
1.789580926794092 6.01817791944694 0
1.671572789870097 5.536179012732604 0
1.321173229976005 5.887425155871263 0
1.196999736611123 5.409852105450867 0
1.443266770752876 6.342935063325033 0
1.518615889089097 5.08028175381546 0
0.9596782988274802 6.238899945171627 0
1.023971426823605 4.883800561573824 0
0.7087239330966169 5.283693271811933 0
0.507108944197864 27.01298132927396 0
4.377861674914469 23.00665362374282 0
2.723128651349523 28.94137564508328 0
0.4285623414124032 18.24856529080131 0
0.8326454792637726 18.00519358117678 0
0.8615594599921497 18.49799773646145 0
0.8663002289088748 18.9990517986935 0
0.4336332740452908 19.25033536382073 0
0.8623788898448478 19.50132581266688 0
0.8610282618318733 20.0069675753698 0
1.25993427456648 19.75614761794259 0
1.255308385716408 20.23700056930996 0
1.292054991572172 19.24460480777053 0
10.45225386486064 30.63884671532225 0
3.581517052212936 27.20716593029229 0
10.07519558299837 28.55762721501697 0
9.805955827052557 28.14965780199295 0
5.591680902369106 27.95340766707155 0
5.660764838563273 15.23759050942923 0
0.4610812943449373 17.27562989468279 0
3.986592046124616 37.85201206948123 0
5.638605902835563 39.51513280449024 0
2.919503095714806 21.50657754898916 0
5.881627752977522 28.35068508917103 0
5.927457099559492 29.18517291938555 0
5.430033517552229 29.21362642165535 0
5.205991638798253 29.64867503026255 0
0.4384740907998029 29.76060635134038 0
0.8177999996244651 29.97150743935235 0
0.9530900804948468 29.47556207621516 0
0.8565266986227569 28.96056909776792 0
0.433142936610718 28.74940890618183 0
0.8344031031527337 28.48447177348978 0
5.814794425416576 18.48396156092071 0
0.4311834759534684 28.25554402274467 0
0.8689480819883134 28.01552137008662 0
7.48896092262809 19.58990394286137 0
2.478874863042325 17.79567056338911 0
11.47857598769361 31.42565521719085 0
11.96661096069234 31.39563619990485 0
10.99033539770585 31.45626006914987 0
3.810663890242648 26.77999163809186 0
19.07216061812808 39.09833360900035 0
12.23643747119421 31.80616794044217 0
17.91432372236013 31.94018044085235 0
7.243065556897386 19.2077035970075 0
3.14475249181165 21.07164675318154 0
0.4372549078379315 21.76330181352983 0
0.8753244215754785 21.96951399205952 0
0.8407873521358307 21.48839828013372 0
0.6279351459652842 22.74156140624011 0
0.4295742897323885 21.25249531512242 0
0.8591794879522224 21.00317911476644 0
2.45582051858811 22.36670389673559 0
2.18134887902093 36.6731054681721 0
3.725624968707931 9.921235414056596 0
2.899978683265225 27.67089061552452 0
2.934095833366682 28.5023918260182 0
2.792013903491736 19.02635573564466 0
3.269089984915608 19.00963968285621 0
4.505387353704719 30.10990465874747 0
4.777992258300413 30.52078737851713 0
13.2948895190939 23.86975299498646 0
13.04837995027875 24.29503196174472 0
13.27367713573766 24.66925960800977 0
3.040906312081741 25.59322346934825 0
2.853920350790097 26.02406632622682 0
5.857053221905499 19.28600841629123 0
1.652555913683144 27.30780033287642 0
12.72503527021662 31.77816093260014 0
0.5050912840734941 38.79468348794553 0
3.835309259219916 35.27616076358179 0
4.329568590393957 35.24565105384226 0
4.550066921465785 34.80694790853617 0
13.79045563145295 24.70447757405373 0
14.04026590011348 25.13501625130444 0
13.78482334835107 25.51612055093536 0
14.02004555879788 25.95691708522242 0
4.108378539601514 35.68839302056353 0
4.601117256313033 35.66098833994036 0
3.886246124060256 36.13271910801163 0
11.29546879160849 36.53865460998774 0
5.268577624095474 30.49286327770607 0
0.4685758642887602 6.220311963888867 0
8.017518056962745 23.20804638715764 0
3.310873609363098 19.82997407625401 0
6.160578651069735 11.48812873399346 0
6.641575969523253 12.31844538030095 0
6.429577155945476 12.73535719079862 0
6.522446289412628 30.84512135478764 0
7.124286036885199 13.16758575802533 0
7.624825685952611 14.0050953116149 0
8.106392519975909 14.82040629928484 0
10.7867431896899 28.07661016620616 0
10.30006100082061 28.10629928619244 0
10.51518926169601 27.67198336774331 0
2.701401105911569 17.39278611209303 0
1.586075864187145 23.26055824876902 0
4.881304731965542 18.53518046889295 0
4.33659403174854 12.41792757977781 0
4.06987171101288 16.54474250215155 0
0.4281844369936454 37.75692277466266 0
0.9141860434615073 38.01201548151899 0
6.526933324337246 26.2611698367735 0
4.617557728416893 27.99870078155808 0
2.557835318086536 38.7878729502244 0
14.51074830456721 25.99815691759634 0
14.22017783101097 26.39435428213612 0
5.971526700342094 33.87265035925211 0
6.191338577721312 33.43152677781358 0
5.919539658311782 33.01928845664514 0
6.412178472937687 32.99134480614922 0
6.462725056470809 33.84266184360291 0
6.734612008132233 34.25124728817039 0
6.952661079640615 33.80602321807176 0
7.013228978283117 26.21731961058481 0
11.2742356942961 28.04652959033591 0
17.01131998741428 33.63989446947971 0
7.89169551907665 24.46554767113609 0
7.137284010784839 24.11399763476751 0
8.096013043711913 32.45197527096359 0
8.583343524867647 32.42351241127155 0
8.85937428501431 32.83590071935458 0
9.083122550681406 32.40770156005377 0
8.312630326970355 32.01484438514136 0
8.042434794835515 31.60606747906576 0
8.535854656886642 31.58670530451291 0
7.555450888019547 31.63452890650456 0
7.779576751107681 31.20246574024458 0
17.06306009165086 34.48718797335015 0
4.971993038380211 37.79200246119962 0
14.78287409639536 33.35134313479917 0
5.156023647590671 32.63672488228395 0
5.376159286784734 32.195061135209 0
5.647622172193064 32.60706179491522 0
5.866560500235257 32.16409158060034 0
5.10420216058006 31.78321598163443 0
3.849892216823968 31.42991492850922 0
5.163500215100377 9.78880393036863 0
8.637575146088786 33.27051896505771 0
9.136953557274328 33.25374958041732 0
3.841313642962747 39.15083825955211 0
0.4534197506973023 8.770252546060014 0
3.340607478713887 35.30619856873136 0
3.231146165386542 13.71586580898747 0
12.77526369692108 32.62537637887787 0
12.5568736430151 33.06316662253962 0
0.4002570104436108 35.24425773062269 0
5.427732411693574 33.04875649254338 0
6.396476001206283 36.83886598055042 0
0.4002827005823627 10.73943086512974 0
0.400126410222452 10.25134028593543 0
10.73638289982419 27.23119972076055 0
10.24101037540381 27.27231986336947 0
19.92979281364727 36.43560892034099 0
10.29509573215048 24.33193852249173 0
10.76854526644604 24.23310259711155 0
16.9130076728141 31.95526215920336 0
0.4980476596331268 34.23002017053059 0
19.39895687808221 36.47379290257345 0
0.4593230420385073 33.2729004659536 0
4.186089824326629 9.023623377556248 0
4.439718640965178 9.451895621112623 0
2.72751031933332 37.50202731793902 0
3.221479786782281 37.47166457789449 0
2.454450150613494 37.08623606546558 0
5.721510166364689 16.8667341453975 0
12.1333434468193 30.11352981633773 0
5.955282747995803 37.72907879759794 0
6.445365464582116 37.69708814446899 0
7.10853808481299 36.36716225559471 0
2.923197120424274 8.678203321606228 0
3.856118033805129 23.06924728347445 0
12.67300702038575 30.93010455227623 0
10.87089354537864 25.06328605465897 0
20.88087659002674 39.61442550197329 0
16.84405268159026 34.92591715718049 0
17.11454498492842 35.33476096570243 0
10.19513764471178 26.42579679743839 0
11.38780239659202 25.92450639571037 0
11.25941290911634 31.8664715903291 0
0.4330127018922193 32.25 0
10.5830801592854 37.0075926059781 0
10.31438318878272 36.59783109654963 0
9.824292539234907 36.62758813671728 0
9.603568907447793 37.06672016343837 0
9.563394782486121 23.93302059356061 0
21.86627862063985 39.57888304569563 0
21.63909110912567 39.18779378511624 0
8.471055804918816 34.55911970762128 0
8.254106590408114 35.00444170011358 0
2.666810725502352 16.60892998237408 0
15.32410135538401 34.16818506870898 0
14.83486316770438 34.1980789855796 0
15.10521359812079 34.60680742185936 0
14.34569178365669 34.22781838055049 0
14.1267931728694 34.66644074593837 0
13.48311775189176 32.1567056799866 0
19.89149801985169 39.56946398326284 0
19.37431819769991 39.5498236385192 0
20.14950937198539 39.08360980331862 0
16.95195395319599 39.57448694948131 0
16.66310124179945 39.17084850965219 0
10.21579109813418 34.90358434387704 0
9.948152588829648 34.49174373717632 0
9.235795464999148 34.94902389676492 0
20.20835327953806 37.69650371863185 0
14.30380870664122 29.56124047204969 0
13.81512534199101 29.59042309291993 0
13.76351728239285 28.74429277526479 0
17.65545385291518 36.1527379324012 0
15.96927618948443 39.59332344531461 0
14.06312393984149 37.6477431369244 0
14.55222631058454 37.61752872662037 0
14.28150622984222 37.20864178607833 0
16.79210698258091 34.07870290125322 0
14.98653506631606 39.57992536148043 0
15.19243626478466 39.17735917415602 0
14.69154269893432 39.21338814086372 0
19.05854735631452 35.24655038155669 0
14.00383283198188 39.59214765110953 0
9.113926572548619 37.09569472424131 0
8.845502925680924 36.68634804035406 0
8.355406038033944 36.71571823175594 0
17.87442676074053 35.71390802215997 0
13.01682293329176 39.6097580957036 0
4.748570245502275 25.91699648895288 0
16.89546275445109 35.77357559273686 0
18.6862671748038 36.94099559552722 0
10.56428816303602 39.57448732028764 0
10.80994275426591 39.15247679731358 0
11.30119855161922 39.14960312629972 0
11.06363871780952 38.71837020222825 0
11.55918434899799 38.70522064612231 0
11.7724689791217 39.15349041124442 0
11.33718117636642 38.25655328867747 0
12.11731518284273 38.73599748061611 0
10.3186360291305 39.15305010682754 0
9.827347323314161 39.15843467010806 0
10.09694401722007 38.73493483565814 0
9.581631955819251 39.57603846017675 0
9.336049828812097 39.15955607262752 0
9.090295614937455 39.57647997580366 0
8.844720843842067 39.15099051100656 0
8.353325932505051 39.1661236663962 0
8.631331165536542 38.75196554481176 0
9.12131657956742 38.74653380437842 0
12.00461834796745 39.58227349039041 0
12.15856386034095 25.91252359515074 0
18.51934708345461 34.40546502834042 0
15.47824443959562 36.71075166774253 0
14.98914960601168 36.74018810643059 0
10.70493950049331 34.87412585597516 0
8.099877648807798 39.5772075345244 0
7.889938338748842 39.19389312396682 0
17.2815381086708 34.04881258482767 0
14.40884404589525 31.2503847304065 0
14.89709503975617 31.22100165097339 0
8.134523492141948 37.15452091174215 0
11.53798701877193 39.57664227155722 0
15.32983724980679 30.34705982758251 0
11.14283870447291 33.99800989045305 0
5.73458712044456 38.17718143096009 0
16.73585366543813 29.80593630566105 0
16.25508113780306 28.95167838652145 0
15.82159829414366 28.98946514236719 0
15.49749047174558 28.54019420426021 0
15.75588284825677 28.10806625632389 0
15.51692616740524 27.68320773533312 0
15.07107513875271 27.73277286176157 0
10.72071759489798 31.04926353046847 0
19.17659594307966 36.91139194861743 0
18.92980011923022 33.60778256869156 0
18.42674284448756 32.76631937420821 0
16.35415298869007 34.95601462098336 0
19.43493633889576 34.44882763789794 0
7.466850471231465 38.45663552501901 0
15.69737857964165 36.27198787990518 0
15.87519234835866 31.16136374393659 0
17.6039452855581 35.30495523877512 0
4.203213683157834 25.11171904329736 0
18.90595020115158 36.5023909056254 0
11.5946909548278 29.29815792188993 0
15.7090704472473 32.44579612805648 0
13.65348422138526 27.0742091935865 0
11.95274898124749 35.22343497431882 0
14.73096253603009 32.50517662023211 0
14.13850648282333 30.84206972346869 0
0.9791832338468806 37.16768843713916 0
12.66005507883914 34.75561074536355 0
10.18368684132393 30.23010517822492 0
21.89417274501042 38.74941569918488 0
16.50894635523548 37.49925252823019 0
14.4486603055058 35.92243327214214 0
17.38496739528806 35.74374681927473 0
17.48807626930925 37.43966666070753 0
12.06837889394683 33.09283520193456 0
3.493547517735499 37.88374648250971 0
3.898707274539723 32.2833857325225 0
12.35876762421897 38.20263119314713 0
16.72793006985545 37.06031448315773 0
15.42711875176075 35.86301101017873 0
15.58647077321163 38.38733236317883 0
13.20026268574556 35.57293834907801 0
13.57332917072285 37.67767856913742 0
13.44034957561093 38.92333170419694 0
12.17135476192488 34.78525150667059 0
14.01089602799963 36.79975663900979 0
19.00898461359297 38.20031421885527 0
18.51916483736379 38.22845964512888 0
0.4327596807283268 20.25482958452316 0
11.04014237680635 32.30683611233373 0
8.231709470847761 30.35325275335568 0
11.02586856159696 36.12961892031986 0
3.433089629111303 28.48344386265714 0
10.5009754212182 31.49127726674924 0
6.715368084002472 38.1108330062842 0
2.420663566345644 32.37091257010689 0
9.961687530832384 30.67761152323136 0
4.921014957530935 9.379571395397345 0
12.82711674283182 33.47121386478924 0
3.249743282778453 14.54889234572808 0
10.87321196163012 33.58976744796672 0
9.848083066417198 32.79983537469599 0
3.237218292691346 9.947743360616929 0
14.07500962428682 33.81976889962191 0
6.514307030639133 34.69463711576296 0
1.90735478809098 36.25703059824959 0
13.85647912028778 34.25795214285193 0
13.49383170633872 28.33607896935295 0
13.04568347860136 33.03323352936173 0
3.812306826646014 16.15116527119125 0
6.837011045847495 35.9579365391155 0
12.51842213504256 28.39459632453423 0
14.56433154213589 33.78965451686072 0
4.658014915565817 39.57007193627614 0
12.33834224791964 33.50099002851652 0
3.730241264552211 33.57782848175815 0
11.60933022524067 25.11701554390915 0
16.99846164469304 37.46943492795459 0
8.735972589027877 26.52807618683416 0
15.20808915782257 36.30167054317715 0
9.153972714651665 29.45814451809591 0
8.379773013570928 24.42742021594445 0
6.702773718158605 17.62964400863257 0
5.582680947676609 35.60769251850721 0
2.773285342721103 29.78840852513759 0
8.249698516984228 26.55984640176661 0
9.398361423608723 25.20389639203048 0
7.33050949343533 27.45883943185463 0
14.51238201733952 32.94317881925388 0
4.924823117041002 19.34187037347909 0
8.566032295246753 27.80634703685432 0
18.79203912206994 38.648487525331 0
2.961055153076651 23.94414248917069 0
2.741187175132948 24.40021662056547 0
14.71886994156472 36.33129666057603 0
3.853380650677546 12.44190131580527 0
5.14206504947896 36.48954840362384 0
11.37627413202872 29.73478861482022 0
2.740136350691758 33.63976862143637 0
3.628747100861335 31.87127419198413 0
2.339133323913504 15.35046618971448 0
3.091097479298298 31.04845830647077 0
2.155601948288176 39.58574340639531 0
1.17697856631609 39.59388377163415 0
12.4415045261649 35.19379262395156 0
6.963690003008328 22.48147888545734 0
1.48041305320789 33.2892960976264 0
4.223547749164518 33.54825571700222 0
16.77947708445991 37.90722744876302 0
5.595232919066444 31.75340356237951 0
9.320103417101492 28.18181760705549 0
10.6546691362675 34.0274557904511 0
12.78790698285839 28.80197335340852 0
2.1288148014128 35.81024859151387 0
9.665780848456933 25.61185440200974 0
16.74014704600676 33.23204941574753 0
4.157953443250918 36.54633387866553 0
22.35776486648313 39.57609404633894 0
10.43562752604922 34.46557279931606 0
2.676030664005939 36.63882346926934 0
12.54340070758761 36.88877763328282 0
16.95850318964968 32.79681408343385 0
17.05056930074759 38.30799181375634 0
2.307649949383867 10.84829807346314 0
2.241726732852158 4.721382837655915 0
1.494883122101522 38.00085723613432 0
5.019134339657937 20.95539297511757 0
13.21387009746848 31.74720802142642 0
12.71154969220929 35.60236973861482 0
5.135894224382583 18.92495864547454 0
12.05423497970263 36.91842104506762 0
6.583041406211615 23.31823960700765 0
6.845614933909698 27.48596894687554 0
14.50015196177317 36.76987175448752 0
4.827988308423784 27.5746026332228 0
5.242901037808979 11.53807624613315 0
1.293138320819469 18.77410601780275 0
2.630808592464789 12.93117764090158 0
11.56381215658973 36.9484031000434 0
9.445021547192491 26.05200489376026 0
13.54564125028911 29.18138513671381 0
11.6456409813152 30.14236747332256 0
1.90024192723499 6.485094047406329 0
6.055608069169123 22.52266241991375 0
1.359360304346815 7.068569588596226 0
9.422285010190247 29.8645015873915 0
13.2757452198962 28.7728472642722 0
15.00112801589556 32.91300263733595 0
3.264564817431011 29.76159533085432 0
4.763203664741408 20.56595021094103 0
12.45474357791769 31.36786330207783 0
4.027630627130409 11.17685805869259 0
4.581297553884687 17.33484496711181 0
1.833277068506226 30.69604702250166 0
0.8620996395529886 20.51228093268223 0
1.368672460392973 20.74742329576222 0
3.615201878048689 21.03744568781142 0
8.834191260103283 28.21145973472949 0
12.49283673477941 36.04084017019432 0
6.110753367791694 19.67318660790618 0
15.49019499230766 32.88325829881877 0
5.534898698750061 21.73510113585822 0
4.380181859705495 36.10199172109613 0
10.80543028898633 36.56808141206876 0
12.99456919885358 32.18653189480784 0
4.452755734603524 29.26659005864452 0
4.152589013872717 24.29101459247322 0
6.106515689940625 14.37997770098285 0
6.356657038182669 32.13355903067272 0
13.32745721107274 29.61849687843728 0
8.178511936089503 16.78809232659012 0
2.50454452253375 29.37895209443903 0
15.9797530930224 32.85392995975497 0
5.602673580315006 18.89695961028489 0
3.544599702726551 11.20309115920545 0
1.672301580699709 8.327020321159285 0
12.76267024526476 36.44982032567293 0
20.69780343099483 37.65054278959444 0
16.25072980344032 33.26200276557866 0
6.137594014091873 32.57611356929321 0
4.416338724461345 14.066161141944 0
6.447106720912516 21.68433904141333 0
11.9151463619379 30.55009784210091 0
14.77069544827675 37.17852969603601 0
4.241627095093647 15.30883638938455 0
5.243013027360202 38.20723278211695 0
1.989558892393983 9.590381175116287 0
10.04635891355251 36.18867028924551 0
1.322524491713252 30.73447714909993 0
6.067674381102888 18.87181497368557 0
9.535432265849641 27.7462668493476 0
7.113036509258464 27.88804790666622 0
6.950901937930475 18.02349004428336 0
16.60432749563513 30.61166370041788 0
15.04105056208534 37.58789496270653 0
5.708669133902577 29.61968732360707 0
4.59368187053693 12.81834460612701 0
12.18465725284139 30.95838713631876 0
9.556624556046716 36.2185476188196 0
7.861029968971327 21.62638991176843 0
14.82133134306037 38.02349204085427 0
5.272646535421998 25.91444280958445 0
15.09112166131364 38.40756122688239 0
3.781411454448804 19.80653655114462 0
13.59712199526378 30.02644786628009 0
3.580646089834271 31.01830888595598 0
4.210443897846398 9.899639437674221 0
9.335218713549075 36.65705102953348 0
1.001904738755996 33.3206626624268 0
6.899218947636475 32.9532386410437 0
2.831551930256019 15.38875202745003 0
7.763982618481672 35.03099557616207 0
14.08533398945384 29.99744995396507 0
6.68087363676829 33.39925861154346 0
14.35586174534222 30.40580448602659 0
2.090034270588092 11.28431252841673 0
7.494309450714998 34.62366006211312 0
12.27075999146189 23.77237168741392 0
7.441491996229055 33.77110735152267 0
4.871463697031071 36.07717892657215 0
7.331170958401096 20.81853538458825 0
2.089496971210577 25.49273452609349 0
14.62526044548108 30.81348370163102 0
4.414474960671002 24.6876887549763 0
2.145286786168538 20.30991779095097 0
2.447827360540995 28.52694405021963 0
5.514736906566707 17.28789147609617 0
8.577651178927363 36.27664209742915 0
1.496080670662497 9.618270797358964 0
15.1142851898487 30.78413905952395 0
7.167187579562584 17.60717868467681 0
1.178596098430509 8.353752151276183 0
15.60135960971702 30.75314543861045 0
5.091848814360796 35.63601809488113 0
16.08339603025261 30.70163995698822 0
3.697144836667564 18.18602499178413 0
6.935029883001386 37.66251294425597 0
6.880291278374564 16.39586907434294 0
8.08759099190884 36.30660227604783 0
5.040993859241812 34.78154190252354 0
4.891659127824806 14.04100959617993 0
1.714046099180578 21.1678007983891 0
3.525546288580218 19.41032255560226 0
5.108281353967085 13.61286351751282 0
9.908876671151789 29.83179526442805 0
10.1261926293147 29.39586943494671 0
7.866726778368386 36.74527040174272 0
4.114723869891737 12.84330652973405 0
10.34657161892654 28.95759258345679 0
6.666503452736793 37.24975395113042 0
1.289918303838737 10.05283078719319 0
5.255212175575793 16.8924189090865 0
7.378048591386563 36.77495076115765 0
2.183443208343143 12.71028944609784 0
3.35994335212198 31.45942428007397 0
4.82086199593777 35.22106559192813 0
6.364583488761656 20.06272064636125 0
7.634962039408518 17.58887794002826 0
3.764006918119251 10.76939528840254 0
4.676333390633454 25.08445238438206 0
3.138370094639375 31.9012096115388 0
2.914505438678892 32.3428462412035 0
10.02236834293798 27.71154546879845 0
6.887189913714583 36.80738500402062 0
4.721181848800924 29.67523850284568 0
7.096936683668595 15.97220236479824 0
2.152888970217079 31.95734973352976 0
6.750334570466583 30.4156134244771 0
3.985608588062779 10.33429941517707 0
0.4419856854603698 36.28699173476783 0
4.769964221484578 34.36980557339587 0
7.666206617075764 24.90738675700665 0
4.277800533474613 34.39747656821799 0
4.957169478004076 25.49128964960168 0
4.994148771370958 30.08387134021874 0
4.788920051863007 16.91706492753019 0
9.974098234496227 26.86768770620617 0
1.657902096821335 31.98578085695396 0
4.004978005510377 33.98709498671094 0
6.154354113895587 20.48034965326552 0
7.324946463991532 15.54549409241111 0
1.164750505417688 32.0057094527874 0
2.518464625768479 34.07581513747169 0
7.223307877919124 34.21501137179466 0
3.5112287562548 34.01587517035097 0
0.4223179939542812 31.75 0
17.17624513826355 32.36462450813279 0
3.016211004810157 34.04558336624271 0
7.507361383823957 15.14785013424746 0
2.298600351830076 34.51630337794299 0
5.689957368396746 20.50676127891671 0
4.693489285713863 9.87753016914626 0
1.989871157632305 5.166274407609905 0
6.896379115125201 28.31538455906117 0
4.325555559158774 39.11998567001067 0
9.677865765674669 34.07866396968943 0
9.40883502997319 33.66706789305338 0
4.491173224743124 15.7076926183134 0
4.847863528208343 13.21739775634412 0
9.355650159866839 32.8198048185136 0
7.917241092384279 29.1026366242299 0
13.7113590171473 26.31625945745346 0
9.302353756370609 31.97684049108079 0
8.808730840775349 31.99621422757015 0
8.761512357016288 31.16047476428485 0
7.247502736063489 30.39732265209871 0
0.8524957905608255 35.46508760688446 0
7.159821258220908 28.71680834910926 0
1.802441969687802 34.5481997618037 0
8.271680999635253 31.18070122606966 0
5.770429576329231 25.88811485406276 0
1.313393947206334 34.57824834170196 0
2.552343721221355 25.65768539011101 0
12.78213903054087 23.81637472137031 0
3.739155190887911 18.99656155421459 0
1.758747203329414 3.86472071796009 0
4.529468582107817 16.52637040933435 0
17.59022668078693 39.12061206325043 0
5.480302287143702 20.92322602455517 0
4.275062421261984 16.12971059234514 0
4.959506612390021 15.68100352503366 0
7.651734246384894 28.69546556770059 0
21.41364990644936 37.95933904005331 0
5.182906250983843 15.25879035430412 0
5.069490060707069 12.79111868143588 0
5.735759259410826 21.30827721096795 0
3.085047146507135 26.41064940053194 0
10.56429180375313 38.74430351701005 0
3.480466777149712 18.59609122268961 0
3.554737096486209 26.38339304483208 0
5.534833266123194 12.76207900520647 0
17.92806779750988 32.76169265415668 0
5.899325625942709 15.63467329780341 0
1.270229118158666 29.90816914579733 0
4.938534416791876 10.28172651624743 0
6.68808946831522 39.64003392377695 0
5.994075773724015 21.70232462383812 0
8.010844370931578 30.77617901581728 0
2.645324603597946 12.09597971320129 0
7.761682067622454 20.80855663914455 0
0.3990716880096907 4.249999999997816 0
7.514379260861988 30.80077965018031 0
9.234044615092635 23.07335541945111 0
4.882558184667905 22.99359882584152 0
4.430510384659403 8.55612077067881 0
4.074167656432956 21.82825850806112 0
5.669621089081409 10.65928244646109 0
3.685214484181806 39.60121012448563 0
1.453927781198257 11.72606064565049 0
6.128416554373391 15.20896088479537 0
0.7214349692210449 39.60852282056204 0
17.13861032166169 30.6680019904539 0
5.627950410096258 24.20978837159213 0
6.252381085304571 22.09573478235307 0
6.574785405881564 14.35401043010789 0
6.350776993422294 14.77901919591065 0
3.430934757559188 17.78378887744861 0
0.8380050380852874 10.95828399380669 0
17.67384956591816 32.35437825300509 0
14.40587659846698 38.84928843611443 0
7.029552929074711 14.34547087857414 0
0.8354740423354132 38.4686548100156 0
13.44321116681658 26.67545392464409 0
2.958631804497811 17.79115109208499 0
6.512458263460712 22.49377589975048 0
6.387179435793197 28.33047881568829 0
21.20495577147989 38.44963816241074 0
2.920930870228597 16.99395578259315 0
0.8661194758201122 17.55454393587221 0
1.317731807856503 22.03418732902909 0
1.499155303852963 17.05724963247586 0
3.392424393803361 21.45466558606975 0
9.872692004388707 38.31864771855753 0
12.72442537915103 24.60906550796087 0
18.18897910637834 33.17289427132957 0
6.77485627349205 22.89131993082795 0
17.89078484750002 39.56114868489926 0
12.62259376724721 27.13178350740161 0
5.449997254930176 11.11018864608462 0
1.151570968495399 6.66035267849183 0
2.447932854148229 17.00327974067 0
2.884359969447955 7.80963861154081 0
5.326452751794692 27.55976774776587 0
7.051135310845611 23.29796023816713 0
3.164488051772549 39.59392808680228 0
1.966792072705828 17.0304898430192 0
12.19997973809065 27.18610773201967 0
16.85362634827547 38.74739375221424 0
3.0155735574608 14.14005849340506 0
2.677423064932651 22.75334310632674 0
10.7481803539804 23.80762287372587 0
1.78473663271471 4.702420891010247 0
7.352537476294771 23.70091182274188 0
2.533206294229898 13.42443215705706 0
1.245579849550658 21.28966280136893 0
15.04448045927555 26.86825568615401 0
1.646466784911168 19.5767275536346 0
6.241863488980496 25.85935635346989 0
5.704252243451251 11.50470418858458 0
10.84399777688051 38.28312761834682 0
9.607819941412444 38.74037548023747 0
18.44532005288124 33.58537593280461 0
0.8837441854363925 5.748717557894676 0
2.273649012343782 23.56954142811603 0
1.018985641583468 30.36028588930235 0
1.701377182702508 20.34627977023377 0
6.247946566426968 13.14434293334687 0
0.8492719767387488 34.61783496473144 0
17.13301051626319 39.15198590909812 0
8.863194317620355 16.17467497731759 0
2.411189121206535 7.058791910530953 0
0.8586036892445459 27.57728434883051 0
0.9623542485358776 17.06992911169535 0
0.9029693799556038 12.91846094605021 0
8.305196237179739 17.2828576121048 0
13.03308930099092 25.04704352285675 0
1.302393609356213 29.04441753419401 0
16.18944647588058 39.19432673992812 0
10.06977771247329 23.95227759878446 0
2.841228606036819 39.16433997153796 0
8.187116493720094 22.80810506244329 0
0.8298279793013487 10.08554989656456 0
5.952916728479257 11.8923900652567 0
1.240655081431658 28.29250832518465 0
2.996732019226642 5.934688515944078 0
2.013992098545774 23.21263395530514 0
8.648408798820492 16.57390472015905 0
0.4569163816221551 23.12840424142388 0
1.564114882118295 4.322550238266105 0
1.71795899131273 13.83013013370792 0
0.4176997594838396 13.15483268461647 0
8.024528935515457 17.55035693676365 0
8.031670640020955 21.22032034021135 0
8.923187869022236 38.32946530164891 0
18.70752359089738 34.00386839831668 0
2.524118880001127 23.94464971728548 0
20.24248134293207 35.7849937058125 0
5.970909209413849 12.73058366818532 0
15.67872131283558 39.18281042454288 0
6.200878385817022 12.29910832276635 0
14.6346640065193 27.86422017107338 0
2.235227397371604 22.78610581903087 0
2.34077124410077 39.17317415753558 0
0.4752990436126434 16.83929401930926 0
3.135765518137227 21.90180479019895 0
13.53396857163416 25.08882609426222 0
2.902538747227425 22.33070869727408 0
0.3646701823258334 7.160822077159155 0
6.697562775830491 13.14247783518945 0
18.96729429090373 34.42029495962948 0
8.4100103299088 38.37917051671878 0
0.8078841483499251 37.55642589365592 0
9.524396922633461 17.25168628103745 0
15.37064209508808 38.77046215231746 0
15.36211518301171 28.06650593832073 0
20.96921643123918 37.07550075563524 0
6.955329088253196 13.55755868821687 0
1.838831740394493 39.17838105795406 0
2.815040453778214 25.27642641800381 0
1.264110502003765 16.72972174780596 0
7.872981755267963 19.54509158407549 0
0.8243140298958493 33.79147755605914 0
19.25405267494103 34.84872792635322 0
0.7551165479872525 4.482647687911283 0
8.158675147130158 38.78251204735304 0
2.657820663891703 15.0393601060614 0
0.8018939244338393 32.93375842180307 0
13.5210575547883 25.89097486651902 0
0.7537751634804604 31.99278250992592 0
2.799523400627533 13.75108464818978 0
0.3769676430039867 7.847381477234958 0
7.207726109099728 13.96925644057244 0
14.89150142669836 38.81058772335358 0
0.3148462622090494 3.320860591478009 0
0.3220509313131159 9.249999999992896 0
12.90111979809219 23.06801925735887 0
19.53820697430321 35.25782687385595 0
15.11746517663985 28.7474811414337 0
2.195581720645886 26.48559604159322 0
14.84473650828938 27.35940704959886 0
2.148482280977359 14.01064091192762 0
1.652439752992405 18.60130062321408 0
2.506898891622609 12.48904137085115 0
1.344222659001863 39.19173441868222 0
1.976874628699709 15.06793420296899 0
0.3163065884501249 30.75 0
0.9434922180944424 22.95638474030029 0
1.587149081903464 6.736104953622355 0
9.572047227277288 23.21636646405655 0
0.7878742790378062 8.430725457948892 0
0.3110695359070451 5.249999999999412 0
14.2303796435401 39.25420529876241 0
1.24621621172582 27.361200745221 0
7.45863757767696 14.37678025042809 0
21.41344434391634 38.81691566663456 0
2.117744647650885 23.90115532340117 0
1.382784006861316 2.998508551905115 0
15.39732207481291 29.05752374714084 0
2.730901659800173 5.516556326799822 0
1.864637958865856 11.5960665043961 0
0.3219526346333445 39.67727787798287 0
0.8245303028314513 39.19774798983845 0
0.300043670731523 36.75 0
19.92905559389731 35.19755090598675 0
1.405411570667774 4.688263475493537 0
1.2231885740008 23.22171414825653 0
0.3632937173440319 27.3707568234895 0
0.7579061396102781 35.96220690834139 0
7.708250574583977 38.81706939772992 0
7.684351566816284 14.77897491275013 0
13.06582858794261 26.58384936014705 0
8.347538023164478 18.08624831030624 0
13.74305336682723 39.27397643835745 0
21.13647606181133 39.26839134404516 0
11.80273179538238 26.67445338773199 0
1.160592081083275 17.79311037447312 0
8.293395197734682 21.65665851791467 0
20.39049879717587 36.48931847689592 0
16.10658723645753 29.3447088518943 0
8.520753275770621 22.78859634480454 0
19.99070519564491 36.00510601093784 0
0.747550528301949 11.46006116772087 0
0.305492534788877 26.73080587851626 0
2.839978961118602 7.114580517059972 0
11.98448349871842 26.32604865021118 0
3.10704538761109 24.69405004923836 0
9.405401444699573 16.89921000024049 0
1.735646619597445 25.36720755530754 0
1.602557631829096 26.61225311725362 0
7.490714413540456 39.18802081805317 0
7.890168907076673 15.12571141641009 0
11.74972054367684 25.96450742364916 0
0.7432382159468335 6.542770804904182 0
13.92589227390853 26.70595232946961 0
0.710046098282618 35.00017513043768 0
11.4811768535181 25.56307499287703 0
8.91486134071614 23.21212603306352 0
8.266341337382647 15.64019500806014 0
13.25204388875592 39.29118384133756 0
10.9256164514032 24.61530719629521 0
2.481835799426577 26.0865135779114 0
20.65571614825253 39.26201878242674 0
11.22302004189481 25.1785599493228 0
1.159950857980052 21.69660509482084 0
10.45341609224556 23.98855810023095 0
16.36801490039614 29.75564959058949 0
7.124748002748814 39.73429204743913 0
2.45775541415134 13.78581937751771 0
11.13999461582631 24.34075203875909 0
0.2732527899113017 22.746669619805 0
8.656316073137182 22.17221208981873 0
1.544223792392855 20.0005561381796 0
12.16684313977792 39.21789151317884 0
0.6916263188719489 10.49970185666053 0
14.36147516625625 26.74103437011571 0
1.150232217436141 28.69166762643417 0
12.79942367048174 39.30897637759752 0
6.561486421414264 39.26622782089785 0
7.880820997006512 20.45578347903661 0
8.612762962719239 15.56207546834701 0
16.60679702827581 30.1399353115073 0
0.7690622845446657 31.14214290558157 0
$EndNodes
$Elements
47 4919 1 4919
0 1 15 1
1 1 
0 2 15 1
2 2 
0 3 15 1
3 3 
0 4 15 1
4 4 
0 5 15 1
5 5 
0 6 15 1
6 6 
0 7 15 1
7 7 
0 8 15 1
8 8 
0 9 15 1
9 9 
0 10 15 1
10 10 
0 11 15 1
11 11 
0 12 15 1
12 12 
0 13 15 1
13 13 
0 14 15 1
14 14 
0 15 15 1
15 15 
0 16 15 1
16 16 
0 17 15 1
17 17 
1 1 1 80
18 1 18 
19 18 19 
20 19 20 
21 20 21 
22 21 22 
23 22 23 
24 23 24 
25 24 25 
26 25 26 
27 26 27 
28 27 28 
29 28 29 
30 29 30 
31 30 31 
32 31 32 
33 32 33 
34 33 34 
35 34 35 
36 35 36 
37 36 37 
38 37 38 
39 38 39 
40 39 40 
41 40 41 
42 41 42 
43 42 43 
44 43 44 
45 44 45 
46 45 46 
47 46 47 
48 47 48 
49 48 49 
50 49 50 
51 50 51 
52 51 52 
53 52 53 
54 53 54 
55 54 55 
56 55 56 
57 56 57 
58 57 58 
59 58 59 
60 59 60 
61 60 61 
62 61 62 
63 62 63 
64 63 64 
65 64 65 
66 65 66 
67 66 67 
68 67 68 
69 68 69 
70 69 70 
71 70 71 
72 71 72 
73 72 73 
74 73 74 
75 74 75 
76 75 76 
77 76 77 
78 77 78 
79 78 79 
80 79 80 
81 80 81 
82 81 82 
83 82 83 
84 83 84 
85 84 85 
86 85 86 
87 86 87 
88 87 88 
89 88 89 
90 89 90 
91 90 91 
92 91 92 
93 92 93 
94 93 94 
95 94 95 
96 95 96 
97 96 11 
1 2 1 47
98 11 97 
99 97 98 
100 98 99 
101 99 100 
102 100 101 
103 101 102 
104 102 103 
105 103 104 
106 104 105 
107 105 106 
108 106 107 
109 107 108 
110 108 109 
111 109 110 
112 110 111 
113 111 112 
114 112 113 
115 113 114 
116 114 115 
117 115 116 
118 116 117 
119 117 118 
120 118 119 
121 119 120 
122 120 121 
123 121 122 
124 122 123 
125 123 124 
126 124 125 
127 125 126 
128 126 127 
129 127 128 
130 128 129 
131 129 130 
132 130 131 
133 131 132 
134 132 133 
135 133 134 
136 134 135 
137 135 136 
138 136 137 
139 137 138 
140 138 139 
141 139 140 
142 140 141 
143 141 142 
144 142 12 
1 3 1 93
145 12 143 
146 143 144 
147 144 145 
148 145 146 
149 146 147 
150 147 148 
151 148 149 
152 149 150 
153 150 151 
154 151 152 
155 152 153 
156 153 154 
157 154 155 
158 155 156 
159 156 157 
160 157 158 
161 158 159 
162 159 160 
163 160 161 
164 161 162 
165 162 163 
166 163 164 
167 164 165 
168 165 166 
169 166 167 
170 167 168 
171 168 169 
172 169 170 
173 170 171 
174 171 172 
175 172 173 
176 173 174 
177 174 175 
178 175 176 
179 176 177 
180 177 178 
181 178 179 
182 179 180 
183 180 181 
184 181 182 
185 182 183 
186 183 184 
187 184 185 
188 185 186 
189 186 187 
190 187 188 
191 188 189 
192 189 190 
193 190 191 
194 191 192 
195 192 193 
196 193 194 
197 194 195 
198 195 196 
199 196 197 
200 197 198 
201 198 199 
202 199 200 
203 200 201 
204 201 202 
205 202 203 
206 203 204 
207 204 205 
208 205 206 
209 206 207 
210 207 208 
211 208 209 
212 209 210 
213 210 211 
214 211 212 
215 212 213 
216 213 214 
217 214 215 
218 215 216 
219 216 217 
220 217 218 
221 218 219 
222 219 220 
223 220 221 
224 221 222 
225 222 223 
226 223 224 
227 224 225 
228 225 226 
229 226 227 
230 227 228 
231 228 229 
232 229 230 
233 230 231 
234 231 232 
235 232 233 
236 233 234 
237 234 1 
1 4 1 6
238 1 235 
239 235 236 
240 236 237 
241 237 238 
242 238 239 
243 239 2 
1 5 1 4
244 2 240 
245 240 241 
246 241 242 
247 242 17 
1 6 1 6
248 17 243 
249 243 244 
250 244 245 
251 245 246 
252 246 247 
253 247 1 
1 7 1 6
254 3 248 
255 248 249 
256 249 250 
257 250 251 
258 251 252 
259 252 6 
1 8 1 5
260 6 253 
261 253 254 
262 254 255 
263 255 256 
264 256 5 
1 9 1 5
265 5 257 
266 257 258 
267 258 259 
268 259 260 
269 260 3 
1 10 1 6
270 7 261 
271 261 262 
272 262 263 
273 263 264 
274 264 265 
275 265 10 
1 11 1 5
276 10 266 
277 266 267 
278 267 268 
279 268 269 
280 269 9 
1 12 1 5
281 9 270 
282 270 271 
283 271 272 
284 272 273 
285 273 7 
1 13 1 6
286 13 274 
287 274 275 
288 275 276 
289 276 277 
290 277 278 
291 278 14 
1 14 1 6
292 14 279 
293 279 280 
294 280 281 
295 281 282 
296 282 283 
297 283 16 
1 15 1 7
298 16 284 
299 284 285 
300 285 286 
301 286 287 
302 287 288 
303 288 289 
304 289 15 
1 16 1 13
305 15 290 
306 290 291 
307 291 292 
308 292 293 
309 293 294 
310 294 295 
311 295 296 
312 296 297 
313 297 298 
314 298 299 
315 299 300 
316 300 301 
317 301 13 
1 17 1 21
318 2 302 
319 302 303 
320 303 304 
321 304 305 
322 305 306 
323 306 307 
324 307 308 
325 308 309 
326 309 310 
327 310 311 
328 311 312 
329 312 313 
330 313 314 
331 314 315 
332 315 316 
333 316 317 
334 317 318 
335 318 319 
336 319 320 
337 320 321 
338 321 3 
1 18 1 5
339 3 322 
340 322 323 
341 323 324 
342 324 325 
343 325 5 
1 19 1 5
344 5 326 
345 326 327 
346 327 328 
347 328 329 
348 329 6 
1 20 1 14
349 6 330 
350 330 331 
351 331 332 
352 332 333 
353 333 334 
354 334 335 
355 335 336 
356 336 337 
357 337 338 
358 338 339 
359 339 340 
360 340 341 
361 341 342 
362 342 7 
1 21 1 5
363 7 343 
364 343 344 
365 344 345 
366 345 346 
367 346 9 
1 22 1 5
368 9 347 
369 347 348 
370 348 349 
371 349 350 
372 350 10 
1 23 1 27
373 10 351 
374 351 352 
375 352 353 
376 353 354 
377 354 355 
378 355 356 
379 356 357 
380 357 358 
381 358 359 
382 359 360 
383 360 361 
384 361 362 
385 362 363 
386 363 364 
387 364 365 
388 365 366 
389 366 367 
390 367 368 
391 368 369 
392 369 370 
393 370 371 
394 371 372 
395 372 373 
396 373 374 
397 374 375 
398 375 376 
399 376 11 
1 24 1 47
400 11 377 
401 377 378 
402 378 379 
403 379 380 
404 380 381 
405 381 382 
406 382 383 
407 383 384 
408 384 385 
409 385 386 
410 386 387 
411 387 388 
412 388 389 
413 389 390 
414 390 391 
415 391 392 
416 392 393 
417 393 394 
418 394 395 
419 395 396 
420 396 397 
421 397 398 
422 398 399 
423 399 400 
424 400 401 
425 401 402 
426 402 403 
427 403 404 
428 404 405 
429 405 406 
430 406 407 
431 407 408 
432 408 409 
433 409 410 
434 410 411 
435 411 412 
436 412 413 
437 413 414 
438 414 415 
439 415 416 
440 416 417 
441 417 418 
442 418 419 
443 419 420 
444 420 421 
445 421 422 
446 422 12 
1 25 1 41
447 12 423 
448 423 424 
449 424 425 
450 425 426 
451 426 427 
452 427 428 
453 428 429 
454 429 430 
455 430 431 
456 431 432 
457 432 433 
458 433 434 
459 434 435 
460 435 436 
461 436 437 
462 437 438 
463 438 439 
464 439 440 
465 440 441 
466 441 442 
467 442 443 
468 443 444 
469 444 445 
470 445 446 
471 446 447 
472 447 448 
473 448 449 
474 449 450 
475 450 451 
476 451 452 
477 452 453 
478 453 454 
479 454 455 
480 455 456 
481 456 457 
482 457 458 
483 458 459 
484 459 460 
485 460 461 
486 461 462 
487 462 13 
1 26 1 13
488 13 463 
489 463 464 
490 464 465 
491 465 466 
492 466 467 
493 467 468 
494 468 469 
495 469 470 
496 470 471 
497 471 472 
498 472 473 
499 473 474 
500 474 15 
1 27 1 7
501 15 475 
502 475 476 
503 476 477 
504 477 478 
505 478 479 
506 479 480 
507 480 16 
1 28 1 35
508 16 481 
509 481 482 
510 482 483 
511 483 484 
512 484 485 
513 485 486 
514 486 487 
515 487 488 
516 488 489 
517 489 490 
518 490 491 
519 491 492 
520 492 493 
521 493 494 
522 494 495 
523 495 496 
524 496 497 
525 497 498 
526 498 499 
527 499 500 
528 500 501 
529 501 502 
530 502 503 
531 503 504 
532 504 505 
533 505 506 
534 506 507 
535 507 508 
536 508 509 
537 509 510 
538 510 511 
539 511 512 
540 512 513 
541 513 514 
542 514 17 
1 29 1 4
543 17 515 
544 515 516 
545 516 517 
546 517 2 
2 11 2 4373
547 1706 431 2546 
548 1606 564 1817 
549 1663 596 2342 
550 430 431 1706 
551 1692 2199 2443 
552 2237 1927 2490 
553 1796 1300 2445 
554 1786 2441 2472 
555 1927 525 2490 
556 1869 1588 2154 
557 596 2246 2342 
558 2199 1186 2443 
559 607 534 1710 
560 1211 1754 2171 
561 1965 1439 1966 
562 1765 595 1766 
563 480 16 2481 
564 1590 2206 2484 
565 1742 527 1744 
566 564 1606 1815 
567 1612 1296 1953 
568 1300 1796 2362 
569 2330 1844 2496 
570 1754 1211 2439 
571 1399 2362 2433 
572 1469 1523 1664 
573 1850 1764 2431 
574 1673 1556 2374 
575 1416 2184 2270 
576 505 506 1751 
577 444 445 2380 
578 1615 1618 2246 
579 1802 1349 2440 
580 1691 569 1692 
581 567 1757 2527 
582 1634 1641 2406 
583 2406 1641 2415 
584 1469 1664 1708 
585 2351 1605 2395 
586 1439 1965 1967 
587 572 1850 2431 
588 594 2351 2395 
589 1636 1686 2579 
590 2184 1416 2434 
591 2000 1183 2002 
592 1579 1869 2154 
593 1035 1637 1647 
594 1779 1197 2165 
595 1786 2397 2441 
596 1596 1837 2530 
597 643 641 1680 
598 2003 1383 2066 
599 1638 558 1689 
600 785 1673 2374 
601 1630 2330 2496 
602 521 1613 1635 
603 558 1638 1688 
604 1616 555 1635 
605 1681 600 1682 
606 2206 563 2484 
607 788 643 1680 
608 1646 788 1680 
609 2199 1692 2455 
610 527 1742 1788 
611 1831 2444 2474 
612 1682 600 1683 
613 659 657 1721 
614 595 1765 2492 
615 2444 1627 2474 
616 324 1490 2458 
617 1605 563 2206 
618 320 321 1703 
619 653 651 2381 
620 649 647 1687 
621 1686 1636 2548 
622 1837 1596 2390 
623 1692 569 2455 
624 563 1605 2351 
625 1479 607 1710 
626 728 649 1687 
627 1690 505 1751 
628 1183 1082 2002 
629 16 481 2481 
630 2440 1666 2535 
631 1474 9 1475 
632 1649 728 1687 
633 1477 2250 2341 
634 728 1649 1653 
635 1148 1634 2406 
636 526 443 1696 
637 1696 444 2380 
638 559 1657 1725 
639 1666 1767 2535 
640 1634 1148 2539 
641 524 1560 1660 
642 1472 536 1473 
643 1296 1612 2517 
644 2250 1661 2341 
645 711 655 1695 
646 502 503 1688 
647 1611 1610 2517 
648 1279 1278 1967 
649 2362 1795 2433 
650 503 558 1688 
651 1480 544 1481 
652 1480 2442 2459 
653 1658 711 1695 
654 1757 567 2321 
655 1652 1601 2217 
656 1610 2371 2517 
657 1686 530 2579 
658 1678 1269 2088 
659 1560 598 1665 
660 1641 856 2415 
661 655 653 1695 
662 2441 597 2472 
663 1967 568 2570 
664 1439 1809 1966 
665 479 603 1639 
666 856 1641 2543 
667 1639 603 1640 
668 1183 2000 2003 
669 443 444 1696 
670 711 1658 1668 
671 1365 1456 1729 
672 788 1646 1768 
673 576 1701 1702 
674 1670 556 1671 
675 1678 2088 2417 
676 1695 653 2381 
677 1614 1615 2246 
678 2442 1703 2459 
679 1552 2166 2282 
680 581 1652 2433 
681 1768 1440 2372 
682 1674 526 1696 
683 1452 1928 2373 
684 414 559 1725 
685 1675 1065 1728 
686 1797 1796 2445 
687 1065 879 1728 
688 1757 1756 2527 
689 2165 1197 2510 
690 1372 1731 1938 
691 1349 1802 2452 
692 1925 1551 2490 
693 1689 1707 2410 
694 5 326 605 
695 346 9 1474 
696 534 327 1710 
697 506 561 1751 
698 1642 1507 2540 
699 1637 1035 2528 
700 324 325 1490 
701 1784 1413 2411 
702 1739 591 1740 
703 431 554 2546 
704 1635 1613 2419 
705 1616 1635 2419 
706 524 348 1560 
707 345 536 1472 
708 536 1474 1505 
709 310 1694 2476 
710 323 544 1480 
711 433 1648 2465 
712 576 1702 1730 
713 1507 1642 2460 
714 328 597 1710 
715 1694 310 2499 
716 1648 433 2532 
717 1471 1733 1851 
718 1644 1967 2570 
719 1348 1665 1835 
720 6 330 2472 
721 349 598 1560 
722 504 505 1690 
723 1329 1471 1851 
724 599 344 1472 
725 2166 1552 2422 
726 1183 2003 2066 
727 1588 1869 2390 
728 1667 1383 2003 
729 1657 559 1809 
730 1700 1684 2344 
731 1323 1768 1939 
732 1993 2230 2302 
733 342 7 2456 
734 1413 1729 2411 
735 1668 2339 2426 
736 526 1674 1697 
737 1628 1830 2342 
738 591 1739 2102 
739 922 659 1721 
740 657 711 1721 
741 2461 2228 2545 
742 1618 1628 2246 
743 2440 1349 2521 
744 1609 531 1723 
745 1608 2461 2545 
746 576 320 1703 
747 5 605 2513 
748 2356 1999 2428 
749 1082 1151 2002 
750 1955 2523 2542 
751 1721 1668 2426 
752 1965 568 1967 
753 1297 2033 2483 
754 1830 1628 2402 
755 1740 591 1788 
756 1496 2469 2508 
757 513 1700 2344 
758 1652 2217 2433 
759 1923 1616 2419 
760 1551 1925 2436 
761 2523 1645 2542 
762 1612 1953 2447 
763 2033 1297 2506 
764 536 1505 2524 
765 1600 1702 2377 
766 1831 1830 2402 
767 1644 1279 1967 
768 1278 1439 1967 
769 413 414 1725 
770 1941 1633 2568 
771 1710 597 2488 
772 2102 1739 2323 
773 1928 552 2373 
774 879 881 1728 
775 7 343 2456 
776 1633 1941 2571 
777 1659 2230 2339 
778 1413 1365 1729 
779 387 388 1788 
780 2400 1789 2473 
781 587 2222 2380 
782 1676 1592 2438 
783 544 324 2458 
784 1592 2199 2455 
785 580 1669 1948 
786 329 6 2472 
787 1831 2402 2444 
788 1556 1680 2374 
789 1809 559 1966 
790 2438 1592 2455 
791 2453 508 2527 
792 1752 1754 2439 
793 445 587 2380 
794 2006 2401 2429 
795 318 319 1730 
796 586 1750 2575 
797 1478 2346 2405 
798 1477 1475 2250 
799 552 1928 1929 
800 2086 1929 2320 
801 1702 1600 2550 
802 1778 2184 2434 
803 599 1472 2534 
804 2012 2479 2493 
805 540 2102 2323 
806 1750 586 2558 
807 513 514 1700 
808 1610 530 1686 
809 1440 1687 2372 
810 521 1611 1612 
811 2469 2036 2508 
812 1456 1728 1729 
813 2401 1202 2429 
814 1614 555 1615 
815 2413 1589 2448 
816 1065 1675 2230 
817 1809 1299 2120 
818 1682 1684 1700 
819 1372 1638 1731 
820 2479 1283 2493 
821 1664 1523 2489 
822 1670 1563 1909 
823 2222 587 2589 
824 2467 1558 2482 
825 1731 1204 1938 
826 539 1604 2566 
827 2033 2506 2526 
828 1790 1716 2394 
829 1742 1740 1788 
830 1414 1413 1784 
831 1604 539 2559 
832 1835 1665 2521 
833 2032 2033 2526 
834 598 350 2551 
835 577 1662 2424 
836 1414 1784 1790 
837 1703 321 2459 
838 558 504 1690 
839 1668 1659 2339 
840 1984 2467 2482 
841 557 2413 2448 
842 1699 550 2055 
843 1677 1424 2579 
844 15 531 1609 
845 1752 2439 2552 
846 1731 1689 2410 
847 441 442 1811 
848 1905 2086 2320 
849 473 553 1608 
850 1616 1923 2577 
851 1708 551 1709 
852 552 1929 2086 
853 1795 581 2433 
854 811 819 1808 
855 809 811 1781 
856 1651 520 2314 
857 651 728 2381 
858 1328 1182 1718 
859 2321 2153 2420 
860 711 1668 1721 
861 1781 811 1808 
862 1323 1440 1768 
863 1768 1646 1939 
864 525 1925 2490 
865 1699 1567 2298 
866 553 474 1609 
867 2230 1659 2302 
868 1766 595 2519 
869 1796 1795 2362 
870 1328 1718 1722 
871 1652 581 2514 
872 1707 1281 2410 
873 472 1608 1677 
874 484 1676 2438 
875 1756 2453 2527 
876 1680 641 2374 
877 2491 1986 2505 
878 1369 1368 2355 
879 530 471 1677 
880 470 530 1610 
881 547 1905 2363 
882 1712 1885 2300 
883 1993 1065 2230 
884 469 1610 1611 
885 1505 1476 2122 
886 1701 576 1703 
887 1432 2416 2437 
888 1767 598 2551 
889 521 468 1611 
890 2217 1399 2433 
891 1035 1647 2367 
892 467 521 1635 
893 555 466 1635 
894 465 555 1614 
895 1734 814 1885 
896 596 464 1614 
897 1346 1344 1823 
898 1673 785 2400 
899 1687 647 2372 
900 556 1670 2503 
901 319 576 1730 
902 2129 1541 2513 
903 1223 2356 2428 
904 596 1614 2246 
905 1476 1672 2122 
906 347 524 2556 
907 1673 2400 2473 
908 1837 604 2530 
909 524 2250 2556 
910 1662 577 2583 
911 1885 814 2300 
912 388 527 1788 
913 591 387 1788 
914 1722 2296 2334 
915 549 318 1730 
916 1426 1718 1719 
917 531 475 1664 
918 1908 540 2323 
919 1664 476 1708 
920 1679 1678 2417 
921 1671 556 2450 
922 478 479 1639 
923 1744 527 2586 
924 1824 896 2081 
925 660 662 1724 
926 1424 1677 2545 
927 728 1653 2381 
928 502 1688 2373 
929 1688 1452 2373 
930 1507 1325 1709 
931 2270 2184 2423 
932 1689 558 1690 
933 1711 789 1713 
934 789 1512 1713 
935 1890 1889 2328 
936 2000 2001 2003 
937 477 551 1708 
938 788 1768 2372 
939 1414 1790 2394 
940 1713 1512 1732 
941 654 656 1886 
942 1469 1708 1709 
943 541 2491 2505 
944 1291 2435 2466 
945 1657 1809 2120 
946 1732 1512 2107 
947 1905 2320 2363 
948 1439 1299 1809 
949 1638 1689 1731 
950 2360 589 2387 
951 1423 1771 1772 
952 662 789 1724 
953 789 1711 1724 
954 2412 954 2421 
955 1553 1443 2357 
956 819 882 1808 
957 1352 1732 2107 
958 2346 546 2405 
959 821 809 1781 
960 554 1921 2546 
961 1175 1254 2043 
962 540 1908 2376 
963 886 1945 2305 
964 1254 1748 2043 
965 589 1811 2387 
966 2375 1717 2407 
967 1907 1335 2325 
968 1474 1475 1476 
969 1706 1590 2484 
970 1223 2006 2356 
971 821 1704 1823 
972 560 1693 2499 
973 1481 544 1482 
974 1704 821 1781 
975 1773 1775 1779 
976 2322 1441 2336 
977 524 1660 1661 
978 442 526 1811 
979 589 441 1811 
980 1908 1589 2376 
981 1197 1779 2425 
982 1833 1369 2355 
983 1493 1716 1790 
984 1862 1920 2291 
985 814 1734 1886 
986 1716 1493 1791 
987 596 1663 2504 
988 1776 2077 2183 
989 1718 1182 1719 
990 1101 1720 1945 
991 567 2153 2321 
992 1682 1683 1684 
993 820 1726 1956 
994 1326 1120 1722 
995 1639 1640 1642 
996 573 2375 2407 
997 1338 1769 2254 
998 747 745 1957 
999 1718 1326 1722 
1000 1672 1057 2554 
1001 1715 1353 1824 
1002 1325 1469 1709 
1003 1765 1685 2492 
1004 749 747 2240 
1005 1704 1346 1823 
1006 1775 1777 1779 
1007 695 1890 2328 
1008 1441 1426 2336 
1009 2006 1223 2401 
1010 743 741 1972 
1011 1844 1843 2496 
1012 2296 1418 2334 
1013 553 1609 2587 
1014 1683 600 2369 
1015 747 1957 2240 
1016 1423 1772 2165 
1017 1426 1719 2336 
1018 1665 598 1666 
1019 2376 1589 2413 
1020 1945 1720 2305 
1021 1676 484 2588 
1022 2246 1628 2342 
1023 1553 2385 2392 
1024 1353 1715 1823 
1025 1699 2298 2531 
1026 1541 2129 2494 
1027 1773 1774 1775 
1028 1344 1353 1823 
1029 1669 580 2495 
1030 1297 2036 2469 
1031 3 322 2459 
1032 1715 1824 2081 
1033 1660 1348 2507 
1034 1472 1473 1864 
1035 1936 2083 2265 
1036 1920 1351 2291 
1037 1793 1237 2224 
1038 1640 603 1691 
1039 1100 2166 2422 
1040 1727 1079 1971 
1041 335 571 1774 
1042 565 1801 1802 
1043 1531 1907 2325 
1044 1294 1115 1924 
1045 1893 2333 2338 
1046 2143 1714 2168 
1047 1935 1747 1936 
1048 954 654 1886 
1049 1936 1747 2083 
1050 2333 686 2338 
1051 963 965 1897 
1052 1763 2321 2420 
1053 1732 1352 2168 
1054 1935 1062 2029 
1055 1747 1935 2029 
1056 1670 1909 2503 
1057 321 3 2459 
1058 820 1956 1957 
1059 2036 1297 2483 
1060 1778 2183 2184 
1061 2385 813 2392 
1062 1890 2331 2332 
1063 1728 881 1729 
1064 1720 1101 2168 
1065 745 820 1957 
1066 656 814 1886 
1067 1778 1776 2183 
1068 1769 896 1824 
1069 2029 1062 2214 
1070 2331 953 2332 
1071 1921 554 2549 
1072 1079 1727 1972 
1073 526 1697 1811 
1074 1075 1135 2277 
1075 1328 1722 2334 
1076 302 303 600 
1077 334 335 1774 
1078 1769 1824 2254 
1079 557 2448 2471 
1080 1849 1237 2303 
1081 1080 1735 1737 
1082 516 517 1681 
1083 1235 1408 1792 
1084 1283 1175 2043 
1085 1717 547 2363 
1086 1726 820 1972 
1087 1772 1773 2165 
1088 1792 1793 2224 
1089 1661 2507 2569 
1090 1237 1793 2303 
1091 1783 1782 1861 
1092 1748 1254 2083 
1093 1782 1135 1861 
1094 1724 1712 2300 
1095 521 1612 1613 
1096 1615 555 1616 
1097 1851 1332 2449 
1098 1697 1674 1924 
1099 2003 2001 2581 
1100 2416 1969 2437 
1101 565 353 1801 
1102 1121 1327 1791 
1103 1774 571 1775 
1104 1327 1716 1791 
1105 2264 1553 2357 
1106 331 570 1786 
1107 570 332 1770 
1108 1735 1080 1787 
1109 1418 1238 2370 
1110 2083 1254 2265 
1111 1769 1338 2200 
1112 474 15 1609 
1113 570 1770 1771 
1114 1593 1594 2547 
1115 1135 1782 2277 
1116 535 1818 1819 
1117 2235 1822 2297 
1118 741 1079 1972 
1119 820 743 1972 
1120 2341 1661 2569 
1121 2132 2512 2530 
1122 1787 969 2064 
1123 566 1698 2561 
1124 1751 561 1752 
1125 531 1664 2489 
1126 1880 1394 2312 
1127 970 973 1931 
1128 1852 2232 2271 
1129 1785 878 2352 
1130 535 338 1818 
1131 1679 2417 2498 
1132 973 1930 1931 
1133 1057 1672 2487 
1134 967 969 1787 
1135 1272 1803 1812 
1136 583 1667 2581 
1137 1493 1235 1792 
1138 2547 1594 2574 
1139 752 749 2240 
1140 1115 1252 1924 
1141 1674 1294 1924 
1142 530 1677 2579 
1143 1062 963 1897 
1144 1661 1660 2507 
1145 520 1651 2590 
1146 1062 1897 2214 
1147 1792 1408 1793 
1148 965 1080 1897 
1149 1714 1732 2168 
1150 1920 886 2305 
1151 2057 952 2085 
1152 1394 752 2245 
1153 752 2240 2245 
1154 1693 560 2518 
1155 2131 557 2471 
1156 1914 537 2335 
1157 1780 2057 2085 
1158 660 1724 2300 
1159 1101 2143 2168 
1160 1889 1907 2328 
1161 1352 1720 2168 
1162 1338 1196 2200 
1163 2383 2196 2384 
1164 2077 535 2183 
1165 2232 630 2271 
1166 1639 1642 2540 
1167 969 1931 2064 
1168 701 1780 2085 
1169 1807 947 1947 
1170 1665 1666 2521 
1171 1080 967 1787 
1172 1803 1523 1812 
1173 1689 1690 1707 
1174 1780 701 2037 
1175 2040 589 2360 
1176 1288 1603 1864 
1177 1037 1404 1825 
1178 1814 564 1815 
1179 1825 1404 1826 
1180 1805 1807 1947 
1181 1443 1825 1826 
1182 2037 701 2082 
1183 1379 1805 1947 
1184 354 1798 1801 
1185 547 1717 2375 
1186 1861 1862 2291 
1187 1807 2037 2082 
1188 600 303 2369 
1189 1186 1089 2286 
1190 1080 1737 1897 
1191 1368 1705 2355 
1192 543 334 1774 
1193 969 970 1931 
1194 1805 1379 1806 
1195 1121 1791 2224 
1196 1878 1241 2208 
1197 1608 553 2461 
1198 1474 1476 1505 
1199 947 1807 2082 
1200 1770 543 1772 
1201 571 336 2077 
1202 340 564 1814 
1203 1542 1785 2352 
1204 330 331 1786 
1205 1791 1493 1792 
1206 1535 2235 2297 
1207 1881 1239 2242 
1208 1925 579 2436 
1209 331 332 570 
1210 1335 1336 2325 
1211 1476 1475 1477 
1212 1766 572 2431 
1213 1801 1799 1802 
1214 333 543 1770 
1215 1806 1379 1810 
1216 1722 1120 2296 
1217 338 339 1818 
1218 1424 1636 2579 
1219 1776 571 2077 
1220 1336 1727 2324 
1221 1772 543 1773 
1222 779 790 1828 
1223 2145 1168 2191 
1224 1930 973 1932 
1225 1606 1817 2515 
1226 353 354 1801 
1227 551 1639 2540 
1228 354 355 1798 
1229 1336 2324 2325 
1230 911 915 1849 
1231 1794 581 1795 
1232 2443 1186 2460 
1233 1705 1808 2358 
1234 1182 680 2329 
1235 357 581 1794 
1236 1269 1678 2494 
1237 1950 1949 2192 
1238 2230 1675 2339 
1239 1200 1442 1804 
1240 2225 1866 2276 
1241 1784 1236 1790 
1242 1821 1932 2148 
1243 1877 1878 2208 
1244 2355 1705 2358 
1245 1308 1723 1803 
1246 473 474 553 
1247 1409 1075 2277 
1248 535 1819 2183 
1249 1123 1272 1812 
1250 953 1893 2332 
1251 1378 1384 1810 
1252 1773 1779 2165 
1253 1798 1799 1801 
1254 1236 1493 1790 
1255 899 1356 1800 
1256 1308 1538 1723 
1257 1239 2238 2242 
1258 1020 1022 1813 
1259 1775 571 1776 
1260 1498 1409 2274 
1261 482 483 569 
1262 1828 790 1849 
1263 1719 1182 2329 
1264 625 628 1865 
1265 1072 1037 1825 
1266 1272 1308 1803 
1267 915 1237 1849 
1268 352 353 565 
1269 1481 1482 1483 
1270 1032 1192 1789 
1271 1584 1735 1787 
1272 917 1121 2224 
1273 1348 1660 2557 
1274 2131 2471 2486 
1275 2274 1409 2277 
1276 922 1870 1882 
1277 1932 973 2148 
1278 1847 2145 2191 
1279 1900 1902 2138 
1280 333 334 543 
1281 2158 1518 2202 
1282 1775 1776 1777 
1283 1003 1000 2124 
1284 340 341 564 
1285 1379 1378 1810 
1286 2057 1498 2273 
1287 1131 1186 2199 
1288 2435 1855 2466 
1289 791 1950 2192 
1290 1727 1726 1972 
1291 1022 1025 1813 
1292 974 971 1847 
1293 332 333 1770 
1294 1794 1795 1796 
1295 1902 1076 2138 
1296 1239 1881 2247 
1297 1557 1558 2446 
1298 1341 1339 1342 
1299 319 320 576 
1300 2113 1508 2200 
1301 1836 1078 2179 
1302 1771 1770 1772 
1303 1059 1822 2091 
1304 902 905 2111 
1305 1341 1342 1343 
1306 1893 953 2333 
1307 1343 1344 1345 
1308 1615 1616 1617 
1309 533 356 1794 
1310 1814 1815 1816 
1311 2202 1834 2218 
1312 2273 1498 2274 
1313 2238 1878 2242 
1314 355 356 533 
1315 1356 2158 2202 
1316 857 859 1919 
1317 1508 1769 2200 
1318 1442 1443 1553 
1319 1964 2156 2193 
1320 1325 1224 1469 
1321 1877 1901 1915 
1322 533 1794 1796 
1323 1025 1032 1789 
1324 1007 2225 2276 
1325 1821 985 2094 
1326 1397 1150 2167 
1327 1343 1342 1344 
1328 1345 1346 1347 
1329 1929 2235 2320 
1330 532 457 1842 
1331 461 1663 1829 
1332 1438 1282 1487 
1333 1021 1019 1852 
1334 1000 998 2124 
1335 1032 1103 1192 
1336 1469 1224 1523 
1337 339 340 1814 
1338 1715 821 1823 
1339 896 802 2081 
1340 1167 1526 1871 
1341 1862 1919 1920 
1342 905 901 906 
1343 1810 1384 1836 
1344 335 336 571 
1345 790 911 1849 
1346 1394 2245 2312 
1347 375 604 1837 
1348 1351 1920 2305 
1349 1301 1338 1339 
1350 1394 1880 2093 
1351 1345 1344 1346 
1352 1777 1776 1778 
1353 1340 1339 1341 
1354 1848 1397 2167 
1355 1879 1881 2242 
1356 1752 561 1753 
1357 1016 1017 1122 
1358 1916 2278 2292 
1359 1282 1200 1804 
1360 1028 1021 1852 
1361 472 473 1608 
1362 781 779 1828 
1363 574 1854 1855 
1364 532 1842 1843 
1365 1025 1789 1813 
1366 1810 1836 2179 
1367 603 480 2481 
1368 905 906 1016 
1369 1901 1877 2208 
1370 1241 1878 2238 
1371 1018 2144 2207 
1372 901 899 1800 
1373 1442 1199 1443 
1374 1196 1138 2200 
1375 624 625 1865 
1376 1954 1509 1955 
1377 1584 1787 2064 
1378 892 1057 1832 
1379 2084 991 2290 
1380 1436 2094 2142 
1381 520 1652 2514 
1382 1508 2113 2177 
1383 1707 1690 1751 
1384 1954 421 2146 
1385 625 627 628 
1386 1198 1072 1199 
1387 533 1796 1797 
1388 1089 1015 2259 
1389 1200 1199 1442 
1390 458 1841 1842 
1391 797 787 798 
1392 1083 974 1847 
1393 1037 1028 1404 
1394 1404 1028 1852 
1395 618 619 620 
1396 308 566 1850 
1397 524 1661 2250 
1398 786 781 787 
1399 1238 1894 1895 
1400 2040 2360 2403 
1401 620 621 624 
1402 985 1821 2148 
1403 1013 1011 2091 
1404 859 886 1919 
1405 1090 1418 1856 
1406 1838 1083 1845 
1407 1847 971 2145 
1408 1890 695 2331 
1409 2 302 2502 
1410 1131 1089 1186 
1411 1347 1368 1369 
1412 903 907 1933 
1413 1213 1287 1288 
1414 1407 1449 2244 
1415 355 533 1798 
1416 548 494 1853 
1417 574 492 1854 
1418 542 490 1857 
1419 575 488 1858 
1420 487 575 1859 
1421 1487 1282 1804 
1422 1038 1015 1089 
1423 1083 1838 1910 
1424 902 901 905 
1425 1860 1367 1862 
1426 1238 1091 1894 
1427 1955 1509 2058 
1428 798 799 800 
1429 888 889 892 
1430 1198 1199 1200 
1431 798 787 799 
1432 1345 1347 1348 
1433 1301 1196 1338 
1434 638 2155 2178 
1435 1487 1804 1863 
1436 357 358 581 
1437 1122 1123 1812 
1438 808 809 821 
1439 892 893 1057 
1440 882 883 888 
1441 1016 906 1017 
1442 802 803 804 
1443 316 1917 1918 
1444 808 806 809 
1445 1870 1362 1882 
1446 1868 578 1869 
1447 1390 1178 1866 
1448 801 800 802 
1449 1032 1102 1103 
1450 1889 1906 1907 
1451 1989 1988 2236 
1452 1367 857 1919 
1453 2113 980 2177 
1454 1011 1059 2091 
1455 804 806 808 
1456 802 800 803 
1457 1103 1213 1820 
1458 1834 1124 2218 
1459 792 1989 2236 
1460 1139 1122 1224 
1461 1733 1471 2421 
1462 1901 1899 1915 
1463 457 458 1842 
1464 1347 1346 1368 
1465 458 459 1841 
1466 1052 892 1832 
1467 1949 1397 2192 
1468 562 1829 1830 
1469 337 338 535 
1470 778 774 1903 
1471 461 462 1663 
1472 1800 1356 2202 
1473 1241 2197 2208 
1474 900 899 901 
1475 1509 1954 2146 
1476 892 889 893 
1477 895 624 897 
1478 1951 1950 2216 
1479 914 1090 1856 
1480 375 376 604 
1481 780 779 781 
1482 2183 1819 2184 
1483 1817 564 2578 
1484 1885 1712 2110 
1485 888 883 889 
1486 819 880 882 
1487 2094 985 2142 
1488 804 805 806 
1489 1875 919 1879 
1490 1057 893 1058 
1491 910 778 1903 
1492 1178 1176 1866 
1493 317 549 1917 
1494 1232 1332 1851 
1495 1582 1577 1872 
1496 562 460 1829 
1497 997 1100 1911 
1498 661 922 1882 
1499 1712 1330 2110 
1500 373 578 1868 
1501 890 891 1911 
1502 1367 1860 1883 
1503 624 621 625 
1504 882 880 883 
1505 1667 2003 2581 
1506 339 1814 1818 
1507 899 897 1356 
1508 620 619 621 
1509 356 357 1794 
1510 628 627 629 
1511 1058 1085 1113 
1512 1091 1093 1894 
1513 907 1034 1933 
1514 1025 1031 1032 
1515 1865 628 2158 
1516 1552 1482 1559 
1517 578 374 1837 
1518 304 305 595 
1519 1899 767 1915 
1520 911 913 915 
1521 1056 883 1993 
1522 1884 1018 1982 
1523 1880 919 2093 
1524 2156 1836 2193 
1525 1879 919 1880 
1526 760 919 1875 
1527 1288 1287 1603 
1528 1240 1887 1891 
1529 572 307 1850 
1530 1518 1834 2202 
1531 577 1873 1874 
1532 883 880 1993 
1533 2227 792 2236 
1534 915 913 916 
1535 888 892 1052 
1536 1845 1083 1847 
1537 915 916 917 
1538 1124 1834 2188 
1539 1733 1232 1851 
1540 1123 1125 1272 
1541 1271 1422 1547 
1542 1846 2191 2248 
1543 1199 1072 1825 
1544 787 781 1827 
1545 620 624 895 
1546 1887 1888 1891 
1547 1086 874 2213 
1548 1951 2216 2227 
1549 1555 1556 1673 
1550 1138 982 2113 
1551 1104 982 1138 
1552 1556 1646 1680 
1553 1573 1574 1575 
1554 2293 1827 2303 
1555 1195 1138 1196 
1556 1345 1348 1835 
1557 1871 1526 2163 
1558 1571 1572 1573 
1559 1404 1852 2271 
1560 1252 1521 2150 
1561 1573 1572 1574 
1562 1889 1242 1906 
1563 1884 1982 2022 
1564 921 1376 2099 
1565 1269 869 2088 
1566 1327 1441 1716 
1567 1240 1095 1887 
1568 495 573 1853 
1569 1204 1069 1938 
1570 777 778 779 
1571 1293 1282 1438 
1572 306 307 572 
1573 1518 1510 1834 
1574 1421 1264 1910 
1575 493 548 1854 
1576 491 574 1857 
1577 539 486 1859 
1578 489 542 1858 
1579 997 999 1100 
1580 1862 1367 1919 
1581 1192 1103 1820 
1582 779 778 790 
1583 1824 1353 2254 
1584 1044 878 1785 
1585 1456 1457 1675 
1586 775 1877 1915 
1587 2221 1506 2259 
1588 1971 1970 2147 
1589 1846 2248 2262 
1590 1176 1003 2124 
1591 1903 1900 2138 
1592 1361 1359 1822 
1593 1242 1099 1906 
1594 1822 1359 2091 
1595 1443 1199 1825 
1596 1207 1205 1281 
1597 1577 1576 1872 
1598 1575 1574 1576 
1599 1761 1759 1763 
1600 1277 1178 1390 
1601 891 997 1911 
1602 663 661 1882 
1603 1506 1507 2286 
1604 560 312 1909 
1605 1928 1361 1929 
1606 1511 1943 2041 
1607 1034 1270 1271 
1608 1158 1066 1359 
1609 1489 1232 1733 
1610 1243 1510 1518 
1611 1365 1364 1456 
1612 2111 2221 2259 
1613 1627 1843 2474 
1614 1576 1586 1872 
1615 804 803 805 
1616 917 1120 1121 
1617 809 810 811 
1618 460 461 1829 
1619 1990 1989 2256 
1620 1360 1359 1361 
1621 897 624 1865 
1622 1230 1231 1232 
1623 1232 1231 1332 
1624 1363 1362 1364 
1625 1571 1570 1572 
1626 2179 1940 2226 
1627 556 315 1918 
1628 1016 1122 1139 
1629 2197 1902 2208 
1630 1018 1884 2144 
1631 917 916 1120 
1632 1224 1122 1812 
1633 308 309 566 
1634 777 774 778 
1635 459 460 562 
1636 786 787 797 
1637 915 917 1237 
1638 1327 1426 1441 
1639 1583 1589 1908 
1640 1943 1511 1944 
1641 374 375 1837 
1642 780 781 786 
1643 1838 1421 1910 
1644 765 775 1915 
1645 755 753 2093 
1646 1800 2202 2218 
1647 1594 1607 2574 
1648 316 317 1917 
1649 1575 1576 1577 
1650 1898 1105 2101 
1651 1921 1554 1926 
1652 497 498 547 
1653 2118 1518 2158 
1654 495 496 573 
1655 909 851 1883 
1656 493 494 548 
1657 491 492 574 
1658 1201 1200 1282 
1659 489 490 542 
1660 485 486 539 
1661 487 488 575 
1662 1821 1571 1932 
1663 1243 1244 1510 
1664 1020 1813 2185 
1665 1569 1570 1571 
1666 851 852 1883 
1667 1456 1364 1457 
1668 1285 1921 1926 
1669 1360 1361 1928 
1670 898 897 899 
1671 1113 1085 1114 
1672 423 422 12 
1673 1140 1912 2097 
1674 1443 1826 2357 
1675 1376 1937 2099 
1676 1737 1738 2214 
1677 774 773 1903 
1678 577 455 1873 
1679 471 472 1677 
1680 1052 1832 1833 
1681 579 367 1914 
1682 1879 1880 1881 
1683 1476 1477 1672 
1684 1139 1224 1325 
1685 805 1167 1871 
1686 1583 1582 1589 
1687 1300 1196 1301 
1688 1900 1901 1902 
1689 616 617 618 
1690 532 1843 1844 
1691 960 977 1916 
1692 1344 1342 1353 
1693 1556 1468 1646 
1694 532 1844 1873 
1695 1638 1452 1688 
1696 852 855 1883 
1697 1521 2144 2150 
1698 1058 1084 1085 
1699 1121 1326 1327 
1700 1167 1236 1526 
1701 1581 1577 1582 
1702 1295 2222 2263 
1703 826 1140 2097 
1704 1576 1578 1586 
1705 311 312 560 
1706 1362 666 1882 
1707 773 1899 1900 
1708 550 372 1868 
1709 1228 1229 1230 
1710 1896 923 1943 
1711 790 910 911 
1712 801 802 896 
1713 2144 1521 2207 
1714 366 579 1925 
1715 635 637 638 
1716 1407 1448 1449 
1717 1569 1571 1821 
1718 1452 1360 1928 
1719 1243 1518 2118 
1720 884 1101 1945 
1721 666 663 1882 
1722 1090 1238 1418 
1723 798 800 801 
1724 373 374 578 
1725 1119 1117 1939 
1726 1873 1844 1874 
1727 1581 1582 1583 
1728 770 767 1899 
1729 1121 1120 1326 
1730 1356 1865 2158 
1731 1150 1081 2167 
1732 1158 1359 1360 
1733 923 1896 1982 
1734 925 927 1994 
1735 1530 1971 2147 
1736 629 631 632 
1737 1892 1891 1893 
1738 1240 1891 1892 
1739 1547 1422 1550 
1740 1456 1675 1728 
1741 1943 923 2041 
1742 317 318 549 
1743 1428 1312 1429 
1744 1170 1069 1204 
1745 1377 1947 2078 
1746 1555 1468 1556 
1747 618 617 619 
1748 1078 1836 2156 
1749 1919 886 1920 
1750 326 327 534 
1751 857 856 858 
1752 314 315 556 
1753 775 1875 1876 
1754 753 1394 2093 
1755 911 912 913 
1756 855 856 857 
1757 1900 1899 1901 
1758 1230 1229 1231 
1759 364 525 1927 
1760 1483 1552 2282 
1761 763 760 1875 
1762 1580 1577 1581 
1763 857 858 859 
1764 1264 979 1910 
1765 1585 1583 1908 
1766 863 860 864 
1767 1090 1091 1238 
1768 859 858 860 
1769 1129 1225 1226 
1770 1877 1876 1878 
1771 362 580 1948 
1772 772 770 773 
1773 1363 1364 1365 
1774 809 806 810 
1775 773 1900 1903 
1776 1042 1128 1129 
1777 811 818 819 
1778 819 879 880 
1779 945 1979 1981 
1780 1129 1128 1225 
1781 859 860 863 
1782 765 763 775 
1783 863 884 1945 
1784 914 1077 1090 
1785 863 864 884 
1786 547 498 1905 
1787 884 864 885 
1788 1569 1821 2094 
1789 307 308 1850 
1790 1566 1568 1569 
1791 1343 1345 1835 
1792 1285 1926 2038 
1793 605 534 606 
1794 1042 1041 1128 
1795 1982 1896 2022 
1796 1296 1229 1953 
1797 1887 1242 1888 
1798 894 1041 1042 
1799 456 457 532 
1800 773 770 1899 
1801 894 885 1041 
1802 1420 1264 1421 
1803 843 918 1934 
1804 1860 909 1883 
1805 884 885 894 
1806 1396 1898 2101 
1807 908 904 1015 
1808 1944 1511 1994 
1809 494 495 1853 
1810 492 493 1854 
1811 490 491 1857 
1812 488 489 1858 
1813 486 487 1859 
1814 1930 1580 1931 
1815 1584 1583 1585 
1816 945 1981 2074 
1817 1117 1323 1939 
1818 775 763 1875 
1819 993 666 1362 
1820 1888 1889 1890 
1821 312 313 1909 
1822 1420 1421 1539 
1823 1228 1226 1229 
1824 1372 1360 1452 
1825 371 372 550 
1826 315 316 1918 
1827 760 758 919 
1828 1569 1568 1570 
1829 1229 1226 1953 
1830 1623 1632 2015 
1831 1876 1875 1879 
1832 562 1830 1831 
1833 1990 2256 2267 
1834 1317 1437 2134 
1835 772 773 774 
1836 1034 1271 1933 
1837 767 765 1915 
1838 1327 1326 1426 
1839 725 731 1963 
1840 1419 1264 1420 
1841 1093 1095 1240 
1842 1947 947 2078 
1843 1066 1013 2091 
1844 456 532 1873 
1845 1381 1979 2071 
1846 1539 1421 1540 
1847 1839 1845 1846 
1848 1095 1097 1887 
1849 1725 1478 2405 
1850 841 843 1934 
1851 1227 1226 1228 
1852 718 2139 2186 
1853 855 1367 1883 
1854 1755 1753 1756 
1855 1840 1839 2284 
1856 993 1362 1363 
1857 1230 1232 1489 
1858 855 854 856 
1859 1540 1839 1840 
1860 1099 1137 1906 
1861 1906 1335 1907 
1862 1135 1860 1861 
1863 1271 1270 1422 
1864 1097 1099 1242 
1865 368 537 1914 
1866 1246 1960 1962 
1867 1575 1580 1930 
1868 616 618 623 
1869 976 1083 1910 
1870 459 562 1841 
1871 1489 1733 1734 
1872 2149 943 2205 
1873 775 1876 1877 
1874 1090 1077 1091 
1875 1097 1242 1887 
1876 372 373 1868 
1877 1735 1585 1736 
1878 913 914 1856 
1879 611 610 612 
1880 470 471 530 
1881 1575 1577 1580 
1882 1093 1240 1894 
1883 661 659 922 
1884 1861 1860 1862 
1885 1263 979 1264 
1886 776 774 777 
1887 1075 909 1135 
1888 1950 791 2216 
1889 790 778 910 
1890 1511 925 1994 
1891 1076 1902 2197 
1892 839 887 1940 
1893 906 901 1800 
1894 855 857 1367 
1895 1137 1334 1335 
1896 1415 987 2065 
1897 628 629 2118 
1898 866 851 909 
1899 1711 1330 1712 
1900 361 362 1948 
1901 876 874 1086 
1902 913 912 914 
1903 1827 781 1828 
1904 525 365 1925 
1905 885 920 1941 
1906 368 369 537 
1907 911 910 912 
1908 419 601 1942 
1909 2155 1514 2178 
1910 1888 1242 1889 
1911 1067 1066 1158 
1912 1135 909 1860 
1913 2014 2001 2026 
1914 1818 1816 1819 
1915 979 976 1910 
1916 1584 1585 1735 
1917 845 846 848 
1918 1364 1362 1870 
1919 1979 945 2071 
1920 921 958 1376 
1921 1960 1246 1961 
1922 720 725 1963 
1923 1372 1452 1638 
1924 1540 1838 1839 
1925 1483 1482 1552 
1926 930 1977 2061 
1927 1191 1459 1973 
1928 843 844 845 
1929 1894 1892 1895 
1930 927 930 1994 
1931 1335 1334 1336 
1932 366 367 579 
1933 958 960 1916 
1934 1301 1339 1340 
1935 580 363 1927 
1936 848 849 851 
1937 852 854 855 
1938 1137 1335 1906 
1939 777 780 1904 
1940 727 722 2019 
1941 977 1935 1936 
1942 1737 1736 1738 
1943 1113 1114 2121 
1944 1619 1633 2105 
1945 614 615 616 
1946 1210 1211 2173 
1947 1152 1397 1949 
1948 1188 1285 2038 
1949 1738 1739 1740 
1950 837 839 1940 
1951 777 779 780 
1952 1922 1130 1923 
1953 1170 1204 1205 
1954 1526 1236 1784 
1955 1738 1736 1739 
1956 960 962 977 
1957 1104 1138 1195 
1958 841 842 843 
1959 962 1062 1935 
1960 1105 1898 2117 
1961 1376 958 1916 
1962 722 1142 2019 
1963 364 365 525 
1964 815 650 2160 
1965 1293 1438 1458 
1966 977 962 1935 
1967 1581 1583 1584 
1968 1105 2092 2101 
1969 869 871 2088 
1970 887 841 1934 
1971 1128 1130 1922 
1972 601 1954 1955 
1973 454 455 577 
1974 1113 2121 2122 
1975 518 2009 2010 
1976 866 909 1075 
1977 635 636 637 
1978 731 1246 1963 
1979 1339 1338 2254 
1980 1341 1343 1349 
1981 1581 1584 2064 
1982 1468 1119 1939 
1983 1128 1041 1130 
1984 795 1959 1961 
1985 965 967 1080 
1986 1963 1962 2095 
1987 843 845 918 
1988 1103 1203 1213 
1989 845 844 846 
1990 632 1156 1243 
1991 859 863 886 
1992 1233 1350 1352 
1993 1573 1575 1930 
1994 362 363 580 
1995 417 568 1965 
1996 1436 1566 2094 
1997 884 894 1101 
1998 1839 1838 1845 
1999 848 846 849 
2000 1226 1225 1953 
2001 848 851 866 
2002 1576 1574 1578 
2003 1225 1128 1922 
2004 559 415 1966 
2005 1277 1390 1427 
2006 758 755 2093 
2007 518 2010 2011 
2008 839 840 841 
2009 1358 1949 1950 
2010 1571 1573 1932 
2011 843 842 844 
2012 1959 1960 1961 
2013 1983 1984 1985 
2014 1129 1226 1227 
2015 367 368 1914 
2016 1735 1736 1737 
2017 1148 1147 2051 
2018 1974 1389 1975 
2019 1263 1264 1419 
2020 1996 1997 2004 
2021 851 849 852 
2022 1743 1742 1744 
2023 1015 904 2111 
2024 1137 1333 1334 
2025 886 863 1945 
2026 1220 1389 1974 
2027 365 366 1925 
2028 1749 1746 1750 
2029 860 861 1946 
2030 802 804 2081 
2031 839 841 887 
2032 918 845 2049 
2033 1741 1740 1742 
2034 1745 1744 1746 
2035 518 394 2009 
2036 1114 1116 1117 
2037 1354 1782 1783 
2038 885 864 920 
2039 916 913 1856 
2040 949 2107 2114 
2041 359 360 520 
2042 1540 1421 1838 
2043 1078 837 1940 
2044 568 418 1942 
2045 1748 1746 1749 
2046 1625 1623 2015 
2047 1999 2000 2002 
2048 1377 1379 1947 
2049 1983 538 1984 
2050 837 838 839 
2051 336 337 2077 
2052 1995 2038 2048 
2053 1227 1228 1330 
2054 1389 1218 1976 
2055 419 420 601 
2056 1358 1154 1949 
2057 1997 1998 1999 
2058 363 364 1927 
2059 2020 2011 2021 
2060 1336 1726 1727 
2061 848 866 2049 
2062 518 2011 2020 
2063 1079 739 1970 
2064 1743 1744 1745 
2065 739 737 1970 
2066 1140 828 1964 
2067 400 2014 2026 
2068 1501 1780 2037 
2069 1646 1468 1939 
2070 1951 2227 2236 
2071 395 2007 2009 
2072 1745 1746 1748 
2073 1962 2092 2095 
2074 1459 1460 1605 
2075 1152 1150 1397 
2076 841 840 842 
2077 585 1996 2004 
2078 962 963 1062 
2079 1088 1406 1407 
2080 411 546 1968 
2081 2255 1933 2280 
2082 835 836 837 
2083 1979 1980 1981 
2084 2005 2004 2006 
2085 2038 1926 2048 
2086 1246 1962 1963 
2087 1154 1152 1949 
2088 702 1377 2078 
2089 1218 1216 1976 
2090 833 834 835 
2091 737 727 2019 
2092 1738 1740 1741 
2093 930 931 1977 
2094 1140 1964 2193 
2095 1163 1952 1988 
2096 2007 2008 2009 
2097 904 902 2111 
2098 2092 1962 2101 
2099 835 837 1078 
2100 1994 930 2061 
2101 1741 1742 1743 
2102 782 795 1961 
2103 1079 1970 1971 
2104 1397 1848 2192 
2105 1099 1136 1137 
2106 2010 2008 2013 
2107 582 1968 1969 
2108 1018 822 1982 
2109 960 961 962 
2110 1026 935 1995 
2111 1161 1154 1358 
2112 1999 1998 2000 
2113 1095 1096 1097 
2114 1564 1590 1706 
2115 395 396 2007 
2116 455 456 1873 
2117 1357 1988 1989 
2118 416 1965 1966 
2119 538 408 1978 
2120 1134 1304 1991 
2121 822 923 1982 
2122 417 418 568 
2123 1573 1930 1932 
2124 584 1983 1985 
2125 866 1375 2049 
2126 1117 1116 1323 
2127 1285 1249 1564 
2128 830 833 1964 
2129 1114 1085 1116 
2130 2012 2010 2013 
2131 976 974 1083 
2132 1091 1092 1093 
2133 958 959 960 
2134 1997 523 1998 
2135 2009 2008 2010 
2136 1191 1279 1459 
2137 1996 523 1997 
2138 839 838 840 
2139 469 470 1610 
2140 407 538 1983 
2141 1093 1094 1095 
2142 416 417 1965 
2143 914 1076 1077 
2144 1231 1229 1296 
2145 1285 1564 1921 
2146 2035 519 2036 
2147 1230 1489 2110 
2148 871 873 890 
2149 754 921 2099 
2150 1097 1098 1099 
2151 421 422 2146 
2152 1222 1220 1974 
2153 1188 1249 1285 
2154 420 421 1954 
2155 1188 1189 1249 
2156 1998 523 2026 
2157 418 419 1942 
2158 1495 1303 1986 
2159 2107 1512 2114 
2160 394 395 2009 
2161 1586 1578 1587 
2162 1027 1134 1991 
2163 1189 1191 1973 
2164 528 404 1987 
2165 707 704 2028 
2166 1233 1352 2107 
2167 1358 1951 1952 
2168 769 767 770 
2169 2001 1998 2026 
2170 585 2004 2005 
2171 860 858 861 
2172 1245 1396 1959 
2173 1081 1050 2159 
2174 2032 588 2033 
2175 1063 1188 2038 
2176 824 826 2097 
2177 403 528 1992 
2178 935 937 1995 
2179 1959 1396 1960 
2180 1524 1222 1974 
2181 713 2087 2103 
2182 931 934 1977 
2183 401 583 2014 
2184 1396 1395 1898 
2185 1063 1064 1188 
2186 665 663 666 
2187 1798 1797 1799 
2188 1042 2115 2143 
2189 1358 1950 1951 
2190 1931 1580 2064 
2191 1615 1617 1618 
2192 414 415 559 
2193 1381 1398 1979 
2194 1549 1554 1648 
2195 766 765 767 
2196 828 830 1964 
2197 830 832 833 
2198 1245 1393 1395 
2199 1368 1704 1705 
2200 1564 1249 1590 
2201 1371 1463 2022 
2202 934 1026 1027 
2203 1160 983 2017 
2204 500 552 2086 
2205 2011 2010 2012 
2206 889 883 1056 
2207 937 1063 1995 
2208 826 828 1140 
2209 1027 1026 1133 
2210 812 981 2130 
2211 582 410 1968 
2212 1977 1027 1991 
2213 837 836 838 
2214 1979 1398 1980 
2215 585 397 1996 
2216 1392 939 2070 
2217 835 834 836 
2218 1303 1302 1986 
2219 601 420 1954 
2220 1897 1737 2214 
2221 1634 1631 1641 
2222 1160 2017 2018 
2223 1027 1133 1134 
2224 1194 1381 2071 
2225 1711 1712 1724 
2226 764 763 765 
2227 983 950 2017 
2228 409 582 1978 
2229 1220 1218 1389 
2230 1134 1133 1302 
2231 1375 1075 1409 
2232 411 412 546 
2233 1026 1995 2048 
2234 1245 1395 1396 
2235 731 733 1246 
2236 1463 1884 2022 
2237 1527 1174 2025 
2238 762 760 763 
2239 1181 1291 1425 
2240 1461 1307 2016 
2241 934 1027 1977 
2242 721 726 2052 
2243 717 707 2028 
2244 1629 1625 1631 
2245 2111 905 2221 
2246 1134 1302 1303 
2247 584 406 1983 
2248 833 832 834 
2249 1161 1358 1952 
2250 1304 1303 1305 
2251 409 410 582 
2252 937 1046 1063 
2253 1302 1549 1986 
2254 1307 1305 2016 
2255 817 1245 1959 
2256 415 416 1966 
2257 1352 1350 1720 
2258 934 935 1026 
2259 817 823 1245 
2260 1356 897 1865 
2261 405 584 1987 
2262 400 401 2014 
2263 1970 737 2019 
2264 1503 1501 2037 
2265 1302 1374 1549 
2266 1245 823 1393 
2267 1260 1222 1524 
2268 1304 1305 1306 
2269 1306 1305 1307 
2270 1459 1279 1460 
2271 1377 1378 1379 
2272 1467 1119 1468 
2273 1188 1064 1189 
2274 625 626 627 
2275 782 793 795 
2276 962 961 963 
2277 407 408 538 
2278 1357 1165 1988 
2279 1306 1307 1370 
2280 2169 1976 2175 
2281 583 402 1992 
2282 926 924 2044 
2283 1370 1307 1371 
2284 1240 1892 1894 
2285 1195 1196 1300 
2286 498 499 1905 
2287 1082 1081 1150 
2288 1381 1382 1398 
2289 795 817 1959 
2290 405 406 584 
2291 1051 1050 1081 
2292 1370 1371 2022 
2293 2139 1519 2186 
2294 2033 588 2034 
2295 702 706 1377 
2296 1305 1303 1495 
2297 450 451 2034 
2298 403 404 528 
2299 1631 1625 2015 
2300 771 770 772 
2301 410 411 1968 
2302 795 816 817 
2303 1134 1303 1304 
2304 398 523 1996 
2305 1549 1374 1554 
2306 2007 2005 2008 
2307 1087 990 2127 
2308 1305 1495 2016 
2309 401 402 583 
2310 738 737 739 
2311 1373 1370 1896 
2312 614 616 1867 
2313 628 2118 2158 
2314 824 825 826 
2315 635 638 2178 
2316 941 939 1392 
2317 398 399 523 
2318 408 409 1978 
2319 499 500 2086 
2320 776 777 1904 
2321 406 407 1983 
2322 396 397 585 
2323 1194 1322 1381 
2324 1371 1462 1463 
2325 795 793 816 
2326 1463 1464 1465 
2327 396 585 2007 
2328 393 394 518 
2329 715 723 824 
2330 722 717 1142 
2331 1246 733 1961 
2332 981 1107 2130 
2333 1151 1150 1152 
2334 404 405 1987 
2335 1896 1370 2022 
2336 402 403 1992 
2337 1621 1619 2105 
2338 1302 1133 1374 
2339 1371 1461 1462 
2340 852 853 854 
2341 733 782 1961 
2342 921 957 958 
2343 2031 588 2032 
2344 1623 1621 1632 
2345 1465 1464 1466 
2346 927 929 930 
2347 931 933 934 
2348 736 727 737 
2349 1463 1462 1464 
2350 2034 451 2035 
2351 1049 946 1050 
2352 397 398 1996 
2353 741 739 1079 
2354 1463 1465 1884 
2355 1058 893 1084 
2356 1336 1334 1726 
2357 1145 1147 1148 
2358 1030 983 1160 
2359 754 756 921 
2360 759 758 760 
2361 950 926 2044 
2362 1371 1307 1461 
2363 1063 1046 1064 
2364 1306 1370 1373 
2365 1745 1748 2083 
2366 1014 1003 1176 
2367 1172 1165 1357 
2368 1805 1503 1807 
2369 399 400 2026 
2370 817 822 823 
2371 1260 1524 1525 
2372 1373 1896 1943 
2373 726 1106 2052 
2374 1106 1250 1516 
2375 960 959 961 
2376 817 816 822 
2377 326 534 605 
2378 956 1054 2024 
2379 1912 1913 2097 
2380 1054 1053 2045 
2381 1147 1214 2051 
2382 1499 1498 2057 
2383 1520 1513 2159 
2384 1142 717 2028 
2385 1329 1319 1444 
2386 1991 1304 2046 
2387 1426 1326 1718 
2388 451 452 2035 
2389 923 816 2041 
2390 2017 950 2044 
2391 826 827 828 
2392 934 933 935 
2393 1185 1047 1387 
2394 1410 1409 1498 
2395 794 925 1511 
2396 523 399 2026 
2397 816 793 2041 
2398 989 987 1415 
2399 845 848 2049 
2400 782 783 793 
2401 823 822 1018 
2402 452 519 2035 
2403 824 723 825 
2404 1153 1152 1154 
2405 1457 1364 1870 
2406 733 734 782 
2407 1197 1072 1198 
2408 588 450 2034 
2409 984 1141 2050 
2410 1249 1189 1973 
2411 1330 1228 2110 
2412 794 1511 2041 
2413 1977 1991 2061 
2414 585 2005 2007 
2415 2000 1998 2001 
2416 930 929 931 
2417 1306 1373 2046 
2418 811 810 818 
2419 793 783 794 
2420 1748 1749 2043 
2421 393 518 2020 
2422 586 2020 2021 
2423 1445 1674 1696 
2424 1960 1396 2101 
2425 1907 1531 2328 
2426 1295 1294 1445 
2427 822 816 923 
2428 1807 1503 2037 
2429 956 1053 1054 
2430 1155 1154 1161 
2431 828 829 830 
2432 826 825 827 
2433 1053 1112 2045 
2434 1501 1499 1780 
2435 1112 1294 1295 
2436 1115 1055 1251 
2437 2087 1913 2103 
2438 1260 1525 2027 
2439 725 730 731 
2440 1780 1499 2057 
2441 447 448 522 
2442 1761 1763 1765 
2443 446 447 2030 
2444 448 449 2031 
2445 1445 1294 1674 
2446 1976 1216 2096 
2447 1252 1251 1521 
2448 445 446 587 
2449 753 752 1394 
2450 449 450 588 
2451 1532 2084 2290 
2452 1163 1161 1952 
2453 1189 1190 1191 
2454 830 831 832 
2455 442 443 526 
2456 731 732 733 
2457 1743 1745 1747 
2458 452 453 519 
2459 782 734 783 
2460 1398 1382 1401 
2461 1377 706 1378 
2462 1995 1063 2038 
2463 1055 984 2050 
2464 793 794 2041 
2465 440 441 589 
2466 1381 1322 1382 
2467 1554 1374 1926 
2468 1115 1251 1252 
2469 1304 1306 2046 
2470 439 440 2040 
2471 1594 1261 1595 
2472 834 832 2023 
2473 984 955 1141 
2474 1165 1163 1988 
2475 438 439 529 
2476 708 710 713 
2477 1590 1249 1973 
2478 1214 1496 1497 
2479 437 438 2039 
2480 1051 1081 1082 
2481 935 936 937 
2482 1112 1115 1294 
2483 1373 1944 2046 
2484 1173 1175 1283 
2485 1118 1117 1119 
2486 1082 1150 1151 
2487 436 437 590 
2488 392 393 2020 
2489 1133 1026 2048 
2490 748 750 807 
2491 1137 1136 1333 
2492 1373 1943 1944 
2493 715 716 723 
2494 1049 1050 1051 
2495 667 666 993 
2496 435 436 2042 
2497 713 714 715 
2498 1112 1055 1115 
2499 1259 1222 1260 
2500 434 435 541 
2501 828 827 829 
2502 1061 1013 1066 
2503 1913 2087 2097 
2504 830 829 831 
2505 838 836 850 
2506 447 522 2030 
2507 736 737 738 
2508 522 448 2031 
2509 1106 1516 2052 
2510 733 732 734 
2511 1112 1295 2045 
2512 1158 1372 1938 
2513 832 831 862 
2514 587 446 2030 
2515 449 588 2031 
2516 2023 862 2024 
2517 1905 499 2086 
2518 832 862 2023 
2519 715 714 716 
2520 1214 1497 2051 
2521 1053 1055 1112 
2522 1594 1595 1607 
2523 1151 1152 1153 
2524 1118 1284 2121 
2525 431 432 554 
2526 1261 1260 2027 
2527 1595 1261 2027 
2528 1162 1161 1163 
2529 2046 1944 2061 
2530 862 956 2024 
2531 738 739 740 
2532 1251 1055 2050 
2533 956 984 1053 
2534 1053 984 1055 
2535 1221 1220 1222 
2536 440 589 2040 
2537 1374 1133 2048 
2538 620 895 2181 
2539 1174 1172 2025 
2540 867 869 1269 
2541 862 831 955 
2542 715 824 2087 
2543 1387 1047 2062 
2544 529 439 2040 
2545 958 957 959 
2546 862 955 956 
2547 1259 1260 1261 
2548 1191 1278 1279 
2549 1155 1161 1162 
2550 931 932 933 
2551 937 1045 1046 
2552 794 924 925 
2553 827 825 1105 
2554 956 955 984 
2555 1566 1567 1568 
2556 794 783 924 
2557 438 529 2039 
2558 713 710 714 
2559 925 926 927 
2560 1107 1255 1257 
2561 1991 2046 2061 
2562 1153 1154 1155 
2563 1158 1360 1372 
2564 866 1075 1375 
2565 927 928 929 
2566 831 829 2053 
2567 1184 1430 1431 
2568 590 437 2039 
2569 1944 1994 2061 
2570 844 842 847 
2571 1189 1064 1190 
2572 935 933 936 
2573 1580 1581 2064 
2574 428 429 563 
2575 731 730 732 
2576 889 1056 2047 
2577 1243 1156 1244 
2578 436 590 2042 
2579 1593 1261 1594 
2580 702 703 706 
2581 1143 1268 1388 
2582 2018 2017 2108 
2583 1259 1261 1593 
2584 1431 1478 1657 
2585 1172 1357 2025 
2586 1141 955 2053 
2587 1926 1374 2048 
2588 541 435 2042 
2589 852 849 853 
2590 951 1029 2059 
2591 1436 1565 1566 
2592 1572 1570 1579 
2593 1029 1110 1143 
2594 1219 1218 1220 
2595 1741 1743 2029 
2596 698 700 702 
2597 951 950 983 
2598 1221 1222 1259 
2599 1489 1885 2110 
2600 834 2023 2054 
2601 1067 1158 1938 
2602 931 929 932 
2603 928 926 950 
2604 1460 1644 1645 
2605 1956 1494 1957 
2606 709 707 717 
2607 1912 1380 1913 
2608 1378 1380 1384 
2609 1097 1096 1098 
2610 724 719 1248 
2611 716 714 719 
2612 1029 983 1030 
2613 1217 1216 1218 
2614 1194 1321 1322 
2615 940 939 941 
2616 734 732 784 
2617 1357 1989 1990 
2618 1048 1193 1194 
2619 657 655 711 
2620 942 944 945 
2621 942 941 943 
2622 391 392 586 
2623 1110 1030 1111 
2624 1319 1317 2134 
2625 725 729 730 
2626 721 717 722 
2627 1412 2255 2280 
2628 798 801 2177 
2629 938 729 939 
2630 1253 1174 1527 
2631 1557 1268 1558 
2632 944 943 946 
2633 2182 1399 2217 
2634 1321 1193 1383 
2635 955 831 2053 
2636 1743 1747 2029 
2637 1029 1143 2059 
2638 693 696 947 
2639 938 940 1385 
2640 1597 1383 1667 
2641 1048 946 1049 
2642 819 818 879 
2643 1828 1849 2303 
2644 714 710 2056 
2645 720 724 725 
2646 927 926 928 
2647 937 936 1045 
2648 850 836 2054 
2649 745 743 820 
2650 836 834 2054 
2651 708 709 710 
2652 925 924 926 
2653 716 719 720 
2654 1513 1247 1848 
2655 1184 1047 1185 
2656 1430 1185 1432 
2657 726 722 727 
2658 1375 1409 1410 
2659 928 950 951 
2660 1162 1163 1164 
2661 726 735 1106 
2662 702 700 703 
2663 740 739 741 
2664 1250 1513 1520 
2665 735 727 736 
2666 426 427 594 
2667 1382 1322 1561 
2668 1106 1247 1250 
2669 1219 1220 1221 
2670 1384 1380 1912 
2671 1378 706 1380 
2672 783 734 2068 
2673 918 2049 2126 
2674 1431 1430 1478 
2675 1045 936 1047 
2676 1333 1494 1956 
2677 951 983 1029 
2678 854 853 865 
2679 742 744 792 
2680 1143 1110 1268 
2681 1041 885 1941 
2682 933 932 2062 
2683 1153 1155 1223 
2684 1388 1268 1557 
2685 1118 1187 1284 
2686 880 879 1065 
2687 1146 1515 2096 
2688 1460 1279 1644 
2689 1051 1082 1183 
2690 665 666 667 
2691 1258 1073 1536 
2692 1099 1098 1136 
2693 1029 1030 1110 
2694 1162 1164 1202 
2695 468 469 1611 
2696 684 687 952 
2697 1095 1094 1096 
2698 705 707 708 
2699 1657 1478 1725 
2700 1531 948 2090 
2701 703 700 704 
2702 1091 1077 1092 
2703 805 1074 1167 
2704 709 717 721 
2705 1069 1067 1938 
2706 1866 1176 2124 
2707 940 941 942 
2708 1194 1193 1321 
2709 1354 1783 2139 
2710 1410 1498 1499 
2711 725 724 729 
2712 1215 1149 1216 
2713 1045 1047 1184 
2714 942 943 944 
2715 736 738 791 
2716 1184 1185 1430 
2717 938 939 940 
2718 1497 1496 1662 
2719 1191 1190 1278 
2720 1217 1218 1219 
2721 689 691 701 
2722 1321 1383 1597 
2723 586 392 2020 
2724 944 946 1048 
2725 936 933 2062 
2726 1093 1092 1094 
2727 1048 1049 1193 
2728 730 729 938 
2729 720 719 724 
2730 1064 1046 2075 
2731 703 704 705 
2732 2044 924 2068 
2733 1431 1657 2120 
2734 751 749 752 
2735 708 707 709 
2736 1088 1407 2152 
2737 1164 1163 1165 
2738 721 722 726 
2739 1366 1365 1413 
2740 425 426 2058 
2741 914 912 1076 
2742 1529 948 1531 
2743 1046 1045 2076 
2744 924 783 2068 
2745 726 727 735 
2746 732 730 2060 
2747 629 630 631 
2748 1250 1247 1513 
2749 1106 735 1247 
2750 1504 1503 1805 
2751 1383 1193 2066 
2752 1011 1010 1059 
2753 706 703 2063 
2754 1266 1435 1436 
2755 734 784 2068 
2756 919 758 2093 
2757 1331 1330 1711 
2758 1278 1190 1299 
2759 871 890 2088 
2760 757 755 758 
2761 698 699 700 
2762 1913 1380 2063 
2763 1629 1631 1634 
2764 719 714 2056 
2765 705 704 707 
2766 932 929 2067 
2767 951 2059 2067 
2768 864 860 1946 
2769 1536 1073 2084 
2770 1190 1064 2075 
2771 929 928 2067 
2772 645 643 788 
2773 1215 1216 1217 
2774 1175 1253 1254 
2775 1173 1174 1175 
2776 1272 1273 1308 
2777 1184 1431 2076 
2778 1164 1165 1166 
2779 2028 704 2089 
2780 1047 936 2062 
2781 720 1963 2095 
2782 1049 1051 2066 
2783 1502 1501 1503 
2784 1217 1219 1297 
2785 1566 1569 2094 
2786 694 692 695 
2787 699 697 948 
2788 1278 1299 1439 
2789 2068 784 2108 
2790 1248 719 2056 
2791 1166 1172 1173 
2792 696 697 698 
2793 1262 1131 2199 
2794 424 425 1509 
2795 698 697 699 
2796 676 678 718 
2797 1105 825 2092 
2798 703 705 2063 
2799 1149 1146 2096 
2800 1166 1165 1172 
2801 1380 706 2063 
2802 1146 1144 1515 
2803 662 664 789 
2804 730 938 2060 
2805 693 694 696 
2806 921 756 957 
2807 772 774 776 
2808 1354 1355 1782 
2809 2267 807 2275 
2810 724 1248 2070 
2811 696 694 697 
2812 708 713 2103 
2813 1334 1333 1956 
2814 691 690 692 
2815 1127 1209 1544 
2816 691 692 693 
2817 938 1385 2060 
2818 784 732 2060 
2819 1048 1194 2071 
2820 939 729 2070 
2821 1561 1322 2072 
2822 693 692 694 
2823 1173 1172 1174 
2824 945 944 2071 
2825 1110 1111 2069 
2826 1504 1805 1806 
2827 1193 1049 2066 
2828 689 690 691 
2829 1322 1321 2072 
2830 942 945 2074 
2831 1045 1184 2076 
2832 1619 1617 1633 
2833 1558 1268 2069 
2834 718 1157 1354 
2835 689 688 690 
2836 949 1159 1233 
2837 716 720 2095 
2838 698 702 2078 
2839 928 951 2067 
2840 1385 940 2074 
2841 1233 1234 1350 
2842 1500 1499 1501 
2843 2056 710 2073 
2844 807 750 1937 
2845 806 805 1871 
2846 1175 1174 1253 
2847 2075 1046 2076 
2848 1806 1810 2179 
2849 825 723 2092 
2850 1502 1503 1504 
2851 1253 1527 1528 
2852 1147 1149 1214 
2853 1962 1960 2101 
2854 710 709 2073 
2855 713 715 2087 
2856 1051 1183 2066 
2857 687 688 689 
2858 1237 917 2224 
2859 742 741 743 
2860 1970 2019 2147 
2861 1101 894 2143 
2862 687 685 688 
2863 1299 1190 2075 
2864 947 696 2078 
2865 1747 1745 2083 
2866 740 741 742 
2867 1040 979 1263 
2868 742 743 744 
2869 1268 1110 2069 
2870 1359 1066 2091 
2871 1848 1247 2080 
2872 721 2052 2073 
2873 736 791 2080 
2874 1934 918 2170 
2875 2115 1714 2143 
2876 735 736 2080 
2877 668 670 949 
2878 1177 1176 1178 
2879 729 724 2070 
2880 723 716 2095 
2881 992 1126 1127 
2882 944 1048 2071 
2883 940 942 2074 
2884 1214 1149 1215 
2885 684 683 685 
2886 2087 824 2097 
2887 865 1144 1145 
2888 1214 1215 1496 
2889 1042 1129 2115 
2890 1100 999 2166 
2891 988 990 1087 
2892 1145 1146 1147 
2893 699 948 1386 
2894 1321 1597 2072 
2895 684 685 687 
2896 1410 1499 1500 
2897 1130 1041 1941 
2898 891 996 997 
2899 1500 1501 1502 
2900 652 654 954 
2901 2044 2068 2108 
2902 847 2169 2175 
2903 709 721 2073 
2904 1266 1436 2142 
2905 679 681 682 
2906 880 1065 1993 
2907 693 947 2082 
2908 1333 1337 1494 
2909 932 2067 2106 
2910 696 698 2078 
2911 1228 1230 2110 
2912 1147 1146 1149 
2913 668 949 2114 
2914 865 853 1144 
2915 1386 1529 1530 
2916 1247 735 2080 
2917 2053 829 2117 
2918 827 1105 2117 
2919 1361 1822 2235 
2920 1061 1066 1067 
2921 426 594 2058 
2922 1357 1990 2025 
2923 2092 723 2095 
2924 1210 1207 1211 
2925 849 846 2100 
2926 987 771 2065 
2927 701 691 2082 
2928 1368 1346 1704 
2929 1386 948 1529 
2930 952 687 2085 
2931 759 760 762 
2932 682 683 684 
2933 963 964 965 
2934 678 677 679 
2935 799 787 1827 
2936 1070 680 1182 
2937 751 753 754 
2938 789 664 1512 
2939 388 389 527 
2940 676 675 677 
2941 1913 2063 2103 
2942 2067 2059 2106 
2943 751 752 753 
2944 764 765 766 
2945 1726 1334 1956 
2946 796 642 2190 
2947 766 767 769 
2948 762 763 764 
2949 990 992 2127 
2950 1145 1144 1146 
2951 689 701 2085 
2952 2063 705 2103 
2953 691 693 2082 
2954 1964 833 2156 
2955 1632 1621 2105 
2956 704 700 2089 
2957 690 688 953 
2958 1070 1182 1328 
2959 757 758 759 
2960 1520 2149 2205 
2961 1568 1699 2055 
2962 1216 1149 2096 
2963 700 699 2089 
2964 835 1078 2156 
2965 986 771 987 
2966 988 1087 2104 
2967 965 966 967 
2968 978 976 979 
2969 1637 1485 1647 
2970 967 968 969 
2971 668 667 669 
2972 337 535 2077 
2973 776 1904 2128 
2974 1142 2140 2147 
2975 986 988 2104 
2976 963 961 964 
2977 718 678 1157 
2978 2149 1520 2159 
2979 676 677 678 
2980 670 669 671 
2981 986 987 988 
2982 1355 1157 1517 
2983 754 755 756 
2984 1227 1330 1331 
2985 1354 1157 1355 
2986 1755 1756 1757 
2987 1705 1781 1808 
2988 705 708 2103 
2989 1510 1244 1543 
2990 1509 425 2058 
2991 2062 932 2106 
2992 1167 1235 1236 
2993 687 689 2085 
2994 612 613 614 
2995 769 770 771 
2996 1387 2062 2106 
2997 467 468 521 
2998 804 808 2081 
2999 671 673 674 
3000 1333 1136 1337 
3001 609 608 610 
3002 910 1903 2138 
3003 664 663 665 
3004 699 1386 2089 
3005 920 864 1946 
3006 1050 946 2149 
3007 2049 1375 2126 
3008 1465 1466 2150 
3009 1114 1117 1118 
3010 744 743 745 
3011 386 387 591 
3012 771 772 2065 
3013 697 694 2090 
3014 674 675 676 
3015 748 749 750 
3016 1233 1159 1234 
3017 959 957 1391 
3018 1143 1388 2137 
3019 650 652 2160 
3020 2017 2044 2108 
3021 1331 1711 1713 
3022 949 670 1159 
3023 682 681 683 
3024 853 849 2100 
3025 1363 1365 1366 
3026 744 745 746 
3027 2259 1506 2286 
3028 1350 1234 1351 
3029 694 695 2090 
3030 1937 750 2099 
3031 948 697 2090 
3032 466 467 1635 
3033 1752 1753 1754 
3034 829 827 2117 
3035 623 618 2181 
3036 1234 1159 1519 
3037 1578 1574 2154 
3038 345 346 536 
3039 754 753 755 
3040 975 974 976 
3041 665 667 668 
3042 1568 1567 1699 
3043 1626 1625 1629 
3044 2018 2108 2123 
3045 972 971 974 
3046 949 1233 2107 
3047 662 661 663 
3048 385 386 2102 
3049 746 747 748 
3050 668 669 670 
3051 1515 1144 2100 
3052 1098 1096 1239 
3053 1975 1389 2169 
3054 961 959 2125 
3055 1566 1565 1567 
3056 1491 545 1541 
3057 1528 1527 2281 
3058 1436 1435 1565 
3059 1415 2065 2128 
3060 1206 1205 1207 
3061 1467 1468 1555 
3062 1624 1623 1625 
3063 1562 1316 2228 
3064 1258 1536 1537 
3065 1714 1713 1732 
3066 1940 887 2226 
3067 632 1243 2118 
3068 808 821 1715 
3069 1375 1410 2126 
3070 674 673 675 
3071 384 385 540 
3072 887 1934 2211 
3073 1451 1670 1671 
3074 1022 1024 1025 
3075 1257 1255 1532 
3076 612 610 613 
3077 422 423 2146 
3078 423 424 2146 
3079 1331 1713 1714 
3080 1898 1395 2176 
3081 1773 543 1774 
3082 656 658 814 
3083 1094 1092 1241 
3084 1618 1620 1628 
3085 1989 792 2256 
3086 970 968 971 
3087 683 681 2079 
3088 662 663 664 
3089 685 683 686 
3090 1626 1629 1630 
3091 751 754 2099 
3092 844 847 2141 
3093 2100 846 2141 
3094 1624 1626 1627 
3095 1349 1343 1835 
3096 988 987 989 
3097 1275 1178 1277 
3098 500 501 552 
3099 895 897 898 
3100 671 669 672 
3101 1114 1118 2121 
3102 977 1936 2278 
3103 1070 1328 1417 
3104 1144 853 2100 
3105 1142 2028 2140 
3106 1432 1185 2151 
3107 746 745 747 
3108 606 608 609 
3109 750 749 751 
3110 1544 1209 1545 
3111 805 803 1074 
3112 1459 1605 2206 
3113 1040 1263 1265 
3114 2052 1516 2133 
3115 757 759 761 
3116 679 680 681 
3117 681 680 1070 
3118 1068 1067 1069 
3119 1489 1734 1885 
3120 748 747 749 
3121 1570 1568 2055 
3122 966 964 1168 
3123 2075 2076 2120 
3124 1513 1848 2167 
3125 756 755 757 
3126 671 672 673 
3127 612 614 2098 
3128 800 799 2194 
3129 2076 1431 2120 
3130 2176 1395 2189 
3131 562 1831 1841 
3132 1169 1069 1170 
3133 1127 1126 1209 
3134 679 677 680 
3135 1624 1625 1626 
3136 660 661 662 
3137 1836 1384 2193 
3138 978 979 1040 
3139 750 751 2099 
3140 1078 1940 2179 
3141 1081 2159 2167 
3142 2056 2073 2133 
3143 1806 2179 2226 
3144 618 620 2181 
3145 812 797 980 
3146 784 2060 2123 
3147 1694 1403 1698 
3148 2065 776 2128 
3149 957 756 2112 
3150 2137 1388 2151 
3151 890 873 891 
3152 1392 2070 2157 
3153 503 504 558 
3154 665 668 2114 
3155 772 776 2065 
3156 1129 1227 2115 
3157 681 1070 2079 
3158 638 637 639 
3159 965 964 966 
3160 2060 1385 2123 
3161 1299 2075 2120 
3162 2028 2089 2140 
3163 1395 1393 2189 
3164 1410 1500 2126 
3165 769 771 986 
3166 1515 2100 2141 
3167 1622 1621 1623 
3168 2106 2059 2137 
3169 1073 991 2084 
3170 970 972 973 
3171 2053 2117 2176 
3172 664 665 2114 
3173 967 966 968 
3174 970 971 972 
3175 2140 1530 2147 
3176 2133 1516 2157 
3177 912 910 2138 
3178 1470 1427 1488 
3179 1449 1448 1600 
3180 2108 784 2123 
3181 992 1127 2127 
3182 764 766 768 
3183 975 978 985 
3184 1572 1579 2154 
3185 629 632 2118 
3186 1523 1224 1812 
3187 952 2057 2273 
3188 986 2104 2136 
3189 678 679 2109 
3190 2089 1386 2140 
3191 1512 664 2114 
3192 969 968 970 
3193 465 466 555 
3194 1040 1265 1266 
3195 975 976 978 
3196 536 346 1474 
3197 972 974 975 
3198 2191 1168 2248 
3199 1387 2106 2137 
3200 1705 1704 1781 
3201 1622 1623 1624 
3202 2073 2052 2133 
3203 1444 1319 2134 
3204 1198 1200 1201 
3205 1187 1119 1467 
3206 1323 1324 1440 
3207 667 993 2116 
3208 1640 1691 1692 
3209 959 1391 2125 
3210 1009 1006 1010 
3211 1034 1267 1270 
3212 1822 1059 2297 
3213 1284 1187 1598 
3214 964 961 2125 
3215 1266 1289 1435 
3216 381 382 557 
3217 2326 1400 2348 
3218 981 980 982 
3219 506 507 561 
3220 679 682 2109 
3221 640 642 796 
3222 846 844 2141 
3223 684 952 2174 
3224 988 989 990 
3225 894 1042 2143 
3226 1014 1176 1177 
3227 1618 1617 1619 
3228 1266 1265 1289 
3229 1545 1209 1546 
3230 1403 1210 2173 
3231 1590 1973 2206 
3232 1157 678 2109 
3233 1076 912 2138 
3234 1435 1289 1602 
3235 1329 1444 1471 
3236 1517 1157 2109 
3237 1545 1546 1551 
3238 660 659 661 
3239 2189 1393 2201 
3240 2019 1142 2147 
3241 1213 1203 1287 
3242 756 757 2112 
3243 2262 761 2284 
3244 1227 1331 2115 
3245 639 637 785 
3246 325 5 545 
3247 908 1015 1038 
3248 1107 1257 2130 
3249 1574 1572 2154 
3250 1248 2056 2133 
3251 1884 1465 2144 
3252 632 631 633 
3253 982 980 2113 
3254 918 2126 2170 
3255 670 671 2119 
3256 1039 982 1104 
3257 1366 1413 1414 
3258 2123 1385 2162 
3259 1447 1446 1717 
3260 2018 2123 2162 
3261 2059 1143 2137 
3262 1250 1520 2187 
3263 533 1797 1798 
3264 990 991 992 
3265 992 1073 1126 
3266 1548 1537 1669 
3267 990 989 991 
3268 1521 1251 2201 
3269 1754 1753 1755 
3270 1317 1315 1437 
3271 1391 957 2112 
3272 648 650 815 
3273 323 324 544 
3274 1386 1530 2140 
3275 1248 2133 2157 
3276 644 646 994 
3277 1521 2201 2207 
3278 757 761 2112 
3279 992 991 1073 
3280 718 1354 2139 
3281 616 623 1867 
3282 1620 1619 1621 
3283 669 667 2116 
3284 2117 1898 2176 
3285 1126 1073 1258 
3286 464 465 1614 
3287 823 1018 2207 
3288 1313 1312 1428 
3289 386 591 2102 
3290 1258 1537 1548 
3291 1276 1447 1534 
3292 2187 1520 2205 
3293 1118 1119 1187 
3294 673 672 712 
3295 686 683 2079 
3296 1071 1037 1072 
3297 380 381 2131 
3298 1440 1649 1687 
3299 671 674 2119 
3300 1274 2182 2217 
3301 1976 2096 2175 
3302 1016 1139 2221 
3303 887 2211 2226 
3304 1519 1159 2119 
3305 847 842 2198 
3306 1185 1387 2151 
3307 1077 1076 2197 
3308 676 718 2186 
3309 1159 670 2119 
3310 943 941 2205 
3311 1070 1417 2079 
3312 509 510 567 
3313 651 649 728 
3314 1331 1714 2115 
3315 424 1509 2146 
3316 1510 1543 2188 
3317 1167 1074 1235 
3318 1323 1116 1324 
3319 1170 1205 1206 
3320 946 943 2149 
3321 1236 1235 1493 
3322 1407 1406 1448 
3323 1387 2137 2151 
3324 1043 878 1044 
3325 833 835 2156 
3326 1579 1570 2055 
3327 2074 1981 2162 
3328 893 889 2047 
3329 1620 1621 1622 
3330 347 348 524 
3331 1168 964 2125 
3332 540 385 2102 
3333 1758 1757 1759 
3334 463 464 596 
3335 810 806 1871 
3336 879 818 881 
3337 1201 1282 1293 
3338 1085 1084 2195 
3339 1177 1178 1275 
3340 1783 1861 2291 
3341 1934 2170 2211 
3342 1276 1446 1447 
3343 1138 2113 2200 
3344 379 380 592 
3345 993 1363 2161 
3346 971 968 2145 
3347 1845 1847 2191 
3348 2159 1513 2167 
3349 1050 2149 2159 
3350 1791 1792 2224 
3351 605 606 2129 
3352 1876 1879 2242 
3353 1009 1010 1011 
3354 672 669 2116 
3355 2126 1500 2170 
3356 2139 1783 2219 
3357 658 659 660 
3358 1508 896 1769 
3359 1517 2109 2174 
3360 1738 1741 2214 
3361 1107 1108 1255 
3362 898 899 900 
3363 2070 1248 2157 
3364 609 610 611 
3365 1061 1067 1068 
3366 1491 1541 1678 
3367 801 1508 2177 
3368 1366 1414 1522 
3369 1122 1017 1123 
3370 614 1867 2098 
3371 1587 1588 1596 
3372 606 607 608 
3373 1846 1845 2191 
3374 1536 2084 2295 
3375 632 633 1156 
3376 1271 1547 2280 
3377 2141 847 2175 
3378 766 769 2136 
3379 1981 1980 2212 
3380 1912 1140 2193 
3381 1103 1102 1203 
3382 895 1412 2181 
3383 1363 1366 2161 
3384 640 639 641 
3385 1177 1275 1276 
3386 966 1168 2145 
3387 2109 682 2174 
3388 1618 1619 1620 
3389 2222 1607 2263 
3390 652 954 2160 
3391 1276 1275 1446 
3392 1311 1310 1312 
3393 378 379 2132 
3394 769 986 2136 
3395 611 612 622 
3396 640 796 2155 
3397 1384 1912 2193 
3398 868 622 1400 
3399 1588 1578 2154 
3400 2282 2166 2511 
3401 656 657 658 
3402 867 1269 2239 
3403 638 639 640 
3404 510 511 2153 
3405 791 738 2216 
3406 1422 1270 1542 
3407 1385 2074 2162 
3408 1111 1030 2223 
3409 900 901 902 
3410 1389 1976 2169 
3411 633 635 2178 
3412 1036 1028 1037 
3413 1256 1108 1274 
3414 642 644 2190 
3415 1244 1156 1514 
3416 1587 1578 1588 
3417 1398 1401 2229 
3418 1032 1031 1102 
3419 2269 1179 2272 
3420 2229 1401 2231 
3421 658 657 659 
3422 768 766 2136 
3423 1534 1447 1535 
3424 1392 2157 2187 
3425 1655 1658 1695 
3426 1848 2080 2192 
3427 1286 1274 1601 
3428 1834 1510 2188 
3429 797 798 2177 
3430 1988 1952 2236 
3431 614 613 615 
3432 1519 2119 2186 
3433 1209 1126 2135 
3434 646 645 647 
3435 1277 1427 1470 
3436 2212 1980 2223 
3437 872 870 874 
3438 1286 1601 1651 
3439 1591 1262 1592 
3440 616 615 617 
3441 985 978 2142 
3442 2144 1465 2150 
3443 997 996 998 
3444 1856 1418 2296 
3445 1004 1003 1014 
3446 1537 1536 2306 
3447 1206 1207 1210 
3448 1040 1266 2142 
3449 2116 993 2161 
3450 1314 1316 1562 
3451 1068 1069 1169 
3452 2119 674 2186 
3453 808 1715 2081 
3454 968 966 2145 
3455 1181 1290 1291 
3456 1126 1258 2135 
3457 907 1033 1034 
3458 978 1040 2142 
3459 1012 1011 1013 
3460 891 995 996 
3461 1524 2241 2243 
3462 1500 1502 2170 
3463 742 792 2227 
3464 1492 1292 1599 
3465 1141 2053 2176 
3466 875 874 876 
3467 1007 995 1533 
3468 1524 1974 2241 
3469 975 985 2148 
3470 1060 1013 1061 
3471 1125 1124 2188 
3472 871 872 873 
3473 1116 1085 2195 
3474 656 655 657 
3475 1179 1180 1181 
3476 973 972 2148 
3477 1141 2176 2189 
3478 1290 1180 1292 
3479 1241 1092 2197 
3480 1546 1209 2135 
3481 654 655 656 
3482 981 1039 1107 
3483 1975 2169 2198 
3484 838 850 2233 
3485 1255 1108 1256 
3486 2096 1515 2175 
3487 1258 1548 2135 
3488 644 643 645 
3489 622 612 2098 
3490 682 684 2174 
3491 511 512 593 
3492 610 608 1958 
3493 1256 1274 1286 
3494 1104 1195 1399 
3495 997 998 999 
3496 1655 1654 1656 
3497 1658 1656 1659 
3498 1515 2141 2175 
3499 877 1043 1179 
3500 2278 1528 2292 
3501 2169 847 2198 
3502 869 870 871 
3503 642 641 643 
3504 1400 622 2098 
3505 2157 1516 2187 
3506 1084 893 2047 
3507 877 876 878 
3508 606 534 607 
3509 2012 2013 2462 
3510 1506 1325 1507 
3511 972 975 2148 
3512 646 647 648 
3513 1516 1250 2187 
3514 2050 1141 2189 
3515 1023 1021 1028 
3516 1366 1522 2161 
3517 327 328 1710 
3518 1111 2223 2229 
3519 430 1706 2484 
3520 1485 1483 2282 
3521 1653 1650 1654 
3522 786 797 812 
3523 1320 1319 1329 
3524 1275 1277 2164 
3525 905 1016 2221 
3526 867 868 869 
3527 633 634 635 
3528 1107 1039 1108 
3529 1234 1519 2219 
3530 1392 2187 2205 
3531 1311 1312 1313 
3532 1698 1403 2173 
3533 1235 1074 1408 
3534 640 641 642 
3535 1973 1459 2206 
3536 625 621 626 
3537 842 840 2198 
3538 2050 2189 2201 
3539 638 640 2155 
3540 1009 1011 1012 
3541 1002 1000 1003 
3542 1316 1318 2228 
3543 1658 1659 1668 
3544 1092 1077 2197 
3545 2446 1558 2467 
3546 2080 791 2192 
3547 1528 2281 2292 
3548 891 873 995 
3549 674 676 2186 
3550 15 475 531 
3551 381 557 2131 
3552 1039 1104 2182 
3553 644 645 646 
3554 1902 1901 2208 
3555 980 797 2177 
3556 2201 1393 2207 
3557 981 982 1039 
3558 1206 1210 1402 
3559 1760 1759 1761 
3560 2018 2162 2212 
3561 812 980 981 
3562 1251 2050 2201 
3563 325 545 1490 
3564 941 1392 2205 
3565 1068 1169 1208 
3566 1525 1524 2243 
3567 867 622 868 
3568 2023 2024 2251 
3569 1758 1760 1762 
3570 1655 1656 1658 
3571 2170 1502 2211 
3572 2162 1981 2212 
3573 1393 823 2207 
3574 1491 1678 1679 
3575 801 896 1508 
3576 1519 2139 2219 
3577 1666 598 1767 
3578 606 609 2129 
3579 1649 1324 1650 
3580 818 810 2163 
3581 642 643 644 
3582 1353 1342 2254 
3583 1755 1757 1758 
3584 654 653 655 
3585 1440 1324 1649 
3586 611 622 867 
3587 1402 1210 1403 
3588 1277 1470 2164 
3589 1653 1654 1655 
3590 1693 1403 1694 
3591 648 815 2172 
3592 872 874 875 
3593 996 995 1007 
3594 1402 1403 1693 
3595 1318 1320 1424 
3596 2024 1054 2258 
3597 1669 1537 2310 
3598 1005 1008 1035 
3599 652 653 654 
3600 712 672 2220 
3601 1208 1298 1451 
3602 1208 1169 1298 
3603 2251 2024 2258 
3604 994 646 2172 
3605 629 627 630 
3606 1272 1125 1273 
3607 1181 1180 1290 
3608 1451 1563 1670 
3609 871 870 872 
3610 348 349 1560 
3611 644 994 2190 
3612 1451 1298 1563 
3613 1290 1292 1492 
3614 869 868 870 
3615 1170 1206 2204 
3616 1446 1275 2164 
3617 2233 850 2241 
3618 1390 1866 2225 
3619 2116 2161 2220 
3620 1904 780 2234 
3621 875 876 877 
3622 1533 995 2209 
3623 1179 1043 1180 
3624 1038 1089 1131 
3625 1025 1024 1031 
3626 877 878 1043 
3627 1012 1060 1088 
3628 1160 2018 2212 
3629 592 380 2131 
3630 803 800 2194 
3631 1490 545 1491 
3632 1649 1650 1653 
3633 1758 1759 1760 
3634 792 744 2256 
3635 1424 1320 1636 
3636 1054 2045 2261 
3637 1169 1170 2204 
3638 1762 1760 1764 
3639 1239 1096 2238 
3640 1318 1317 1319 
3641 1741 2029 2214 
3642 1012 1013 1060 
3643 1754 1755 2171 
3644 1525 2243 2251 
3645 738 740 2216 
3646 648 647 649 
3647 1502 1504 2211 
3648 1311 1313 1314 
3649 1094 1241 2238 
3650 2258 1054 2261 
3651 2261 2045 2263 
3652 999 998 1000 
3653 2574 1607 2589 
3654 1276 1534 2180 
3655 1104 1399 2182 
3656 1160 2212 2223 
3657 2195 1084 2252 
3658 1814 1816 1818 
3659 881 818 2163 
3660 903 1933 2255 
3661 650 651 652 
3662 1088 1405 1406 
3663 1034 1033 1267 
3664 1043 1044 2196 
3665 1975 2198 2233 
3666 1002 1003 1004 
3667 1060 1061 2215 
3668 567 510 2153 
3669 475 476 1664 
3670 1514 1156 2178 
3671 1761 1765 1766 
3672 1537 2306 2310 
3673 1156 633 2178 
3674 1376 1916 2292 
3675 1318 1319 1320 
3676 1448 1406 1450 
3677 1917 549 2386 
3678 1324 1116 2195 
3679 1074 803 2194 
3680 2045 1295 2263 
3681 1990 2267 2275 
3682 810 1871 2163 
3683 1014 1177 2180 
3684 1295 1445 2222 
3685 652 651 653 
3686 1181 1425 2272 
3687 2198 840 2233 
3688 1337 1136 2247 
3689 1533 2269 2272 
3690 1030 1160 2223 
3691 379 592 2132 
3692 1846 2262 2284 
3693 635 634 636 
3694 1098 1239 2247 
3695 2211 1504 2226 
3696 748 807 2267 
3697 613 610 1958 
3698 1314 1313 1315 
3699 1088 1060 1405 
3700 1206 1402 2204 
3701 1351 1234 2219 
3702 637 636 2185 
3703 785 637 2185 
3704 1453 1454 1455 
3705 1451 1671 2257 
3706 476 477 1708 
3707 1433 1434 1453 
3708 1274 1108 2182 
3709 1108 1039 2182 
3710 2216 740 2227 
3711 1177 1276 2180 
3712 648 649 650 
3713 1504 1806 2226 
3714 1437 1315 2210 
3715 1267 1033 1411 
3716 895 898 1412 
3717 1267 1411 1433 
3718 2161 1522 2220 
3719 1017 906 2218 
3720 740 742 2227 
3721 1253 1528 2265 
3722 1309 1311 2249 
3723 1004 1014 2203 
3724 1980 1398 2229 
3725 1111 2229 2231 
3726 646 648 2172 
3727 1071 1072 1197 
3728 650 649 651 
3729 1059 1010 2287 
3730 1313 1428 2210 
3731 550 1699 2531 
3732 1010 1006 2203 
3733 1061 1068 2215 
3734 1292 1180 2196 
3735 1139 1325 1506 
3736 570 1771 2397 
3737 2223 1980 2229 
3738 906 1800 2218 
3739 1002 1004 1005 
3740 1527 2025 2275 
3741 1536 2295 2306 
3742 511 593 2153 
3743 1433 1411 1434 
3744 1008 1006 1009 
3745 1592 1262 2199 
3746 1139 1506 2221 
3747 1309 1310 1311 
3748 608 607 1171 
3749 1036 1037 1071 
3750 874 870 2213 
3751 1453 1434 1454 
3752 840 838 2233 
3753 1929 1361 2235 
3754 999 1000 1001 
3755 1952 1951 2236 
3756 1758 1762 2171 
3757 1314 1562 2249 
3758 2069 1111 2231 
3759 1755 1758 2171 
3760 1455 1454 1643 
3761 1316 1317 1318 
3762 672 2116 2220 
3763 1405 1060 2215 
3764 868 1400 2213 
3765 1009 1012 2152 
3766 995 873 2209 
3767 1601 1274 2217 
3768 1008 1009 2152 
3769 812 2130 2234 
3770 621 619 2264 
3771 1316 1315 1317 
3772 1793 2293 2303 
3773 761 759 2268 
3774 873 872 2209 
3775 1123 1124 1125 
3776 1701 1703 2442 
3777 1408 1074 2194 
3778 517 2 2502 
3779 1866 2124 2276 
3780 903 902 904 
3781 1298 1169 2204 
3782 1650 1324 2195 
3783 1005 1004 1006 
3784 633 631 634 
3785 712 2322 2336 
3786 631 630 2232 
3787 2241 850 2243 
3788 903 904 907 
3789 1096 1094 2238 
3790 1974 1975 2241 
3791 608 1171 1958 
3792 1957 1494 2240 
3793 1001 1000 1002 
3794 799 1827 2293 
3795 1878 1876 2242 
3796 1677 1608 2545 
3797 1727 1971 2324 
3798 780 786 2234 
3799 1068 1208 2215 
3800 1314 1315 1316 
3801 907 908 1033 
3802 592 2131 2486 
3803 1023 1028 1036 
3804 609 611 2239 
3805 1405 2215 2257 
3806 1123 1017 1124 
3807 1308 1309 1538 
3808 1014 2180 2203 
3809 1180 1043 2196 
3810 1012 1088 2152 
3811 2240 1494 2245 
3812 999 1001 2166 
3813 786 812 2234 
3814 1538 1309 2249 
3815 2129 609 2239 
3816 617 615 813 
3817 344 345 1472 
3818 1124 1017 2218 
3819 907 904 908 
3820 636 1019 1020 
3821 1826 1404 2271 
3822 2215 1208 2257 
3823 1006 1004 2203 
3824 1975 2233 2241 
3825 900 902 903 
3826 2112 761 2262 
3827 1852 1019 2232 
3828 636 634 1019 
3829 872 875 2209 
3830 850 2054 2243 
3831 1494 1337 2245 
3832 1315 1313 2210 
3833 1591 1592 1676 
3834 1342 1339 2254 
3835 413 1725 2405 
3836 2268 1840 2284 
3837 870 868 2213 
3838 1168 2125 2248 
3839 1120 916 2296 
3840 1031 1024 1416 
3841 1136 1098 2247 
3842 1005 1006 1008 
3843 1171 607 1479 
3844 1936 2265 2278 
3845 1318 1424 2228 
3846 2054 2023 2251 
3847 2243 2054 2251 
3848 1904 2234 2283 
3849 1059 2287 2297 
3850 611 867 2239 
3851 1035 1008 2244 
3852 2204 1402 2260 
3853 573 2407 2427 
3854 1650 2195 2252 
3855 1089 2259 2286 
3856 1525 2251 2258 
3857 2027 1525 2258 
3858 537 369 2298 
3859 2135 1548 2237 
3860 1280 1591 1604 
3861 1201 1293 1423 
3862 2361 1433 2378 
3863 1881 1880 2312 
3864 1020 1019 1021 
3865 1546 2135 2237 
3866 2125 1391 2248 
3867 1036 1071 1109 
3868 744 746 2256 
3869 1280 1262 1591 
3870 1132 1262 1280 
3871 636 1020 2185 
3872 634 631 2232 
3873 1298 2204 2260 
3874 2174 952 2273 
3875 2124 998 2276 
3876 877 1179 2269 
3877 2027 2258 2261 
3878 1603 1287 1606 
3879 2396 1958 2409 
3880 2128 2283 2289 
3881 1595 2027 2261 
3882 1132 1131 1262 
3883 1595 2261 2263 
3884 2152 1407 2244 
3885 1429 1312 2308 
3886 1020 1021 1022 
3887 1607 1595 2263 
3888 1309 1273 1310 
3889 998 996 2276 
3890 1916 977 2278 
3891 1022 1021 1023 
3892 322 323 1480 
3893 2256 746 2267 
3894 2248 1391 2262 
3895 991 989 2290 
3896 1084 2047 2252 
3897 1924 1252 2315 
3898 1254 1253 2265 
3899 1022 1023 1024 
3900 1999 2002 2428 
3901 1308 1273 1309 
3902 1391 2112 2262 
3903 2128 1904 2283 
3904 626 621 2264 
3905 2084 1532 2295 
3906 1486 1485 1637 
3907 328 329 597 
3908 1654 1650 2252 
3909 1008 2152 2244 
3910 1533 2209 2269 
3911 1539 1540 2301 
3912 1839 1846 2284 
3913 746 748 2267 
3914 759 762 2268 
3915 1532 1255 2295 
3916 1208 1451 2257 
3917 1337 2247 2312 
3918 2334 1418 2370 
3919 1203 1102 1212 
3920 1481 1483 1484 
3921 1411 1033 2266 
3922 1563 1298 2260 
3923 1402 1693 2260 
3924 908 1038 2266 
3925 2234 2130 2283 
3926 1038 1131 1132 
3927 1311 1314 2249 
3928 2209 875 2269 
3929 361 1948 2314 
3930 1252 2150 2315 
3931 1450 1406 2279 
3932 1484 1486 1701 
3933 1759 1757 2321 
3934 1355 1517 2274 
3935 2299 768 2301 
3936 520 360 2314 
3937 1751 1752 2552 
3938 764 768 2299 
3939 1350 1351 2305 
3940 900 903 2255 
3941 2025 1990 2275 
3942 1782 1355 2277 
3943 1557 1969 2416 
3944 477 478 551 
3945 1015 2111 2259 
3946 898 900 2255 
3947 1127 1544 2311 
3948 1265 2318 2337 
3949 1355 2274 2277 
3950 875 877 2269 
3951 1033 908 2266 
3952 2265 1528 2278 
3953 1179 1181 2272 
3954 1793 1408 2293 
3955 1517 2174 2273 
3956 1310 2285 2308 
3957 1517 2273 2274 
3958 1412 898 2255 
3959 1310 1273 2285 
3960 658 660 2300 
3961 1484 1483 1485 
3962 1585 1908 2323 
3963 572 1766 2519 
3964 2307 2104 2313 
3965 1527 2275 2281 
3966 712 2336 2350 
3967 343 344 599 
3968 349 350 598 
3969 996 1007 2276 
3970 2283 1257 2289 
3971 1830 1829 2342 
3972 1038 1132 2266 
3973 1019 634 2232 
3974 1647 1485 2282 
3975 807 1937 2281 
3976 1656 1654 2288 
3977 1739 1736 2323 
3978 1888 1890 2332 
3979 1539 2301 2307 
3980 1701 1486 1702 
3981 1893 1891 2332 
3982 1415 2289 2290 
3983 519 2424 2508 
3984 2285 1543 2308 
3985 1484 1485 1486 
3986 1697 1924 2315 
3987 1933 1271 2280 
3988 1102 1031 2270 
3989 1416 1024 2253 
3990 1031 1416 2270 
3991 1023 1036 2253 
3992 2136 2104 2307 
3993 1707 1751 2552 
3994 761 2268 2284 
3995 2247 1881 2312 
3996 2047 1056 2288 
3997 1471 2412 2421 
3998 2181 1412 2304 
3999 1684 1683 1685 
4000 2319 1514 2347 
4001 2289 1532 2290 
4002 1843 1627 2496 
4003 1257 1532 2289 
4004 1937 1376 2292 
4005 1024 1023 2253 
4006 1892 1893 2338 
4007 2130 1257 2283 
4008 2257 1671 2279 
4009 2252 2047 2288 
4010 1406 1405 2279 
4011 989 1415 2290 
4012 1411 2266 2294 
4013 2055 550 2480 
4014 1723 531 2489 
4015 2219 1783 2291 
4016 1415 2128 2289 
4017 1036 1109 2253 
4018 2127 2311 2316 
4019 1656 2288 2302 
4020 2188 1543 2285 
4021 1434 1411 2294 
4022 695 692 2331 
4023 1531 2090 2328 
4024 2268 762 2299 
4025 2281 1937 2292 
4026 529 2040 2403 
4027 1971 1530 2324 
4028 1125 2188 2285 
4029 2180 1534 2287 
4030 690 953 2331 
4031 2417 1911 2498 
4032 1853 573 2427 
4033 1654 2252 2288 
4034 1488 1427 2359 
4035 2280 1547 2304 
4036 2203 2180 2287 
4037 479 480 603 
4038 953 688 2333 
4039 2012 2462 2479 
4040 2194 799 2293 
4041 1244 1514 2319 
4042 680 677 2329 
4043 1840 2268 2299 
4044 1212 1102 2270 
4045 2418 1467 2475 
4046 1405 2257 2279 
4047 685 686 2333 
4048 1273 1125 2285 
4049 1351 2219 2291 
4050 2287 1534 2297 
4051 1435 1602 2335 
4052 1086 2213 2326 
4053 796 2190 2354 
4054 1010 2203 2287 
4055 551 478 1639 
4056 605 2129 2513 
4057 1808 882 2358 
4058 1785 1542 2361 
4059 2266 1132 2294 
4060 1265 1263 2318 
4061 2272 1425 2327 
4062 2288 1056 2302 
4063 1473 536 2524 
4064 1412 2280 2304 
4065 1550 2326 2348 
4066 916 1856 2296 
4067 2275 807 2281 
4068 1434 2294 2309 
4069 2313 1087 2316 
4070 593 512 2344 
4071 2104 1087 2313 
4072 1408 2194 2293 
4073 1255 1256 2295 
4074 369 370 2298 
4075 1659 1656 2302 
4076 712 2220 2322 
4077 1534 1535 2297 
4078 592 2486 2512 
4079 1478 1430 2346 
4080 623 2181 2304 
4081 1132 1280 2294 
4082 1056 1993 2302 
4083 304 595 2369 
4084 762 764 2299 
4085 2311 1419 2316 
4086 1840 2299 2301 
4087 1087 2127 2316 
4088 2318 1544 2337 
4089 1540 1840 2301 
4090 1539 2307 2313 
4091 814 658 2300 
4092 428 563 2351 
4093 630 627 2343 
4094 594 427 2351 
4095 1716 1441 2394 
4096 1263 1419 2318 
4097 1720 1350 2305 
4098 2295 1256 2306 
4099 1827 1828 2303 
4100 1427 1390 2353 
4101 2354 2190 2365 
4102 1454 1434 2309 
4103 1454 2309 2317 
4104 1734 1733 2421 
4105 2349 1542 2352 
4106 1813 1789 2400 
4107 2327 1425 2353 
4108 673 712 2350 
4109 2294 1280 2309 
4110 600 1681 2502 
4111 1547 1550 2345 
4112 882 888 2358 
4113 1256 1286 2306 
4114 2155 796 2347 
4115 768 2136 2307 
4116 1969 1557 2446 
4117 1312 1310 2308 
4118 2301 768 2307 
4119 922 1721 2426 
4120 1997 1999 2356 
4121 2006 2004 2356 
4122 1455 2383 2384 
4123 2306 1286 2310 
4124 1420 1539 2313 
4125 2271 630 2343 
4126 1420 2313 2316 
4127 878 876 2352 
4128 1286 1651 2310 
4129 1826 2271 2343 
4130 360 361 2314 
4131 2127 1127 2311 
4132 2150 1466 2315 
4133 1667 583 2585 
4134 1550 1422 2349 
4135 1419 1420 2316 
4136 1763 1759 2321 
4137 2311 1544 2318 
4138 1007 1533 2327 
4139 2304 1547 2345 
4140 1280 1604 2309 
4141 1815 1606 2398 
4142 1819 1816 2423 
4143 2225 1007 2327 
4144 954 1886 2421 
4145 813 1863 2392 
4146 1429 2308 2319 
4147 1086 2349 2352 
4148 2309 1604 2317 
4149 1400 2098 2348 
4150 2345 1550 2348 
4151 1429 2319 2347 
4152 2245 1337 2312 
4153 1736 1585 2323 
4154 1447 1717 2363 
4155 623 2304 2345 
4156 389 390 2364 
4157 1543 1244 2319 
4158 497 547 2375 
4159 573 496 2375 
4160 1529 1531 2325 
4161 1544 1545 2337 
4162 1530 1529 2324 
4163 1542 1270 2361 
4164 1442 1553 2392 
4165 1643 1454 2317 
4166 2324 1529 2325 
4167 2090 695 2328 
4168 1891 1888 2332 
4169 2337 1545 2340 
4170 2235 1535 2320 
4171 2220 1522 2322 
4172 1698 566 2476 
4173 2190 994 2365 
4174 1399 1195 2362 
4175 1267 1433 2361 
4176 1874 1844 2330 
4177 1238 1895 2370 
4178 1545 1551 2340 
4179 677 675 2329 
4180 1863 1804 2392 
4181 692 690 2331 
4182 1204 1731 2410 
4183 501 502 2373 
4184 529 2403 2430 
4185 2379 2132 2530 
4186 686 2079 2366 
4187 1829 1663 2342 
4188 2213 1400 2326 
4189 688 685 2333 
4190 1005 1035 2367 
4191 647 645 2372 
4192 1601 1652 2590 
4193 1001 1002 2367 
4194 1417 1328 2334 
4195 1202 2013 2429 
4196 1565 1435 2335 
4197 1895 1892 2338 
4198 384 540 2376 
4199 1675 1457 2339 
4200 1289 1265 2337 
4201 1610 1686 2371 
4202 641 639 2374 
4203 1785 2361 2378 
4204 1507 1709 2540 
4205 1292 2196 2383 
4206 1826 2343 2357 
4207 1533 2272 2327 
4208 2225 2327 2353 
4209 1419 2311 2318 
4210 2002 1151 2428 
4211 1289 2337 2340 
4212 377 378 2379 
4213 1833 1832 2341 
4214 1652 520 2590 
4215 994 2172 2382 
4216 2336 1719 2350 
4217 1653 1655 2381 
4218 2382 2172 2393 
4219 1602 1289 2340 
4220 1427 2353 2359 
4221 2222 1445 2380 
4222 1505 2122 2464 
4223 2132 592 2512 
4224 627 626 2343 
4225 2466 1855 2468 
4226 1693 1694 2499 
4227 1895 2366 2370 
4228 1401 1382 2388 
4229 2329 675 2350 
4230 1927 2237 2495 
4231 1867 623 2345 
4232 1605 1460 2395 
4233 1455 1643 2389 
4234 1422 1542 2349 
4235 2308 1543 2319 
4236 1479 1710 2488 
4237 1686 1332 2565 
4238 1526 1784 2411 
4239 1607 2222 2589 
4240 1719 2329 2350 
4241 1984 2482 2501 
4242 2542 1645 2570 
4243 2347 796 2354 
4244 512 513 2344 
4245 2326 1550 2349 
4246 1771 1423 2544 
4247 2264 619 2385 
4248 1430 1432 2346 
4249 1867 2345 2348 
4250 1613 1612 2447 
4251 1162 1202 2401 
4252 1223 1155 2401 
4253 1869 578 2390 
4254 1486 1637 2377 
4255 2249 1562 2368 
4256 2098 1867 2348 
4257 1514 2155 2347 
4258 1448 1450 2386 
4259 1870 922 2426 
4260 2365 994 2382 
4261 1628 1620 2402 
4262 1401 2388 2501 
4263 1205 1204 2410 
4264 412 413 2405 
4265 1145 1148 2406 
4266 1329 1851 2449 
4267 675 673 2350 
4268 427 428 2351 
4269 617 813 2385 
4270 1665 1348 2557 
4271 1863 813 2396 
4272 2013 1202 2462 
4273 1802 1799 2452 
4274 1717 1446 2407 
4275 2452 1799 2584 
4276 613 1958 2396 
4277 1985 1984 2501 
4278 856 854 2415 
4279 890 1911 2417 
4280 2338 686 2366 
4281 813 615 2396 
4282 1948 1669 2497 
4283 514 17 2525 
4284 876 1086 2352 
4285 1729 881 2411 
4286 1553 2264 2385 
4287 1388 1557 2416 
4288 1086 2326 2349 
4289 2386 549 2550 
4290 557 382 2413 
4291 593 2344 2457 
4292 1052 1833 2355 
4293 1428 1429 2354 
4294 1645 1644 2570 
4295 1606 1287 2398 
4296 888 1052 2358 
4297 2004 1997 2356 
4298 1432 2151 2416 
4299 2039 529 2430 
4300 1863 2396 2409 
4301 2172 815 2393 
4302 2343 626 2357 
4303 1895 2338 2366 
4304 1052 2355 2358 
4305 1609 1723 2587 
4306 454 577 2424 
4307 1390 2225 2353 
4308 1203 1212 2398 
4309 519 453 2424 
4310 1332 1686 2548 
4311 556 1918 2450 
4312 2393 815 2404 
4313 2399 1438 2414 
4314 1466 1464 2360 
4315 1425 1291 2359 
4316 1187 1467 2418 
4317 2013 2008 2429 
4318 483 484 2438 
4319 2005 2006 2429 
4320 1270 1267 2361 
4321 1151 1153 2428 
4322 1428 2354 2365 
4323 626 2264 2357 
4324 1195 1300 2362 
4325 1869 1579 2480 
4326 2344 1684 2457 
4327 1535 1447 2363 
4328 2322 1522 2394 
4329 2454 1598 2470 
4330 330 1786 2472 
4331 1968 546 2437 
4332 1211 1207 2439 
4333 881 2163 2411 
4334 1441 2322 2394 
4335 785 2185 2400 
4336 1698 2408 2561 
4337 1429 2347 2354 
4338 527 389 2364 
4339 1589 1582 2448 
4340 2424 1662 2508 
4341 1803 1723 2489 
4342 582 1969 2446 
4343 2079 1417 2366 
4344 1225 1922 2447 
4345 322 1480 2459 
4346 1291 1290 2435 
4347 1761 1766 2431 
4348 1044 1785 2378 
4349 2353 1425 2359 
4350 815 2160 2404 
4351 1002 1005 2367 
4352 1624 1627 2444 
4353 1764 1760 2431 
4354 2210 1428 2365 
4355 2366 1417 2370 
4356 1820 1213 2470 
4357 1779 1777 2425 
4358 645 788 2372 
4359 1301 1340 2445 
4360 1449 1600 2377 
4361 2335 537 2536 
4362 1479 2399 2414 
4363 1767 351 2535 
4364 1466 2360 2387 
4365 1538 2249 2368 
4366 1341 1349 2452 
4367 2456 599 2515 
4368 2364 390 2575 
4369 552 501 2373 
4370 639 785 2374 
4371 1044 2378 2384 
4372 2404 2160 2412 
4373 2330 1630 2391 
4374 496 497 2375 
4375 2039 2430 2463 
4376 383 384 2376 
4377 1753 561 2453 
4378 303 304 2369 
4379 1320 1329 2449 
4380 2449 1332 2548 
4381 1593 2032 2526 
4382 561 507 2453 
4383 1855 1854 2468 
4384 1202 1164 2462 
4385 1786 570 2397 
4386 1470 1488 2451 
4387 1820 2418 2475 
4388 2196 1044 2384 
4389 1811 1697 2387 
4390 432 433 2465 
4391 1445 1696 2380 
4392 378 2132 2379 
4393 1730 1702 2550 
4394 1843 1842 2474 
4395 1702 1486 2377 
4396 2032 1593 2547 
4397 2122 2121 2464 
4398 574 1855 2477 
4399 2360 1464 2403 
4400 1864 1473 2454 
4401 2320 1535 2363 
4402 569 1691 2555 
4403 1433 1453 2378 
4404 1655 1695 2381 
4405 2383 1455 2389 
4406 1984 538 2467 
4407 2339 1457 2426 
4408 1804 1442 2392 
4409 1217 1297 2469 
4410 2378 1453 2384 
4411 1496 1215 2469 
4412 602 1682 1700 
4413 1841 1831 2474 
4414 1697 2315 2387 
4415 578 1837 2390 
4416 1599 1292 2383 
4417 2122 1672 2554 
4418 2160 954 2412 
4419 2397 1458 2441 
4420 462 13 2504 
4421 2210 2365 2382 
4422 1437 2382 2393 
4423 1437 2210 2382 
4424 619 617 2385 
4425 13 463 2504 
4426 309 310 2476 
4427 1453 1455 2384 
4428 1817 2456 2515 
4429 1600 1448 2386 
4430 1173 1283 2479 
4431 546 2346 2437 
4432 2423 1816 2572 
4433 1484 1701 2442 
4434 376 11 2529 
4435 2388 1985 2501 
4436 1417 2334 2370 
4437 11 377 2529 
4438 1382 1561 2388 
4439 1480 1481 2442 
4440 1288 2454 2470 
4441 1148 2051 2391 
4442 2134 1437 2393 
4443 564 341 2578 
4444 1596 1588 2390 
4445 2253 1109 2434 
4446 2035 2036 2483 
4447 2033 2034 2483 
4448 1460 1645 2395 
4449 1522 1414 2394 
4450 550 1868 2480 
4451 429 430 2484 
4452 17 515 2525 
4453 1558 2069 2482 
4454 1348 1347 2507 
4455 590 2039 2463 
4456 383 2376 2413 
4457 1603 1606 2515 
4458 1458 1438 2399 
4459 2134 2393 2404 
4460 1287 1203 2398 
4461 1186 2286 2460 
4462 1909 313 2503 
4463 2011 2012 2493 
4464 581 358 2514 
4465 1559 1482 2458 
4466 1155 1162 2401 
4467 615 613 2396 
4468 1438 1487 2414 
4469 314 556 2503 
4470 310 311 2499 
4471 1762 1764 2408 
4472 1750 2364 2575 
4473 351 352 2535 
4474 1109 1071 2425 
4475 595 305 2519 
4476 1627 1626 2496 
4477 1464 1462 2403 
4478 2185 1813 2400 
4479 1620 1622 2402 
4480 1450 2279 2450 
4481 306 572 2519 
4482 1548 1669 2495 
4483 2451 1488 2468 
4484 1986 1549 2505 
4485 1487 1863 2409 
4486 1071 1197 2425 
4487 359 520 2514 
4488 2315 1466 2387 
4489 1297 1219 2506 
4490 1546 2237 2490 
4491 546 412 2405 
4492 584 1985 2520 
4493 1197 1198 2510 
4494 545 5 2513 
4495 865 1145 2406 
4496 1444 2134 2404 
4497 371 550 2531 
4498 1057 1058 2554 
4499 1281 1205 2410 
4500 1491 1679 2509 
4501 1259 1593 2526 
4502 1444 2404 2412 
4503 508 509 2527 
4504 601 1955 2542 
4505 2377 1637 2528 
4506 2129 2239 2494 
4507 565 1802 2440 
4508 1446 2164 2407 
4509 2014 583 2581 
4510 1113 2122 2554 
4511 1750 1746 2586 
4512 858 856 2543 
4513 1874 2562 2583 
4514 590 2463 2478 
4515 1921 1564 2546 
4516 1648 1554 2549 
4517 2031 2032 2547 
4518 1211 2171 2516 
4519 1698 2173 2408 
4520 1231 1296 2565 
4521 865 2406 2415 
4522 1630 1629 2539 
4523 515 516 602 
4524 1130 1941 2568 
4525 1958 1171 2409 
4526 391 586 2575 
4527 2346 1432 2437 
4528 1423 2165 2510 
4529 1487 2409 2414 
4530 2058 594 2523 
4531 2163 1526 2411 
4532 1909 1563 2518 
4533 1874 2330 2562 
4534 1201 1423 2510 
4535 1471 1444 2412 
4536 382 383 2413 
4537 1669 2310 2497 
4538 602 1681 1682 
4539 602 516 1681 
4540 1789 1192 2473 
4541 854 865 2415 
4542 2409 1171 2414 
4543 1035 2244 2528 
4544 1562 2228 2461 
4545 1288 1864 2454 
4546 2447 1922 2573 
4547 1340 2452 2584 
4548 2403 1462 2430 
4549 2151 1388 2416 
4550 1171 1479 2414 
4551 2368 1562 2461 
4552 2088 890 2417 
4553 1723 1538 2587 
4554 1600 2386 2550 
4555 1423 1293 2544 
4556 2298 370 2531 
4557 2184 1819 2423 
4558 1598 1187 2418 
4559 1604 1591 2566 
4560 1109 2425 2580 
4561 2407 2164 2427 
4562 2402 1622 2444 
4563 2368 553 2587 
4564 1886 1734 2421 
4565 2260 1693 2518 
4566 577 1874 2583 
4567 1602 2340 2436 
4568 1552 1559 2422 
4569 1694 1698 2476 
4570 453 454 2424 
4571 2042 590 2478 
4572 2153 593 2420 
4573 2286 1507 2460 
4574 2418 1820 2470 
4575 1192 1820 2475 
4576 1457 1870 2426 
4577 2473 1192 2475 
4578 1565 2335 2536 
4579 569 483 2438 
4580 1599 2383 2389 
4581 1678 1541 2494 
4582 1153 1223 2428 
4583 2008 2005 2429 
4584 1462 1461 2430 
4585 2364 1750 2586 
4586 2164 1470 2427 
4587 2043 1749 2537 
4588 1642 1640 2443 
4589 1760 1761 2431 
4590 2330 2391 2562 
4591 1284 1598 2432 
4592 1212 2270 2423 
4593 1969 1968 2437 
4594 1296 2371 2565 
4595 1488 2466 2468 
4596 1290 1492 2435 
4597 548 1853 2451 
4598 1449 2377 2528 
4599 2042 2478 2491 
4600 1631 2015 2553 
4601 1207 1281 2439 
4602 2015 1632 2560 
4603 2553 2015 2560 
4604 1700 514 2525 
4605 1416 2253 2434 
4606 1985 2388 2520 
4607 553 2368 2461 
4608 2560 1632 2564 
4609 1855 2435 2477 
4610 527 2364 2586 
4611 1482 544 2458 
4612 1473 2432 2454 
4613 2166 1001 2511 
4614 1622 1624 2444 
4615 2425 1777 2580 
4616 1300 1301 2445 
4617 1582 1872 2448 
4618 1978 582 2446 
4619 2391 1630 2539 
4620 1632 2105 2564 
4621 2564 2105 2571 
4622 1284 2432 2464 
4623 2430 1461 2463 
4624 1640 1692 2443 
4625 1953 1225 2447 
4626 565 2440 2535 
4627 2520 1561 2541 
4628 2537 1749 2558 
4629 1477 2341 2487 
4630 2105 1633 2571 
4631 594 2395 2523 
4632 1281 1707 2552 
4633 2397 1771 2544 
4634 1472 1864 2534 
4635 2507 1369 2569 
4636 1636 1320 2449 
4637 1749 1750 2558 
4638 2341 1832 2487 
4639 2340 1551 2436 
4640 1340 1341 2452 
4641 1148 2391 2539 
4642 302 600 2502 
4643 580 1927 2495 
4644 1212 2423 2572 
4645 541 2042 2491 
4646 1756 1753 2453 
4647 1481 1484 2442 
4648 507 508 2453 
4649 1617 1616 2577 
4650 1762 2408 2516 
4651 560 1909 2518 
4652 1560 1665 2557 
4653 1660 1560 2557 
4654 1488 2359 2466 
4655 2279 1671 2450 
4656 1978 2446 2467 
4657 2448 1872 2471 
4658 481 482 2555 
4659 1475 9 2556 
4660 1561 2072 2541 
4661 1461 2016 2463 
4662 1164 1166 2462 
4663 2391 2051 2562 
4664 1764 1850 2561 
4665 2335 1602 2563 
4666 2408 2173 2516 
4667 569 2438 2455 
4668 2121 1284 2464 
4669 343 599 2456 
4670 1559 2458 2509 
4671 2359 1291 2466 
4672 554 432 2465 
4673 2399 1479 2488 
4674 2228 1424 2545 
4675 2541 2072 2567 
4676 1651 1601 2590 
4677 463 596 2504 
4678 1685 1765 2533 
4679 484 485 2588 
4680 1684 1685 2457 
4681 433 434 2532 
4682 2477 1492 2485 
4683 1213 1288 2470 
4684 1854 548 2468 
4685 1662 1496 2508 
4686 538 1978 2467 
4687 2463 2016 2478 
4688 2465 1648 2549 
4689 2462 1166 2479 
4690 1215 1217 2469 
4691 2388 1561 2520 
4692 1833 2341 2569 
4693 1872 1586 2471 
4694 1613 2447 2573 
4695 2509 1679 2576 
4696 548 2451 2468 
4697 2512 1596 2530 
4698 1857 2477 2485 
4699 1832 1057 2487 
4700 2395 1645 2523 
4701 1914 2335 2563 
4702 1859 575 2538 
4703 1842 1841 2474 
4704 1555 1673 2473 
4705 597 329 2472 
4706 1681 517 2502 
4707 1467 1555 2475 
4708 2072 1597 2567 
4709 1555 2473 2475 
4710 566 309 2476 
4711 2386 1450 2582 
4712 1857 574 2477 
4713 539 1859 2559 
4714 2500 2389 2522 
4715 2016 1495 2478 
4716 1166 1173 2479 
4717 2471 1586 2486 
4718 1598 2418 2470 
4719 1868 1869 2480 
4720 1458 2399 2441 
4721 1691 603 2481 
4722 1001 2367 2511 
4723 2567 1597 2585 
4724 1612 1611 2517 
4725 1579 2055 2480 
4726 542 1857 2485 
4727 1923 2419 2573 
4728 2478 1495 2491 
4729 2369 595 2492 
4730 1523 1803 2489 
4731 2034 2035 2483 
4732 1709 551 2540 
4733 1685 1683 2492 
4734 1666 2440 2521 
4735 563 429 2484 
4736 2069 2231 2482 
4737 1586 1587 2486 
4738 1597 1667 2585 
4739 2464 2432 2524 
4740 1492 1599 2485 
4741 342 2456 2578 
4742 1853 2427 2451 
4743 2439 1281 2552 
4744 1672 1477 2487 
4745 537 2298 2536 
4746 1495 1986 2491 
4747 10 351 2551 
4748 1551 1546 2490 
4749 1859 2538 2559 
4750 434 541 2532 
4751 2239 1269 2494 
4752 1683 2369 2492 
4753 2021 2011 2493 
4754 351 1767 2551 
4755 2314 1948 2497 
4756 1626 1630 2496 
4757 2486 1587 2512 
4758 2371 1686 2565 
4759 1911 1100 2498 
4760 2482 2231 2501 
4761 311 560 2499 
4762 1858 542 2500 
4763 2237 1548 2495 
4764 1858 2500 2522 
4765 2427 1470 2451 
4766 2485 1599 2500 
4767 1663 462 2504 
4768 2298 1567 2536 
4769 1283 2043 2537 
4770 1347 1369 2507 
4771 542 2485 2500 
4772 313 314 2503 
4773 2432 1598 2454 
4774 2420 593 2457 
4775 1549 1648 2505 
4776 1219 1221 2506 
4777 1917 2386 2582 
4778 1850 566 2561 
4779 1450 2450 2582 
4780 1458 2397 2544 
4781 2231 1401 2501 
4782 2036 519 2508 
4783 2367 1647 2511 
4784 2458 1490 2509 
4785 1541 545 2513 
4786 1765 1763 2533 
4787 1587 1596 2512 
4788 482 569 2555 
4789 358 359 2514 
4790 602 1700 2525 
4791 1490 1491 2509 
4792 2171 1762 2516 
4793 1369 1833 2569 
4794 2244 1449 2528 
4795 1198 1201 2510 
4796 1651 2314 2497 
4797 1642 2443 2460 
4798 2173 1211 2516 
4799 2310 1651 2497 
4800 2506 1221 2526 
4801 1816 1815 2572 
4802 575 1858 2522 
4803 305 306 2519 
4804 1987 584 2520 
4805 1922 1923 2573 
4806 1349 1835 2521 
4807 352 565 2535 
4808 1955 2058 2523 
4809 1647 2282 2511 
4810 377 2379 2529 
4811 1563 2260 2518 
4812 604 376 2529 
4813 549 1730 2550 
4814 1221 1259 2526 
4815 1987 2520 2541 
4816 509 567 2527 
4817 2435 1492 2477 
4818 1864 1603 2534 
4819 370 371 2531 
4820 9 347 2556 
4821 1567 1565 2536 
4822 1641 1631 2553 
4823 1799 1797 2584 
4824 2481 481 2555 
4825 1629 1634 2539 
4826 1942 601 2542 
4827 528 1987 2541 
4828 2389 1643 2522 
4829 2371 1296 2517 
4830 861 858 2543 
4831 1564 1706 2546 
4832 1554 1921 2549 
4833 485 539 2588 
4834 522 2031 2547 
4835 1633 1617 2577 
4836 1293 1458 2544 
4837 528 2541 2567 
4838 1942 2542 2570 
4839 1058 1113 2554 
4840 1946 861 2560 
4841 586 2021 2558 
4842 579 1914 2563 
4843 2445 1340 2584 
4844 522 2547 2574 
4845 1777 1778 2580 
4846 2051 1497 2562 
4847 350 10 2551 
4848 861 2553 2560 
4849 2021 2537 2558 
4850 1332 1231 2565 
4851 1946 2560 2564 
4852 920 2564 2571 
4853 1992 528 2567 
4854 1941 920 2571 
4855 341 342 2578 
4856 568 1942 2570 
4857 920 1946 2564 
4858 1918 1917 2582 
4859 1923 1130 2568 
4860 2250 1475 2556 
4861 2562 1497 2583 
4862 1602 2436 2563 
4863 2030 522 2574 
4864 390 391 2575 
4865 1992 2567 2585 
4866 2001 2014 2581 
4867 2030 2574 2589 
4868 583 1992 2585 
4869 1746 1744 2586 
4870 1497 1662 2583 
4871 1591 1676 2566 
4872 587 2030 2589 
4873 1599 2389 2500 
4874 1643 2317 2538 
4875 1679 2498 2576 
4876 597 2441 2488 
4877 2538 2317 2559 
4878 2434 1109 2580 
4879 2398 1212 2572 
4880 2317 1604 2559 
4881 2450 1918 2582 
4882 604 2379 2530 
4883 2441 2399 2488 
4884 1100 2422 2498 
4885 2456 1817 2578 
4886 2379 604 2529 
4887 1505 2464 2524 
4888 1815 2398 2572 
4889 2436 579 2563 
4890 515 602 2525 
4891 2420 2457 2533 
4892 1636 2449 2548 
4893 2457 1685 2533 
4894 554 2465 2549 
4895 1559 2509 2576 
4896 2432 1473 2524 
4897 1763 2420 2533 
4898 1538 2368 2587 
4899 2408 1764 2561 
4900 541 2505 2532 
4901 2493 1283 2537 
4902 1797 2445 2584 
4903 2522 1643 2538 
4904 575 2522 2538 
4905 2419 1613 2573 
4906 1778 2434 2580 
4907 2422 1559 2576 
4908 2021 2493 2537 
4909 2505 1648 2532 
4910 1603 2515 2534 
4911 1691 2481 2555 
4912 2515 599 2534 
4913 2543 1641 2553 
4914 2498 2422 2576 
4915 861 2543 2553 
4916 539 2566 2588 
4917 2568 1633 2577 
4918 1923 2568 2577 
4919 2566 1676 2588 
$EndElements
