$MeshFormat
4.1 0 8
$EndMeshFormat
$Entities
22 33 1 0
1 0 0 0 0 
2 0 3 0 0 
3 0 13.5 0 0 
4 0 15 0 0 
5 1.5 15 0 0 
6 0 16.5 0 0 
7 0 23.5 0 0 
8 0 25 0 0 
9 1.5 25 0 0 
10 0 26.5 0 0 
11 0 40 0 0 
12 23.09401076758503 40 0 0 
13 13.04700538379251 22.59807621135332 0 0 
14 11.54700538379251 20 0 0 
15 8.547005383792515 20 0 0 
16 10.04700538379251 17.40192378864668 0 0 
17 1.5 2.598076211353316 0 0 
18 11.54700538379251 35 0 0 
19 13.04700538379251 35 0 0 
20 11.54700538379251 36.5 0 0 
21 10.04700538379251 35 0 0 
22 11.54700538379251 33.5 0 0 
1 0 0 0 0 40 0 0 2 1 -11 
2 0 40 0 23.09401076758503 40 0 0 2 11 -12 
3 0 0 0 23.09401076758503 40 0 0 2 12 -1 
4 0 0 0 0 3 0 0 2 1 -2 
5 0 2.598076211353316 0 1.5 3 0 0 2 2 -17 
6 0 0 0 1.5 2.598076211353316 0 0 2 17 -1 
7 0 13.5 0 0 16.5 0 0 2 3 -6 
8 0 15 0 1.5 16.5 0 0 2 6 -5 
9 1.110223024625157e-16 13.5 0 1.5 15 0 0 2 5 -3 
10 0 23.5 0 0 26.5 0 0 2 7 -10 
11 0 25 0 1.5 26.5 0 0 2 10 -9 
12 1.110223024625157e-16 23.5 0 1.5 25 0 0 2 9 -7 
13 11.54700538379251 35 0 13.04700538379251 36.5 0 0 2 19 -20 
14 10.04700538379251 35 0 11.54700538379251 36.5 0 0 2 20 -21 
15 10.04700538379251 33.5 0 11.54700538379251 35 0 0 2 21 -22 
16 11.54700538379251 33.5 0 13.04700538379251 35 0 0 2 22 -19 
17 11.54700538379251 20 0 13.04700538379251 22.59807621135332 0 0 2 13 -14 
18 10.04700538379251 17.40192378864668 0 11.54700538379251 20 0 0 2 14 -16 
19 8.547005383792515 17.40192378864668 0 10.04700538379251 20 0 0 2 16 -15 
20 8.547005383792515 20 0 13.04700538379251 22.9949244748138 0 0 2 15 -13 
21 0 3 0 0 13.5 0 0 2 2 -3 
22 0 13.5 0 1.5 15 0 0 2 3 -5 
23 1.110223024625157e-16 15 0 1.5 16.5 0 0 2 5 -6 
24 0 16.5 0 0 23.5 0 0 2 6 -7 
25 0 23.5 0 1.5 25 0 0 2 7 -9 
26 1.110223024625157e-16 25 0 1.5 26.5 0 0 2 9 -10 
27 0 26.5 0 0 40 0 0 2 10 -11 
28 0 40 0 23.09401076758503 40 0 0 2 11 -12 
29 13.04700538379251 22.59807621135332 0 23.09401076758503 40 0 0 2 12 -13 
30 8.547005383792515 20 0 13.04700538379251 22.9949244748138 0 0 2 13 -15 
31 8.547005383792515 17.40192378864668 0 10.04700538379251 20 0 0 2 15 -16 
32 1.5 2.598076211353316 0 10.04700538379251 17.40192378864668 0 0 2 16 -17 
33 -2.220446049250313e-16 2.598076211353316 0 1.5 3 0 0 2 17 -2 
11 0 2.598076211353316 0 23.09401076758503 40 0 0 17 21 22 23 24 25 26 27 28 29 30 31 32 33 -16 -15 -14 -13 
$EndEntities
$Nodes
56 2614 1 2614
0 1 0 1
1
0 0 0
0 2 0 1
2
0 3 0
0 3 0 1
3
0 13.5 0
0 4 0 1
4
0 15 0
0 5 0 1
5
1.5 15 0
0 6 0 1
6
0 16.5 0
0 7 0 1
7
0 23.5 0
0 8 0 1
8
0 25 0
0 9 0 1
9
1.5 25 0
0 10 0 1
10
0 26.5 0
0 11 0 1
11
0 40 0
0 12 0 1
12
23.09401076758503 40 0
0 13 0 1
13
13.04700538379251 22.59807621135332 0
0 14 0 1
14
11.54700538379251 20 0
0 15 0 1
15
8.547005383792515 20 0
0 16 0 1
16
10.04700538379251 17.40192378864668 0
0 17 0 1
17
1.5 2.598076211353316 0
0 18 0 1
18
11.54700538379251 35 0
0 19 0 1
19
13.04700538379251 35 0
0 20 0 1
20
11.54700538379251 36.5 0
0 21 0 1
21
10.04700538379251 35 0
0 22 0 1
22
11.54700538379251 33.5 0
1 1 0 79
23
24
25
26
27
28
29
30
31
32
33
34
35
36
37
38
39
40
41
42
43
44
45
46
47
48
49
50
51
52
53
54
55
56
57
58
59
60
61
62
63
64
65
66
67
68
69
70
71
72
73
74
75
76
77
78
79
80
81
82
83
84
85
86
87
88
89
90
91
92
93
94
95
96
97
98
99
100
101
0 0.4999999999996314 0
0 0.9999999999992715 0
0 1.499999999998781 0
0 1.999999999998196 0
0 2.499999999997793 0
0 2.999999999997441 0
0 3.49999999999709 0
0 3.999999999996739 0
0 4.499999999996389 0
0 4.999999999995865 0
0 5.499999999994577 0
0 5.999999999993115 0
0 6.499999999991655 0
0 6.999999999990195 0
0 7.499999999988733 0
0 7.999999999987272 0
0 8.49999999998581 0
0 8.99999999998435 0
0 9.49999999998289 0
0 9.999999999981428 0
0 10.49999999997997 0
0 10.9999999999785 0
0 11.49999999997704 0
0 11.99999999997558 0
0 12.49999999997412 0
0 12.99999999997266 0
0 13.4999999999712 0
0 13.99999999996974 0
0 14.49999999996828 0
0 14.99999999996682 0
0 15.49999999996536 0
0 15.99999999996404 0
0 16.49999999996424 0
0 16.999999999965 0
0 17.49999999996576 0
0 17.99999999996652 0
0 18.49999999996728 0
0 18.99999999996804 0
0 19.49999999996879 0
0 19.99999999996955 0
0 20.49999999997031 0
0 20.99999999997107 0
0 21.49999999997183 0
0 21.99999999997259 0
0 22.49999999997335 0
0 22.9999999999741 0
0 23.49999999997486 0
0 23.99999999997562 0
0 24.49999999997638 0
0 24.99999999997714 0
0 25.4999999999779 0
0 25.99999999997866 0
0 26.49999999997942 0
0 26.99999999998018 0
0 27.49999999998094 0
0 27.99999999998169 0
0 28.49999999998246 0
0 28.99999999998321 0
0 29.49999999998397 0
0 29.99999999998473 0
0 30.49999999998548 0
0 30.99999999998625 0
0 31.499999999987 0
0 31.99999999998777 0
0 32.49999999998853 0
0 32.9999999999893 0
0 33.49999999999006 0
0 33.99999999999083 0
0 34.49999999999159 0
0 34.99999999999235 0
0 35.49999999999312 0
0 35.99999999999388 0
0 36.49999999999464 0
0 36.99999999999541 0
0 37.49999999999618 0
0 37.99999999999694 0
0 38.4999999999977 0
0 38.99999999999847 0
0 39.49999999999923 0
1 2 0 46
102
103
104
105
106
107
108
109
110
111
112
113
114
115
116
117
118
119
120
121
122
123
124
125
126
127
128
129
130
131
132
133
134
135
136
137
138
139
140
141
142
143
144
145
146
147
0.491361931224304 40 0
0.9827238624485238 40 0
1.474085793672701 40 0
1.965447724897154 40 0
2.456809656121791 40 0
2.948171587346132 40 0
3.439533518569935 40 0
3.930895449793679 40 0
4.422257381017426 40 0
4.913619312241643 40 0
5.404981243465696 40 0
5.896343174688973 40 0
6.38770510591256 40 0
6.879067037136778 40 0
7.370428968360849 40 0
7.861790899584146 40 0
8.353152830807419 40 0
8.844514762030693 40 0
9.335876693254573 40 0
9.82723862447879 40 0
10.3186005557026 40 0
10.80996248692587 40 0
11.30132441814971 40 0
11.79268634937487 40 0
12.28404828060136 40 0
12.77541021182841 40 0
13.26677214305493 40 0
13.75813407428104 40 0
14.24949600550749 40 0
14.74085793673454 40 0
15.2322198679611 40 0
15.72358179918721 40 0
16.21494373041396 40 0
16.70630566164073 40 0
17.19766759286715 40 0
17.68902952409369 40 0
18.18039145531939 40 0
18.67175338654679 40 0
19.16311531777279 40 0
19.6544772489985 40 0
20.1458391802262 40 0
20.63720111145282 40 0
21.12856304267953 40 0
21.61992497390596 40 0
22.11128690513162 40 0
22.60264883635917 40 0
1 3 0 92
148
149
150
151
152
153
154
155
156
157
158
159
160
161
162
163
164
165
166
167
168
169
170
171
172
173
174
175
176
177
178
179
180
181
182
183
184
185
186
187
188
189
190
191
192
193
194
195
196
197
198
199
200
201
202
203
204
205
206
207
208
209
210
211
212
213
214
215
216
217
218
219
220
221
222
223
224
225
226
227
228
229
230
231
232
233
234
235
236
237
238
239
22.84568807115956 39.56989247311859 0
22.59736537473391 39.13978494623687 0
22.34904267830849 38.70967741935553 0
22.10071998188324 38.27956989247449 0
21.85239728545768 37.84946236559292 0
21.60407458903208 37.41935483871129 0
21.35575189260668 36.98924731182998 0
21.1074291961811 36.55913978494837 0
20.85910649975552 36.12903225806677 0
20.61078380333012 35.69892473118547 0
20.36246110690452 35.26881720430382 0
20.11413841047887 34.83870967742211 0
19.86581571405338 34.40860215054066 0
19.61749301762793 33.97849462365927 0
19.3691703212024 33.54838709677775 0
19.12084762477717 33.11827956989676 0
18.87252492835194 32.68817204301575 0
18.6242022319264 32.25806451613421 0
18.37587953550076 31.82795698925249 0
18.12755683907511 31.39784946237078 0
17.87923414264947 30.96774193548906 0
17.6309114462241 30.53763440860781 0
17.38258874979893 30.10752688172693 0
17.13426605337358 29.67741935484571 0
16.88594335694794 29.247311827964 0
16.63762066052229 28.81720430108228 0
16.38929796409665 28.38709677420056 0
16.1409752676711 27.95698924731901 0
15.89265257124578 27.52688172043784 0
15.64432987482035 27.09677419355651 0
15.39600717839483 26.666666666675 0
15.14768448196949 26.2365591397938 0
14.89936178554417 25.80645161291264 0
14.65103908911876 25.37634408603134 0
14.40271639269336 24.94623655915004 0
14.15439369626795 24.51612903226873 0
13.90607099984246 24.08602150538729 0
13.65774830341694 23.65591397850578 0
13.40942560699142 23.22580645162427 0
13.16110291056589 22.79569892474276 0
12.9127802141404 22.36559139786131 0
12.664457517715 21.93548387098001 0
12.4161348212896 21.5053763440987 0
12.16781212486419 21.0752688172174 0
11.9194894284387 20.64516129033595 0
11.67116673201318 20.21505376345444 0
11.42284403558753 19.78494623657273 0
11.17452133916177 19.3548387096908 0
10.92619864273597 18.92473118280881 0
10.67787594631009 18.49462365592668 0
10.42955324988421 18.06451612904456 0
10.18123055345833 17.63440860216243 0
9.932907857032527 17.20430107528044 0
9.684585160606767 16.77419354839852 0
9.436262464181006 16.3440860215166 0
9.187939767755243 15.91397849463467 0
8.939617071329442 15.48387096775268 0
8.69129437490356 15.05376344087055 0
8.442971678477679 14.62365591398843 0
8.194648982051799 14.1935483871063 0
7.946326285625998 13.76344086022431 0
7.698003589200235 13.33333333334238 0
7.449680892774476 12.90322580646047 0
7.201358196348707 12.47311827957853 0
6.953035499922823 12.0430107526964 0
6.704712803497085 11.61290322581451 0
6.456390107071194 11.18279569893237 0
6.208067410645175 10.75268817205 0
5.959744714219458 10.32258064516816 0
5.711422017793755 9.892473118286343 0
5.463099321367871 9.462365591404208 0
5.214776624942179 9.032258064522406 0
4.966453928516447 8.60215053764054 0
4.718131232090418 8.172043010758152 0
4.469808535664551 7.741935483876048 0
4.221485839238905 7.311827956994328 0
3.973163142813089 6.88172043011231 0
3.724840446387272 6.451612903230291 0
3.476517749961626 6.021505376348571 0
3.228195053535771 5.591397849466489 0
2.979872357109734 5.161290322584087 0
2.731549660683999 4.73118279570221 0
2.483226964258098 4.30107526882005 0
2.234904267832086 3.87096774193769 0
1.986581571406372 3.440860215055856 0
1.738258874980666 3.01075268817403 0
1.489936178554782 2.580645161291898 0
1.24161348212909 2.150537634410099 0
0.9932907857033584 1.720430107528223 0
0.7449680892773252 1.290322580645835 0
0.496645392851466 0.8602150537637385 0
0.2483226964258201 0.4301075268820256 0
1 4 0 5
240
241
242
243
244
0 0.499999999997822 0
0 0.9999999999960245 0
0 1.499999999994285 0
0 1.999999999996158 0
0 2.499999999998079 0
1 5 0 3
245
246
247
0.3915785776877819 2.974334583986142 0
0.7764571373960036 2.897777478307609 0
1.148050298112204 2.771638597112632 0
1 6 0 5
248
249
250
251
252
1.250000000001722 2.16506350946408 0
1.000000000003359 1.732050807574695 0
0.7500000000037259 1.299038105683112 0
0.5000000000033068 0.8660254037901665 0
0.2500000000022564 0.4330127018961276 0
1 7 0 5
253
254
255
256
257
0 13.9999999999852 0
0 14.49999999997039 0
0 14.99999999995594 0
0 15.4999999999704 0
0 15.9999999999852 0
1 8 0 4
258
259
260
261
0.4635254931075953 16.42658477394067 0
0.8816778800188534 16.21352549041438 0
1.213525492112263 15.88167787768192 0
1.42658477450004 15.46352549138604 0
1 9 0 4
262
263
264
265
1.426584773680839 14.53647450609272 0
1.21352548899031 14.11832211802108 0
0.8816778765325132 13.78647450705265 0
0.4635254907439747 13.57341522529134 0
1 10 0 5
266
267
268
269
270
0 24 0
0 24.5 0
0 25 0
0 25.5 0
0 26 0
1 11 0 4
271
272
273
274
0.4635254938605111 26.42658477369604 0
0.8816778812997905 26.21352548948373 0
1.213525493279182 25.88167787607579 0
1.426584775176975 25.46352548930265 0
1 12 0 4
275
276
277
278
1.42658477471384 24.53647450927197 0
1.213525491285363 24.11832212117995 0
0.8816778788990745 23.78647450877205 0
0.4635254924100846 23.57341522583269 0
1 13 0 4
279
280
281
282
12.97359015576582 35.46352549916252 0
12.76053087081513 35.88167788468721 0
12.42868325762896 36.21352549490616 0
12.01053087537463 36.42658477443633 0
1 14 0 4
283
284
285
286
11.08347989079338 36.42658477397592 0
10.66532750527914 36.21352549150818 0
10.33347989308886 35.8816778796207 0
10.12042061061741 35.46352549546378 0
1 15 0 4
287
288
289
290
10.12042061181921 34.53647450083748 0
10.3334798967699 34.11832211531279 0
10.66532750995607 33.78647450509384 0
11.08347989221039 33.57341522556367 0
1 16 0 4
291
292
293
294
12.01053087679165 33.57341522602408 0
12.42868326230588 33.78647450849182 0
12.76053087449617 34.1183221203793 0
12.97359015696762 34.53647450453622 0
1 17 0 5
295
296
297
298
299
12.79700538379291 22.16506350946179 0
12.54700538379332 21.73205080757026 0
12.29700538379372 21.29903810567874 0
12.04700538379412 20.86602540378721 0
11.79700538379342 20.43301270189378 0
1 18 0 5
300
301
302
303
304
11.29700538379291 19.56698729810847 0
11.04700538379332 19.13397459621695 0
10.79700538379372 18.70096189432542 0
10.54700538379412 18.26794919243389 0
10.29700538379342 17.83493649054046 0
1 19 0 6
305
306
307
308
309
310
9.676535977975504 17.65450555278795 0
9.347849765980961 17.95948178918984 0
9.068289057029556 18.31003983140467 0
8.844098777374892 18.69834878827546 0
8.680286965287468 19.11573448048455 0
8.580512904552558 19.55287320521716 0
1 20 0 12
311
312
313
314
315
316
317
318
319
320
321
322
8.585854595971922 20.48123384314643 0
8.701396058844733 20.95000398408124 0
8.890637308990675 21.39416952024263 0
9.148677097120007 21.80222679742215 0
9.468832328962115 22.16360734750483 0
9.842811151398672 22.46895160306466 0
10.26092770682973 22.71035130726959 0
10.71235299975488 22.88155433712785 0
11.18539534906499 22.97812662302736 0
11.66780320922421 22.99756699430905 0
12.14708246795181 22.93937195554881 0
12.61082004636482 22.80504872750834 0
1 21 0 20
323
324
325
326
327
328
329
330
331
332
333
334
335
336
337
338
339
340
341
342
0 3.499999999998718 0
0 3.99999999999747 0
0 4.499999999998163 0
0 4.999999999998996 0
0 5.499999999999829 0
0 6.000000000000663 0
0 6.500000000001496 0
0 7.000000000002064 0
0 7.499999999998749 0
0 7.999999999995021 0
0 8.499999999991644 0
0 8.999999999992479 0
0 9.499999999993314 0
0 9.999999999994149 0
0 10.49999999999499 0
0 10.99999999999582 0
0 11.49999999999666 0
0 11.99999999999749 0
0 12.49999999999833 0
0 12.99999999999916 0
1 22 0 4
343
344
345
346
0.4635254928768822 13.57341522598436 0
0.8816778802319386 13.78647450974044 0
1.213525491682871 14.11832212172708 0
1.426584774387168 14.53647450826658 0
1 23 0 4
347
348
349
350
1.426584773732931 15.46352549374696 0
1.213525489188478 15.88167788170616 0
0.8816778770747333 16.21352549255341 0
0.4635254913377639 16.42658477451572 0
1 24 0 13
351
352
353
354
355
356
357
358
359
360
361
362
363
0 17 0
0 17.5 0
0 18 0
0 18.5 0
0 19 0
0 19.5 0
0 20 0
0 20.5 0
0 21 0
0 21.5 0
0 22 0
0 22.5 0
0 23 0
1 25 0 4
364
365
366
367
0.4635254938605111 23.57341522630396 0
0.8816778812997905 23.78647451051627 0
1.213525493279182 24.11832212392421 0
1.426584775176975 24.53647451069735 0
1 26 0 4
368
369
370
371
1.42658477471384 25.46352549072803 0
1.213525491285363 25.88167787882005 0
0.8816778788990745 26.21352549122795 0
0.4635254924100846 26.42658477416731 0
1 27 0 26
372
373
374
375
376
377
378
379
380
381
382
383
384
385
386
387
388
389
390
391
392
393
394
395
396
397
0 27 0
0 27.5 0
0 28 0
0 28.5 0
0 29 0
0 29.5 0
0 30 0
0 30.5 0
0 31 0
0 31.5 0
0 32 0
0 32.5 0
0 33 0
0 33.5 0
0 34 0
0 34.5 0
0 35 0
0 35.5 0
0 36 0
0 36.5 0
0 37 0
0 37.5 0
0 38 0
0 38.5 0
0 39 0
0 39.5 0
1 28 0 46
398
399
400
401
402
403
404
405
406
407
408
409
410
411
412
413
414
415
416
417
418
419
420
421
422
423
424
425
426
427
428
429
430
431
432
433
434
435
436
437
438
439
440
441
442
443
0.491361931224304 40 0
0.9827238624485238 40 0
1.474085793672701 40 0
1.965447724897154 40 0
2.456809656121791 40 0
2.948171587346132 40 0
3.439533518569935 40 0
3.930895449793679 40 0
4.422257381017426 40 0
4.913619312241643 40 0
5.404981243465696 40 0
5.896343174688973 40 0
6.38770510591256 40 0
6.879067037136778 40 0
7.370428968360849 40 0
7.861790899584146 40 0
8.353152830807419 40 0
8.844514762030693 40 0
9.335876693254573 40 0
9.82723862447879 40 0
10.3186005557026 40 0
10.80996248692587 40 0
11.30132441814971 40 0
11.79268634937487 40 0
12.28404828060136 40 0
12.77541021182841 40 0
13.26677214305493 40 0
13.75813407428104 40 0
14.24949600550749 40 0
14.74085793673454 40 0
15.2322198679611 40 0
15.72358179918721 40 0
16.21494373041396 40 0
16.70630566164073 40 0
17.19766759286715 40 0
17.68902952409369 40 0
18.18039145531939 40 0
18.67175338654679 40 0
19.16311531777279 40 0
19.6544772489985 40 0
20.1458391802262 40 0
20.63720111145282 40 0
21.12856304267953 40 0
21.61992497390596 40 0
22.11128690513162 40 0
22.60264883635917 40 0
1 29 0 40
444
445
446
447
448
449
450
451
452
453
454
455
456
457
458
459
460
461
462
463
464
465
466
467
468
469
470
471
472
473
474
475
476
477
478
479
480
481
482
483
22.8489618557849 39.5755628344227 0
22.60391294398677 39.15112566884888 0
22.35886403218669 38.72668850327168 0
22.1138151203882 38.30225133769724 0
21.86876620858843 37.87781417212056 0
21.62371729678971 37.45337700654572 0
21.37866838499105 37.02893984097098 0
21.13361947319165 36.60450267539495 0
20.8885705613933 36.18006550982074 0
20.64352164959327 35.75562834424363 0
20.39847273779438 35.33119117866849 0
20.15342382599459 34.90675401309178 0
19.90837491419504 34.48231684751551 0
19.66332600239659 34.05787968194112 0
19.41827709059651 33.63344251636392 0
19.17322817879969 33.20900535079235 0
18.92817926700019 32.78456818521616 0
18.68313035520174 32.36013101964178 0
18.43808144340193 31.93569385406504 0
18.19303253160202 31.51125668848813 0
17.94798361980234 31.08681952291162 0
17.70293470800159 30.66238235733325 0
17.45788579620143 30.23794519175593 0
17.21283688440159 29.81350802617914 0
16.96778797260087 29.38907086060083 0
16.72273906080012 28.96463369502246 0
16.47769014899942 28.54019652944418 0
16.23264123719957 28.11575936386737 0
15.98759232539927 27.6913221982898 0
15.74254341359866 27.26688503271167 0
15.49749450179791 26.84244786713331 0
15.25244558999716 26.41801070155494 0
15.007396678197 25.99357353597761 0
14.76234776639659 25.56913637039983 0
14.51729885459627 25.14469920482221 0
14.27224994279551 24.72026203924383 0
14.02720103099476 24.29582487366546 0
13.78215211919418 23.87138770808739 0
13.53710320739342 23.44695054250902 0
13.29205429559323 23.02251337693162 0
1 30 0 12
484
485
486
487
488
489
490
491
492
493
494
495
12.61082004340817 22.80504872862965 0
12.14708246119321 22.9393719569286 0
11.66780319938379 22.9975669947056 0
11.1853953375847 22.9781266216334 0
10.71235298508094 22.88155433287749 0
10.26092769117536 22.71035129984151 0
9.842811137184222 22.46895159325314 0
9.468832319020148 22.16360733795544 0
9.14867709046216 21.80222678856217 0
8.890637305209577 21.39416951303835 0
8.701396057055414 20.95000397872158 0
8.585854595555546 20.48123384058437 0
1 31 0 6
496
497
498
499
500
501
8.580512905410522 19.55287319952494 0
8.680286967299255 19.1157344739625 0
8.844098781908841 18.69834877886062 0
9.068289061310331 18.31003982512593 0
9.34784976872535 17.9594817862321 0
9.676535979678388 17.65450555142995 0
1 32 0 34
502
503
504
505
506
507
508
509
510
511
512
513
514
515
516
517
518
519
520
521
522
523
524
525
526
527
528
529
530
531
532
533
534
535
9.80280522996989 16.97895671500976 0
9.558605076147265 16.55598964137284 0
9.314404922324547 16.13302256773576 0
9.070204768501281 15.71005549409773 0
8.826004614678828 15.2870884204611 0
8.5818044608567 14.86412134682504 0
8.337604307034747 14.44115427318928 0
8.093404153212729 14.01818719955341 0
7.849203999390666 13.59522012591747 0
7.605003845568564 13.17225305228145 0
7.360803691746586 12.74928597864565 0
7.116603537924458 12.32631890500959 0
6.872403384102398 11.90335183137365 0
6.628203230280292 11.48038475773762 0
6.384003076458164 11.05741768410156 0
6.13980292263606 10.63445061046554 0
5.895602768814004 10.2114835368296 0
5.651402614991264 9.788516463192485 0
5.407202461167669 9.365549389553882 0
5.163002307344676 8.942582315916324 0
4.918802153521771 8.519615242278915 0
4.674601999698778 8.096648168641357 0
4.430401845875785 7.673681095003799 0
4.186201692052792 7.250714021366239 0
3.9420015382298 6.827746947728681 0
3.697801384406807 6.404779874091123 0
3.453601230583814 5.981812800453564 0
3.209401076760821 5.558845726816006 0
2.965200922937828 5.135878653178446 0
2.721000769114836 4.712911579540888 0
2.476800615291843 4.289944505903328 0
2.232600461468894 3.866977432265847 0
1.988400307645986 3.444010358628432 0
1.744200153822991 3.021043284990872 0
1 33 0 3
536
537
538
1.14805029631856 2.771638597855584 0
0.7764571332536567 2.897777479417547 0
0.3915785756267863 2.974334584257476 0
2 11 0 2076
539
540
541
542
543
544
545
546
547
548
549
550
551
552
553
554
555
556
557
558
559
560
561
562
563
564
565
566
567
568
569
570
571
572
573
574
575
576
577
578
579
580
581
582
583
584
585
586
587
588
589
590
591
592
593
594
595
596
597
598
599
600
601
602
603
604
605
606
607
608
609
610
611
612
613
614
615
616
617
618
619
620
621
622
623
624
625
626
627
628
629
630
631
632
633
634
635
636
637
638
639
640
641
642
643
644
645
646
647
648
649
650
651
652
653
654
655
656
657
658
659
660
661
662
663
664
665
666
667
668
669
670
671
672
673
674
675
676
677
678
679
680
681
682
683
684
685
686
687
688
689
690
691
692
693
694
695
696
697
698
699
700
701
702
703
704
705
706
707
708
709
710
711
712
713
714
715
716
717
718
719
720
721
722
723
724
725
726
727
728
729
730
731
732
733
734
735
736
737
738
739
740
741
742
743
744
745
746
747
748
749
750
751
752
753
754
755
756
757
758
759
760
761
762
763
764
765
766
767
768
769
770
771
772
773
774
775
776
777
778
779
780
781
782
783
784
785
786
787
788
789
790
791
792
793
794
795
796
797
798
799
800
801
802
803
804
805
806
807
808
809
810
811
812
813
814
815
816
817
818
819
820
821
822
823
824
825
826
827
828
829
830
831
832
833
834
835
836
837
838
839
840
841
842
843
844
845
846
847
848
849
850
851
852
853
854
855
856
857
858
859
860
861
862
863
864
865
866
867
868
869
870
871
872
873
874
875
876
877
878
879
880
881
882
883
884
885
886
887
888
889
890
891
892
893
894
895
896
897
898
899
900
901
902
903
904
905
906
907
908
909
910
911
912
913
914
915
916
917
918
919
920
921
922
923
924
925
926
927
928
929
930
931
932
933
934
935
936
937
938
939
940
941
942
943
944
945
946
947
948
949
950
951
952
953
954
955
956
957
958
959
960
961
962
963
964
965
966
967
968
969
970
971
972
973
974
975
976
977
978
979
980
981
982
983
984
985
986
987
988
989
990
991
992
993
994
995
996
997
998
999
1000
1001
1002
1003
1004
1005
1006
1007
1008
1009
1010
1011
1012
1013
1014
1015
1016
1017
1018
1019
1020
1021
1022
1023
1024
1025
1026
1027
1028
1029
1030
1031
1032
1033
1034
1035
1036
1037
1038
1039
1040
1041
1042
1043
1044
1045
1046
1047
1048
1049
1050
1051
1052
1053
1054
1055
1056
1057
1058
1059
1060
1061
1062
1063
1064
1065
1066
1067
1068
1069
1070
1071
1072
1073
1074
1075
1076
1077
1078
1079
1080
1081
1082
1083
1084
1085
1086
1087
1088
1089
1090
1091
1092
1093
1094
1095
1096
1097
1098
1099
1100
1101
1102
1103
1104
1105
1106
1107
1108
1109
1110
1111
1112
1113
1114
1115
1116
1117
1118
1119
1120
1121
1122
1123
1124
1125
1126
1127
1128
1129
1130
1131
1132
1133
1134
1135
1136
1137
1138
1139
1140
1141
1142
1143
1144
1145
1146
1147
1148
1149
1150
1151
1152
1153
1154
1155
1156
1157
1158
1159
1160
1161
1162
1163
1164
1165
1166
1167
1168
1169
1170
1171
1172
1173
1174
1175
1176
1177
1178
1179
1180
1181
1182
1183
1184
1185
1186
1187
1188
1189
1190
1191
1192
1193
1194
1195
1196
1197
1198
1199
1200
1201
1202
1203
1204
1205
1206
1207
1208
1209
1210
1211
1212
1213
1214
1215
1216
1217
1218
1219
1220
1221
1222
1223
1224
1225
1226
1227
1228
1229
1230
1231
1232
1233
1234
1235
1236
1237
1238
1239
1240
1241
1242
1243
1244
1245
1246
1247
1248
1249
1250
1251
1252
1253
1254
1255
1256
1257
1258
1259
1260
1261
1262
1263
1264
1265
1266
1267
1268
1269
1270
1271
1272
1273
1274
1275
1276
1277
1278
1279
1280
1281
1282
1283
1284
1285
1286
1287
1288
1289
1290
1291
1292
1293
1294
1295
1296
1297
1298
1299
1300
1301
1302
1303
1304
1305
1306
1307
1308
1309
1310
1311
1312
1313
1314
1315
1316
1317
1318
1319
1320
1321
1322
1323
1324
1325
1326
1327
1328
1329
1330
1331
1332
1333
1334
1335
1336
1337
1338
1339
1340
1341
1342
1343
1344
1345
1346
1347
1348
1349
1350
1351
1352
1353
1354
1355
1356
1357
1358
1359
1360
1361
1362
1363
1364
1365
1366
1367
1368
1369
1370
1371
1372
1373
1374
1375
1376
1377
1378
1379
1380
1381
1382
1383
1384
1385
1386
1387
1388
1389
1390
1391
1392
1393
1394
1395
1396
1397
1398
1399
1400
1401
1402
1403
1404
1405
1406
1407
1408
1409
1410
1411
1412
1413
1414
1415
1416
1417
1418
1419
1420
1421
1422
1423
1424
1425
1426
1427
1428
1429
1430
1431
1432
1433
1434
1435
1436
1437
1438
1439
1440
1441
1442
1443
1444
1445
1446
1447
1448
1449
1450
1451
1452
1453
1454
1455
1456
1457
1458
1459
1460
1461
1462
1463
1464
1465
1466
1467
1468
1469
1470
1471
1472
1473
1474
1475
1476
1477
1478
1479
1480
1481
1482
1483
1484
1485
1486
1487
1488
1489
1490
1491
1492
1493
1494
1495
1496
1497
1498
1499
1500
1501
1502
1503
1504
1505
1506
1507
1508
1509
1510
1511
1512
1513
1514
1515
1516
1517
1518
1519
1520
1521
1522
1523
1524
1525
1526
1527
1528
1529
1530
1531
1532
1533
1534
1535
1536
1537
1538
1539
1540
1541
1542
1543
1544
1545
1546
1547
1548
1549
1550
1551
1552
1553
1554
1555
1556
1557
1558
1559
1560
1561
1562
1563
1564
1565
1566
1567
1568
1569
1570
1571
1572
1573
1574
1575
1576
1577
1578
1579
1580
1581
1582
1583
1584
1585
1586
1587
1588
1589
1590
1591
1592
1593
1594
1595
1596
1597
1598
1599
1600
1601
1602
1603
1604
1605
1606
1607
1608
1609
1610
1611
1612
1613
1614
1615
1616
1617
1618
1619
1620
1621
1622
1623
1624
1625
1626
1627
1628
1629
1630
1631
1632
1633
1634
1635
1636
1637
1638
1639
1640
1641
1642
1643
1644
1645
1646
1647
1648
1649
1650
1651
1652
1653
1654
1655
1656
1657
1658
1659
1660
1661
1662
1663
1664
1665
1666
1667
1668
1669
1670
1671
1672
1673
1674
1675
1676
1677
1678
1679
1680
1681
1682
1683
1684
1685
1686
1687
1688
1689
1690
1691
1692
1693
1694
1695
1696
1697
1698
1699
1700
1701
1702
1703
1704
1705
1706
1707
1708
1709
1710
1711
1712
1713
1714
1715
1716
1717
1718
1719
1720
1721
1722
1723
1724
1725
1726
1727
1728
1729
1730
1731
1732
1733
1734
1735
1736
1737
1738
1739
1740
1741
1742
1743
1744
1745
1746
1747
1748
1749
1750
1751
1752
1753
1754
1755
1756
1757
1758
1759
1760
1761
1762
1763
1764
1765
1766
1767
1768
1769
1770
1771
1772
1773
1774
1775
1776
1777
1778
1779
1780
1781
1782
1783
1784
1785
1786
1787
1788
1789
1790
1791
1792
1793
1794
1795
1796
1797
1798
1799
1800
1801
1802
1803
1804
1805
1806
1807
1808
1809
1810
1811
1812
1813
1814
1815
1816
1817
1818
1819
1820
1821
1822
1823
1824
1825
1826
1827
1828
1829
1830
1831
1832
1833
1834
1835
1836
1837
1838
1839
1840
1841
1842
1843
1844
1845
1846
1847
1848
1849
1850
1851
1852
1853
1854
1855
1856
1857
1858
1859
1860
1861
1862
1863
1864
1865
1866
1867
1868
1869
1870
1871
1872
1873
1874
1875
1876
1877
1878
1879
1880
1881
1882
1883
1884
1885
1886
1887
1888
1889
1890
1891
1892
1893
1894
1895
1896
1897
1898
1899
1900
1901
1902
1903
1904
1905
1906
1907
1908
1909
1910
1911
1912
1913
1914
1915
1916
1917
1918
1919
1920
1921
1922
1923
1924
1925
1926
1927
1928
1929
1930
1931
1932
1933
1934
1935
1936
1937
1938
1939
1940
1941
1942
1943
1944
1945
1946
1947
1948
1949
1950
1951
1952
1953
1954
1955
1956
1957
1958
1959
1960
1961
1962
1963
1964
1965
1966
1967
1968
1969
1970
1971
1972
1973
1974
1975
1976
1977
1978
1979
1980
1981
1982
1983
1984
1985
1986
1987
1988
1989
1990
1991
1992
1993
1994
1995
1996
1997
1998
1999
2000
2001
2002
2003
2004
2005
2006
2007
2008
2009
2010
2011
2012
2013
2014
2015
2016
2017
2018
2019
2020
2021
2022
2023
2024
2025
2026
2027
2028
2029
2030
2031
2032
2033
2034
2035
2036
2037
2038
2039
2040
2041
2042
2043
2044
2045
2046
2047
2048
2049
2050
2051
2052
2053
2054
2055
2056
2057
2058
2059
2060
2061
2062
2063
2064
2065
2066
2067
2068
2069
2070
2071
2072
2073
2074
2075
2076
2077
2078
2079
2080
2081
2082
2083
2084
2085
2086
2087
2088
2089
2090
2091
2092
2093
2094
2095
2096
2097
2098
2099
2100
2101
2102
2103
2104
2105
2106
2107
2108
2109
2110
2111
2112
2113
2114
2115
2116
2117
2118
2119
2120
2121
2122
2123
2124
2125
2126
2127
2128
2129
2130
2131
2132
2133
2134
2135
2136
2137
2138
2139
2140
2141
2142
2143
2144
2145
2146
2147
2148
2149
2150
2151
2152
2153
2154
2155
2156
2157
2158
2159
2160
2161
2162
2163
2164
2165
2166
2167
2168
2169
2170
2171
2172
2173
2174
2175
2176
2177
2178
2179
2180
2181
2182
2183
2184
2185
2186
2187
2188
2189
2190
2191
2192
2193
2194
2195
2196
2197
2198
2199
2200
2201
2202
2203
2204
2205
2206
2207
2208
2209
2210
2211
2212
2213
2214
2215
2216
2217
2218
2219
2220
2221
2222
2223
2224
2225
2226
2227
2228
2229
2230
2231
2232
2233
2234
2235
2236
2237
2238
2239
2240
2241
2242
2243
2244
2245
2246
2247
2248
2249
2250
2251
2252
2253
2254
2255
2256
2257
2258
2259
2260
2261
2262
2263
2264
2265
2266
2267
2268
2269
2270
2271
2272
2273
2274
2275
2276
2277
2278
2279
2280
2281
2282
2283
2284
2285
2286
2287
2288
2289
2290
2291
2292
2293
2294
2295
2296
2297
2298
2299
2300
2301
2302
2303
2304
2305
2306
2307
2308
2309
2310
2311
2312
2313
2314
2315
2316
2317
2318
2319
2320
2321
2322
2323
2324
2325
2326
2327
2328
2329
2330
2331
2332
2333
2334
2335
2336
2337
2338
2339
2340
2341
2342
2343
2344
2345
2346
2347
2348
2349
2350
2351
2352
2353
2354
2355
2356
2357
2358
2359
2360
2361
2362
2363
2364
2365
2366
2367
2368
2369
2370
2371
2372
2373
2374
2375
2376
2377
2378
2379
2380
2381
2382
2383
2384
2385
2386
2387
2388
2389
2390
2391
2392
2393
2394
2395
2396
2397
2398
2399
2400
2401
2402
2403
2404
2405
2406
2407
2408
2409
2410
2411
2412
2413
2414
2415
2416
2417
2418
2419
2420
2421
2422
2423
2424
2425
2426
2427
2428
2429
2430
2431
2432
2433
2434
2435
2436
2437
2438
2439
2440
2441
2442
2443
2444
2445
2446
2447
2448
2449
2450
2451
2452
2453
2454
2455
2456
2457
2458
2459
2460
2461
2462
2463
2464
2465
2466
2467
2468
2469
2470
2471
2472
2473
2474
2475
2476
2477
2478
2479
2480
2481
2482
2483
2484
2485
2486
2487
2488
2489
2490
2491
2492
2493
2494
2495
2496
2497
2498
2499
2500
2501
2502
2503
2504
2505
2506
2507
2508
2509
2510
2511
2512
2513
2514
2515
2516
2517
2518
2519
2520
2521
2522
2523
2524
2525
2526
2527
2528
2529
2530
2531
2532
2533
2534
2535
2536
2537
2538
2539
2540
2541
2542
2543
2544
2545
2546
2547
2548
2549
2550
2551
2552
2553
2554
2555
2556
2557
2558
2559
2560
2561
2562
2563
2564
2565
2566
2567
2568
2569
2570
2571
2572
2573
2574
2575
2576
2577
2578
2579
2580
2581
2582
2583
2584
2585
2586
2587
2588
2589
2590
2591
2592
2593
2594
2595
2596
2597
2598
2599
2600
2601
2602
2603
2604
2605
2606
2607
2608
2609
2610
2611
2612
2613
2614
1.73304686707322 25.78841330849379 0
10.29211984106228 33.59707655276056 0
10.34529172568158 23.18569327461079 0
0.4473076898690695 30.24094213635039 0
11.23153112367621 33.12696275758528 0
9.682052262717402 34.63030842838165 0
0.4276660944041012 32.74142368514418 0
14.48150839150918 26.02826094997375 0
0.4404808091550534 35.25564002606805 0
5.174468349475426 39.58923478917183 0
8.994473843704254 22.25277649785835 0
8.223428147019931 19.67606945674811 0
1.749201873325873 15.78142221583388 0
0.487898349220813 20.78207921375117 0
1.659404527763692 24.05144721931689 0
15.51570826663156 27.68052759553462 0
8.345828814150703 15.29488003538637 0
19.41827709059813 34.48231684751549 0
16.43288572336746 39.57635440531254 0
12.34419589510117 33.27386940404006 0
13.41172262222429 35.29534220126427 0
7.361010996206566 13.58276962480845 0
0.4305625861224419 18.75154808799089 0
7.124549870126248 39.58646983748313 0
1.323535921107209 13.66206017198534 0
16.47769014899944 29.38907086060081 0
3.221838579373444 39.4966213958348 0
1.884516868293898 14.73722465160448 0
13.22972084558551 34.14240387082103 0
18.45413817971104 32.79102175674843 0
5.45169393468613 10.26472144283593 0
6.369043733224245 11.88786232222499 0
17.46538541486915 31.05076058883997 0
9.846937557245091 35.91601505918869 0
0.4312100024217072 11.25237379799913 0
20.14339899646376 35.7407170927163 0
17.91223414739824 39.59620777797293 0
0.4325911667476308 28.74598815723161 0
13.7867897901294 24.72257952780662 0
0.4332110064143299 36.75078049359006 0
8.631437376651009 18.30170969980493 0
14.98653890234782 39.57446808510541 0
4.619456042065974 8.91420445661487 0
8.240813699393948 20.82664399685422 0
11.37407086042514 23.44915750667505 0
0.3930209302204855 9.769107199367593 0
8.581957369602048 39.572659704703 0
3.944019765131618 7.658882633145233 0
12.89081605895068 36.32157119623081 0
19.37039429666275 39.55078247634306 0
10.75751978737081 36.7332256384512 0
0.4422266841693115 8.280934173485059 0
13.51202422612556 39.60120943796696 0
3.1959617756517 6.414178797885126 0
20.88854814775818 37.00013162329248 0
11.84471827317355 36.87972712994098 0
0.4330127018922193 22.25 0
10.07094024658074 39.57613667477705 0
0.4243308872908112 38.2499197440661 0
0.4008880391507217 6.760961633898451 0
11.54700538376229 39.574468085107 0
2.546810592468855 5.125289985451394 0
9.071297226465164 16.5968952920139 0
1.717752516189365 39.58588695891628 0
0.432132983338629 17.75528453012973 0
0.4218167927195021 27.74769032238537 0
0.4326302771122122 19.74678997102197 0
12.50097991959423 39.53417766706984 0
13.2314692327858 23.86817711201514 0
18.93648982826203 33.62863964236679 0
17.89321716820059 31.9706349432282 0
16.96797788749077 30.22490290098482 0
0.4836566638703178 5.766436773158437 0
5.921067476267211 11.04711131542489 0
6.85084151871165 12.74943296331841 0
7.849394742886814 14.41903232293931 0
0.4261891720612183 31.76204197308044 0
0.4303882312068753 33.77643264830992 0
6.14281514715975 39.57499380637606 0
15.02467645671145 26.85123462040173 0
15.9875923253997 28.54019652944417 0
0.3992370090924356 12.20679653640539 0
20.88287748365166 39.58457266231114 0
4.233941266534998 39.61370206709839 0
21.38478402719289 37.89801797886764 0
2.000748507852918 4.293245188060289 0
0.3993361453796874 4.746226972173686 0
0.8294347652783107 16.66608965861596 0
0.9157211851334132 26.61770074121037 0
0.8230542279227913 23.32876101623858 0
0.4410422773905361 3.741949273105135 0
21.88128586753813 38.72981520790348 0
1.074849376666156 3.168088254320538 0
9.196322009948622 17.54059371111349 0
12.45755512463436 23.29667473636705 0
0.3958948273297528 39.27889012445317 0
1.873158375520821 25.35828773926125 0
2.164699777191518 25.70211613205292 0
2.346045072777426 25.27632680866838 0
2.631756348962591 25.62600774674515 0
2.808939419468978 25.20039120713166 0
3.09879779263788 25.57068621856622 0
3.276844690869947 25.13938711050141 0
3.563102859251418 25.51384345374305 0
3.382454522336018 25.94813932764103 0
3.849975269456882 25.88973915703592 0
3.670790764911007 26.32437781668792 0
4.138959835161158 26.26673912888883 0
3.959515409778825 26.70248723781791 0
4.428128126674004 26.64530470664663 0
4.245519891562658 27.08378256897464 0
4.716532557709244 27.02489770225743 0
4.536632672070409 27.46157965303924 0
5.005691705366822 27.40408835007772 0
4.825309137109277 27.84109847941272 0
5.294481993184981 27.78329478599301 0
5.114180532361345 28.22020466824465 0
5.583153401078796 28.16223516818333 0
5.399422055689044 28.60171844055132 0
5.871045185924207 28.54156993360402 0
5.687368853822862 28.98081263728719 0
6.159180027785834 28.92036392300997 0
5.975770552751221 29.35946666429668 0
6.342787469870201 28.48137696657372 0
6.630976566309283 28.85989515542982 0
6.814535331882532 28.42107847049883 0
7.10286970889149 28.79944808227829 0
7.285221307660291 28.36143711502332 0
7.574590477903138 28.73911846369093 0
7.755382835186975 28.29988423657167 0
8.047752975140446 28.67955581533959 0
8.227301412681099 28.23826616340807 0
8.520994961090706 28.62049726603893 0
3.744586096256713 25.0790738623912 0
4.899779731854245 26.58551748764044 0
8.702484244279553 28.1788626507975 0
8.992512217735438 28.55946812814908 0
9.173739865983428 28.11808950803641 0
9.463928087846398 28.49718837295123 0
8.406622761799127 27.79686921892392 0
5.50358901392601 29.42007634521152 0
5.792302169953093 29.79896999604465 0
7.8678459294044 29.12042398913415 0
5.319142467805087 29.85993613680116 0
5.609369518054445 30.24064079085358 0
9.64674896304186 28.05637886833964 0
9.937361904598227 28.43702225222882 0
5.13423929214373 30.30107989074265 0
5.424803175676804 30.68238152766425 0
4.948605591891796 30.74335539407625 0
5.239760340114664 31.12486005862352 0
5.71573517334063 31.06363280015663 0
5.53102937728587 31.50606911952677 0
5.054876097530324 31.56816061482074 0
5.346761617866247 31.9502680244773 0
10.1215919159762 27.99591204321722 0
10.41145049184923 28.37627765572504 0
9.28180105215108 28.94166134047747 0
4.86940354754736 32.01261824315388 0
5.161715522548425 32.39554084307961 0
6.006845283860075 31.44425818398281 0
4.683297506505181 32.45784182116398 0
4.976643480341091 32.84147467179687 0
5.454399646973867 32.77807960422372 0
5.269718685864886 33.22466147471214 0
4.791119288860422 33.28779721997371 0
5.084812519983889 33.67163365206541 0
9.830657928326822 27.61513365736943 0
4.605249816531854 33.73491336550507 0
4.90012109724216 34.11945065861751 0
10.30593194242766 27.55440180280682 0
5.381028254918892 34.06053966221863 0
5.196009627120496 34.50622756953415 0
4.715013227383975 34.56755043446124 0
5.01078887161114 34.95248847056393 0
5.491545678908779 34.89027110087871 0
4.52923241415411 35.0162906451723 0
4.657698107598739 30.3611232449737 0
5.306657135117782 35.33665984289776 0
5.786947980602155 35.27238476274031 0
10.01576207115103 27.17373115432304 0
10.49106033293256 27.11255507320917 0
4.345624778109234 27.87758231258643 0
5.602393547131211 35.71997929702229 0
6.082155906926884 35.65547966857671 0
6.26602694545494 35.20901834998882 0
4.390252034939585 32.07490691661758 0
10.20033888599645 26.7312161867569 0
10.67639824095401 26.67008896560923 0
10.9674366420508 27.05170799028112 0
6.561184845482352 35.59227525384444 0
6.377349809406646 36.03774492343811 0
6.992837309228577 27.9808104604756 0
6.745842528771065 35.14837242156354 0
6.855971625159341 35.97479323528474 0
11.1529131374023 26.60820786187782 0
11.44490701544775 26.99076927984496 0
3.45731013199492 24.70374593924211 0
3.926917834060454 24.64261533445352 0
3.638421469072741 24.26557426957517 0
4.10956939847514 24.20426032450978 0
3.820559435637221 23.82657504753585 0
4.292645464306725 23.76489203065389 0
4.00314684137005 23.38646676762194 0
4.47589874670016 23.32486028163379 0
4.18622574746812 22.94603877014131 0
4.763134095738044 23.70344342015922 0
4.659334948187049 22.88438679542006 0
4.369390127398391 22.5052199134002 0
4.842648785045114 22.44376412239205 0
4.552529531601314 22.06420113589592 0
4.07854717437362 22.12588812127667 0
4.262448021790227 21.68431098884734 0
4.736000470418805 21.62305754586077 0
4.446912465015452 21.24357343684419 0
4.919410706911352 21.18229816407678 0
4.630655572277535 20.8037032270846 0
4.157988587487791 20.86433579645644 0
4.343508265390218 20.4262120582019 0
4.81290710469653 20.36575913328712 0
4.527660506779165 19.9899548861389 0
4.994812750813957 19.93098011998034 0
4.710322750548512 19.5562240163531 0
4.243598454776576 19.6146497889057 0
4.427292202530999 19.18169105059098 0
4.892445859892309 19.12396804697067 0
4.610559216762772 18.75025552721939 0
5.077595902387317 18.6942822943507 0
4.793179665812861 18.31978461982974 0
5.260201291793416 18.2644762379516 0
4.974982655846809 17.89079721823155 0
4.328086662497093 18.3790293547005 0
5.443677270264442 17.83536928620478 0
5.157333568184505 17.45996082658669 0
5.63016681607806 17.40667147954741 0
5.341364854431664 17.02828674223085 0
4.872264799919016 17.08611603950594 0
5.056153316330683 16.6526412074506 0
5.524291877720899 16.59435473509831 0
5.239595511820625 16.21792294460168 0
4.770958361746676 16.27671555452617 0
4.954303139001271 15.84147746845947 0
3.472154297964778 26.73314516582077 0
6.672063619886805 36.41959385507516 0
7.149910421054289 36.35562622764328 0
10.38508875494818 26.28856635391256 0
9.909159017163425 26.34982989283629 0
5.743530924397156 18.21111994616129 0
4.485570271848392 15.90065894953814 0
4.668531884628059 15.46434860175145 0
5.138167103320361 15.40468240219395 0
4.852123949744438 15.02680441447702 0
11.63057580485848 26.54621388732132 0
11.92312846623262 26.93005235699469 0
10.09379788270036 25.90698422245232 0
9.617948592452052 25.96849381096601 0
6.966580598814036 36.80090172430359 0
6.487964225704044 36.86564046945587 0
7.44412136937814 36.7363797237704 0
4.382093060257198 15.08731763991707 0
4.565508699204072 14.64879893707176 0
5.037014382381965 14.58848887500407 0
4.748407951973928 14.20928684586478 0
4.27689115672761 14.27003965067374 0
4.459679856039385 13.83006759836827 0
3.98679059999445 13.89060904075182 0
4.170423485373693 13.4507253128414 0
3.697311709177454 13.51129006017699 0
3.881448429072476 13.07226028483518 0
3.407942582707263 13.13204721066275 0
3.594683806715085 12.69321040794002 0
3.11798478127846 12.75254363928386 0
3.305351746065041 12.31093473401257 0
9.802575326706229 25.52543913264089 0
9.326649215867258 25.58704441327896 0
10.27819400106143 25.46389270964271 0
7.626943362822599 36.29180351110313 0
7.920706536413977 36.67182549365037 0
7.738660185509788 37.11667425618205 0
8.21503362618502 37.05195831529725 0
2.826934220163299 12.37137968790373 0
3.011873657757814 11.92737559171407 0
3.494448156035291 11.86788849775101 0
3.199356091725044 11.48184274884096 0
11.73625686799033 27.37340171891538 0
12.21523086314076 27.31384605696584 0
12.02834663668203 27.75771133321559 0
12.50742669397246 27.69779253870492 0
12.32073096815261 28.14267824217742 0
12.79957066568692 28.08179044561845 0
12.61293067413567 28.5265529047705 0
13.09155811858007 28.46552007842458 0
12.90501557547721 28.90979110221241 0
12.42780124906425 28.97105317446601 0
12.71881146717356 29.3532779506301 0
12.24295882328313 29.41426514875817 0
12.53332272788319 29.79567827798395 0
12.05809714010778 29.85609688699471 0
13.00905572104469 29.73532978346572 0
12.82337524883106 30.17769152190565 0
13.29877669435688 30.11735884564151 0
13.11360031247618 30.55920546712965 0
13.58861066819162 30.49896234964979 0
13.4032726437868 30.94038035147161 0
13.87785017318285 30.88074583053245 0
13.69295186427854 31.32175189419476 0
14.16745629926529 31.26216946439102 0
12.92617509509623 30.98104632601572 0
13.98492598694459 31.70155537399474 0
14.45704300775349 31.64356224443639 0
14.06678508037448 30.44257412379922 0
14.27496713726257 32.08257741189382 0
14.74677119072786 32.02477971191407 0
14.562634395736 32.46560316380494 0
15.03562534912326 32.40679057361235 0
14.85184194723421 32.84743578637578 0
15.32527441892012 32.78838789119264 0
15.14134045633674 33.22880006553997 0
15.61462989128356 33.17043189613879 0
15.4310285465054 33.61082162037754 0
15.9049112748191 33.55244960270846 0
15.72120721051843 33.99355054707618 0
16.19805087352546 33.93330834061076 0
16.01225124609017 34.37648577145092 0
16.49012684835452 34.31625237404911 0
16.30349037169096 34.76085833566185 0
16.78252701560554 34.70035684558287 0
16.59525590031199 35.14593774374375 0
16.11323476513655 35.2064372354513 0
16.40479317939203 35.59296215610388 0
16.88745448491363 35.53181984708159 0
16.69684948065982 35.9796157890182 0
16.2121425366336 36.04177801674787 0
17.1805013114671 35.91847442044005 0
16.98808091324701 36.36681092560618 0
17.47385732210445 36.3058069169626 0
17.28318136879798 36.75389584797274 0
17.76772676269841 36.69406064683029 0
15.22691023393357 31.97483282386299 0
3.530158210530001 23.44820152755101 0
12.10948589238878 26.48484933847127 0
11.81631640647489 26.10057390618161 0
17.57813204983658 37.14244940515866 0
18.06126978748924 37.08501633754143 0
17.09346020088574 37.20256098910065 0
9.511251989509464 25.14397403986175 0
9.03527767801568 25.20560113724898 0
8.85086420338151 25.64844735736919 0
8.559786222120611 25.26733661743383 0
8.375402977719247 25.70960642577704 0
8.084512426265828 25.32902795872463 0
8.268347175848447 24.88637764079886 0
7.793489131854257 24.94855033773013 0
7.609630337796127 25.39053987024383 0
7.319165931036403 25.01247795091503 0
7.504001076666481 24.57525980808244 0
7.135150040888658 25.45257380795589 0
6.844580077366548 25.07342923265455 0
4.357557968831013 13.01492983814011 0
2.718237922857243 11.54293643407686 0
2.904375087556819 11.09538571751883 0
17.95594665701381 36.24697382897845 0
15.26891950478271 34.03489331845949 0
3.387070301235105 11.03439880580571 0
3.092261910101972 10.64665700386424 0
2.608413837229955 10.70814008852976 0
2.796966929175096 10.25771620293428 0
12.98617157435063 27.63756510896478 0
16.38977083790931 33.50413874279636 0
5.222016880038319 14.14860380894127 0
8.032909696521171 37.49743243920341 0
8.510200107748448 37.43290891362881 0
3.787422995335439 21.74568208491691 0
3.874591316480804 20.48662286595837 0
3.959972252027935 19.23869482735886 0
5.280305920347127 20.30503673992169 0
6.190931370823509 31.00231148916684 0
6.481437962838223 31.38220975143813 0
6.66494361591429 30.94132703433766 0
6.95475436737009 31.32088051096885 0
6.771709006476445 31.7614196345119 0
7.244489735478913 31.69994910913241 0
7.061529066096648 32.14005396570757 0
7.533970349387303 32.07822774652024 0
7.716594076318311 31.63888741476345 0
8.005862306840356 32.01913197272358 0
7.825009443305326 32.4663124963669 0
8.18827861266487 31.57795155167035 0
8.47695240788271 31.95798732364236 0
8.658865786692523 31.51740136740858 0
8.947032410211918 31.89421985987107 0
9.129128941128243 31.45602374695179 0
9.417140153211637 31.83248146906482 0
9.599232780169153 31.39465083798797 0
8.841231614180685 31.07859778901203 0
4.395375307788236 24.58098999704256 0
5.477531943804481 27.34453447779939 0
5.2082599666914 21.56166452385871 0
3.806447505796403 14.33129180676679 0
8.769334458665753 32.34466818491124 0
5.131002751581509 22.82232707678379 0
9.219765436168561 24.76240855513592 0
4.302609442971254 16.33576235449608 0
17.36914540199301 35.47100631347576 0
7.425553727743247 25.83221228910154 0
10.22677295137192 28.81731093898592 0
7.138160665536265 30.88053164515164 0
5.369554960878043 19.06492770894815 0
4.017503841919869 15.9603499681977 0
3.834988271079395 16.39467493870792 0
5.121662338605802 35.7846999279365 0
5.708846736595228 16.15914193834312 0
4.23260000546282 34.63076600595268 0
4.046394915466739 35.08084950186883 0
3.749314672517498 34.69405792620705 0
3.562360599564701 35.14588578565584 0
3.263869320314429 34.75687436354204 0
3.08207829800461 35.21230463904411 0
3.376586972254922 35.59932520214316 0
2.895697308348764 35.66623742252068 0
3.190005782141695 36.05336640381332 0
2.777936433937611 34.82110923644853 0
2.965459084275356 34.36710555361761 0
2.702929540088435 36.1181862343421 0
3.001987299788822 36.50762315236157 0
2.514012216313919 36.57231195377391 0
2.814200678465089 36.96265387375839 0
3.301265173785495 36.89337563391643 0
2.325740622087333 37.02761005727957 0
2.626403805006146 37.41838776433792 0
2.477315203426182 34.42316893058299 0
2.666916061720438 33.97794587294357 0
4.20310808069854 32.52027268267864 0
3.908785905691017 32.13593739177649 0
6.783449655765859 37.24825470802705 0
6.303501624844648 37.3129849564052 0
5.51094774836928 14.52927230070511 0
5.746428248584056 33.16375684136359 0
13.38328614119776 28.84892137428014 0
5.99410971894171 16.53698008039952 0
6.179476847628889 16.10062699242749 0
6.465297595353543 16.48015936859141 0
4.930705320101225 28.6474615560434 0
13.5702275065214 28.40406959990698 0
13.86275996971986 28.78842029803672 0
14.64722199056618 31.20875030550976 0
6.951357551260781 25.89377555043399 0
15.80929767816712 32.74280849790652 0
16.96944989003878 34.25472804561988 0
9.887016209384191 31.77123888093967 0
10.06938749481508 31.33341399084798 0
9.781104367222099 30.95639665868232 0
10.25107393614479 30.89576892591927 0
10.54121376019098 31.27822511217769 0
17.38843778928975 37.59169430984461 0
16.90455132616198 37.65216975113107 0
2.046815388315225 26.16635685453098 0
13.53417067492786 31.7750744094072 0
2.436816001067756 35.71479409058341 0
3.550200374879929 16.01985165701145 0
3.368090476308223 16.45375373655114 0
12.29595122380718 26.03885737042315 0
12.00242828490692 25.654553606766 0
3.575374179814231 10.58606916383785 0
3.86967387500351 10.97418249892736 0
6.599771738281179 37.69554879572706 0
6.119383623905248 37.76156432824703 0
5.822520442218736 37.3771293187373 0
5.637668664869942 37.82668962600579 0
5.340397541040038 37.44129587807082 0
5.155075944775605 37.89179768152758 0
8.102188162333164 36.2276315370647 0
2.311698047084191 10.31956261530959 0
2.500927265534334 9.867739259533554 0
14.11274955499993 32.50549219420739 0
2.986229960023441 9.806998571936257 0
2.690184945380326 9.415760748150234 0
2.20397699569108 9.476784494513932 0
2.393828658812141 9.023907560762336 0
6.651491016441363 16.04192024793049 0
6.937732865822242 16.42255546860912 0
6.751613634860935 16.86068700635003 0
7.22284141269316 16.80302704552589 0
7.038540495988088 17.23883949045386 0
2.137386398670679 37.4834516951171 0
2.438318052809557 37.8747839278064 0
2.930150975796105 37.79703434727977 0
5.696781467856724 14.08825435683027 0
5.986496169773774 14.47032304209034 0
3.224673646660206 13.57229464336196 0
2.122758314679492 10.7714043318243 0
9.696117981072305 24.70075351957165 0
9.404312144873549 24.31888449838065 0
9.963403607777598 30.51774461155377 0
10.43705910910026 30.46099553326987 0
8.666067586835252 26.09041323366863 0
7.241592449325198 26.27347467935373 0
3.652508654376458 16.82869697035283 0
3.185218199702253 16.88760676837088 0
3.721396269141959 32.58333927741007 0
3.426325533763636 32.19676542107933 0
3.615351553369671 31.75050598992112 0
3.130582243948482 31.80969120068088 0
3.321973335414754 31.36405935383038 0
2.834817466563005 31.42180620777474 0
3.025076598205644 30.97335638016038 0
2.646842203540438 31.87113992444446 0
2.538107451139636 31.03274978553733 0
2.726772419592702 30.5809826168661 0
2.240913754012762 30.6426445075059 0
2.429883993397049 30.19051663441113 0
2.914671695668807 30.12891705262129 0
2.619472989314368 29.74037634005268 0
3.102624571572939 29.67865484007834 0
2.808465334038808 29.29127878411834 0
2.124261491696537 29.81717988809712 0
2.184329246320633 34.03544567521534 0
2.371180745318361 33.59117506539914 0
2.051187139536935 31.09533642826192 0
17.19848279115996 38.04143873393217 0
17.68074349375491 37.98523883180517 0
16.7144570744897 38.10180654023368 0
16.41995600783684 37.71266578792842 0
16.23007609054493 38.16186767228002 0
15.93588254078245 37.77318756127367 0
3.29023179639693 29.22976045564378 0
2.99625341663594 28.84288704615604 0
2.501245450930984 28.91453538157708 0
2.700528237415146 28.45837903309666 0
2.205446306428091 28.52982765931721 0
2.406250585395648 28.07317159816832 0
7.508386266939768 17.18120466639191 0
7.323146482563315 17.61424617176095 0
8.327614822647281 37.87869270469072 0
8.805170475131366 37.81350670272889 0
8.987454476119066 37.36787224988512 0
9.283160523811382 37.74818163621645 0
2.00184050470631 34.4860987844985 0
14.66679855441913 33.28815647063919 0
11.7681208928443 29.47545831116083 0
6.919223563422136 29.2382258457545 0
2.880718112685404 8.962956540225996 0
2.584715726876376 8.570761000421177 0
2.09638276203898 8.632024212146547 0
2.287760527152273 8.1780233054112 0
6.767785695493554 26.33494452313269 0
6.477580149875068 25.95542886533113 0
2.104440108974395 36.67642769970676 0
4.857206225523886 37.50557000575381 0
4.671472303152265 37.95703092353469 0
15.74635804330346 38.22164674054768 0
15.45361955399908 37.83305371487646 0
14.04980002577667 28.34260992429339 0
14.34280377093813 28.72790887729531 0
9.707385179927684 32.21669289475952 0
1.948868945675514 37.9398248617217 0
2.641938759158152 12.81404921282053 0
2.350045945666623 12.43220705507248 0
15.64219575973161 37.38550739573159 0
15.16155920409725 37.44576863810457 0
14.97277724529648 37.8918856915539 0
14.67930425319438 37.50756107483937 0
14.8567831210083 37.06291772185411 0
14.49280448264753 37.95082811800053 0
14.19982578526069 37.56762324796269 0
14.01403140999541 38.00996341351838 0
13.72096409120116 37.60347935092223 0
13.53602543475792 38.06478019481424 0
13.24336896864844 37.65832819440554 0
13.05879921227238 38.12231811095585 0
13.88548954587209 37.1160179166476 0
7.809753912071102 35.84899739110074 0
8.259034715091603 35.77529456486418 0
7.988162005007993 35.40548060630144 0
6.451358448642804 34.76479875159892 0
6.93003131874813 34.70522685900355 0
6.63475402747375 34.32040045213572 0
7.111893449292805 34.26014512366796 0
6.81667507020999 33.87440918167218 0
7.292965471252527 33.80872229172385 0
7.586310369928862 34.19514558987963 0
7.767126986015708 33.74675394644979 0
8.05808591545626 34.12937116522299 0
8.239456877016416 33.69024678153961 0
11.84081404740217 28.20073922500513 0
3.470010542431688 17.26274193721606 0
3.00213161083951 17.32232408235211 0
2.716626014187657 16.94592779996772 0
2.53212935913629 17.38213613241425 0
2.818993023121115 17.75987349791862 0
2.346702451740658 17.81990145557819 0
2.634559246910269 18.19616464395819 0
2.16584985124521 18.26140889045856 0
2.449865246600656 18.63753609441527 0
1.979441808497755 18.70381814012838 0
2.264543423335311 19.08559787389095 0
9.100520177947882 38.19456983311415 0
9.57930800220428 38.12873800502123 0
3.674965437025523 35.98638902383733 0
9.539402490856913 27.23430144798257 0
12.58936357069637 26.42362697731889 0
12.77621112967246 25.97673712271671 0
13.07016273517707 26.36234304770654 0
3.167132355328111 24.32998498729851 0
3.603189878231493 22.18832817137808 0
3.311099780736035 21.80672572297886 0
3.126681125593109 22.25079510114041 0
2.834032141239352 21.86809439909068 0
2.649087645804482 22.31371501464863 0
2.355619080522758 21.93039351154463 0
2.540943304292686 21.48369469881959 0
2.060721235054674 21.54639017176301 0
2.241811300168809 21.10187209680425 0
2.171054444081597 22.37609705308819 0
2.463974566385946 22.75757092904688 0
5.406912008508769 13.70643524203868 0
7.850312739858643 37.94429212888623 0
4.316920886161854 25.82820461987866 0
10.17470287596493 32.14877645502003 0
1.925917840193156 28.13368615146569 0
2.115960443673822 27.68546321541125 0
3.154593317940398 33.91545318447942 0
7.693572251783598 16.74598899884644 0
1.885959097026236 33.64568394159676 0
2.072003407494761 33.19809715070009 0
8.605367502383579 36.11602980656007 0
1.824579646383857 10.38137634136972 0
1.786143847343716 19.14671576245443 0
2.076220141476855 19.52144097042049 0
2.554937889953128 19.4693376299682 0
6.416152147211187 38.1458656905934 0
3.083315250075039 16.07897815128733 0
3.265529519704791 15.64499387166991 0
1.911432668708064 17.89655129508096 0
2.888770882771443 28.01118972374493 0
2.275687910067118 17.0173981070002 0
4.058691627829491 10.52563419427502 0
4.352424759584035 10.91400309187825 0
1.649435283376671 37.55515145305285 0
2.249979430670613 38.33143333795991 0
14.30290392451257 38.38004962807929 0
8.442020099952023 35.31392878690466 0
7.124742720683827 15.98330394862461 0
6.837086053568227 15.60119220411771 0
9.463967658958506 37.30283923528456 0
1.760388453837561 38.39646585763369 0
1.731696113312983 28.59902623616748 0
1.798497518868063 8.239263084409911 0
1.990315100680145 7.78497422627347 0
2.479283464856203 7.723967966134198 0
2.182281515513318 7.330339460586105 0
1.606865290598543 8.694221300146243 0
13.25919242258689 25.9284522438675 0
12.95721118985284 25.55150722636315 0
7.978278491275153 17.12408467650576 0
1.692923121617751 7.391531757727982 0
1.885048121027949 6.936380089296206 0
1.763885119735487 21.16162505240845 0
1.731293730438168 30.68945152505013 0
5.44404561724387 38.27991508808333 0
8.562551191723077 34.05037638449501 0
8.732825615991949 33.62187989924852 0
12.78207347696361 37.74704849910847 0
12.59788962774274 38.19198812681557 0
5.8833178873177 13.64563123455689 0
5.592085015235817 13.26275610641648 0
8.14453921330411 38.3263957959329 0
7.665771384106002 38.39239691145242 0
6.994388981669182 33.41322593252291 0
3.584283108934712 29.61615957262332 0
10.70334672123887 28.75998216170572 0
6.855712849710322 17.67289028793401 0
7.139476165628452 18.04508772368875 0
17.00113619215437 38.46998332625181 0
11.58100390735791 29.91571171904269 0
11.87314597430104 30.29725875025023 0
1.596839091791315 21.61716622654302 0
7.057768816434934 26.7143557134187 0
7.531363342784383 26.65297442681253 0
6.848863315331602 30.50116040074485 0
7.321899966733955 30.44051535159867 0
10.14628971495544 30.0792245790362 0
9.674167791891929 30.14004243876136 0
6.588222675564067 32.20199500656635 0
2.726927141332954 21.04842112289362 0
3.106679452709216 18.13203233068354 0
11.52298093247537 25.71645088408697 0
11.70878913468397 25.27021426627861 0
4.471263021229268 30.80490731384734 0
3.770979578987387 29.16873006844342 0
6.294166165923876 26.39637726341953 0
6.004099984898014 26.01699259946638 0
14.15525770023378 29.17429985287656 0
14.63590650652857 29.11419825159495 0
5.418060851888529 36.16807934494894 0
4.936714907386229 36.23364321563641 0
3.238199199456894 32.64663094101181 0
1.649153420014044 10.82445344346793 0
1.997121460199523 22.81279934585476 0
2.302253341041573 23.18306271389981 0
9.393399864254512 38.5528204139756 0
9.870895784732774 38.47806789173978 0
10.05681729155976 38.05749480231803 0
10.35016449730934 38.42003058910821 0
10.53503148478482 37.99872657899781 0
10.82937562115138 38.36871112826837 0
11.00737772431928 37.9401210521922 0
11.30534589724031 38.30608787360481 0
4.376244146167863 37.57141747304269 0
4.18743940344296 38.02259133056724 0
1.560523065379463 31.15684432045402 0
1.636627797591649 27.74613175998553 0
9.882071608491431 24.27009651080996 0
9.623337912714375 23.82478382749239 0
9.117940813925973 23.92852468271161 0
9.297138935084432 23.4929737113192 0
8.820079062645432 23.55489217156947 0
2.819308775144897 15.68941873603057 0
2.980911864574461 15.26695764164763 0
4.485914199527453 38.40965979786655 0
4.000754689901215 38.47519972544899 0
1.602734327652079 19.57383607133647 0
1.580009634300368 33.25832024294984 0
1.768687399108657 32.80303790475284 0
14.82371271868055 28.66673168292117 0
15.11703084954448 29.05320223473428 0
14.92905073897677 29.50090849465589 0
1.847147931847589 27.31082985072894 0
2.305464101486149 27.24261833169442 0
3.072293091253404 8.509058855226037 0
3.366757555325709 8.902486691810527 0
2.355451958729475 19.89128279355862 0
2.844046122396791 19.85229032953166 0
12.31671202822965 37.7628525520506 0
2.183249277732241 12.86175481910755 0
1.879376182179352 12.4877133574397 0
9.988704425544556 32.57456102320769 0
1.35199963778597 10.43099854965363 0
7.603183128241337 17.98891723601185 0
7.418553850163385 18.41602549350397 0
6.959919408916012 18.47318577348103 0
7.23759717124753 18.83585267134631 0
6.780207697095967 18.89794678220592 0
7.060872022278109 19.25945104706251 0
6.600059254463074 19.32453276611745 0
6.883118106996948 19.69286408408975 0
6.408128178065235 19.75390499185515 0
6.694829735403585 20.12571857799641 0
7.165522487296787 20.0651223521372 0
6.983262426043187 20.49875104526393 0
6.510103621271575 20.55935585966193 0
6.802099460454429 20.93419086468096 0
6.329492698332324 20.99655401524679 0
6.621198532958086 21.37087358076311 0
7.091242121513408 21.30946850914489 0
6.910401991405138 21.74678252011143 0
7.392107823980622 21.69052042548077 0
7.211934320982562 22.13045741018161 0
6.730759258903356 22.18731195521735 0
7.019003917898155 22.56565456467077 0
7.488946245690183 22.50264064124569 0
7.306604901314231 22.94355026889824 0
6.833261109017947 23.00498668997199 0
7.122762045669362 23.38433381248178 0
6.648894894861758 23.44537787999889 0
6.361058992292085 23.068165299736 0
6.175671806999853 23.50849925315681 0
6.46491958689999 23.88645554490528 0
5.991043785262949 23.94709317956596 0
7.595667501869458 23.32361913270471 0
13.55223930941522 26.30301475658542 0
7.681593227847801 18.77653554111752 0
15.41017323654469 29.43999904865501 0
15.22207246493302 29.88739985958434 0
12.87477982386155 38.57105976682736 0
12.39364138713614 38.62957399946425 0
7.291195830608914 15.55820748816588 0
7.007207368189539 15.17048866663015 0
1.532225511625956 18.73192440917736 0
7.961625057992284 38.77586191619872 0
10.5960003854239 38.78081946573116 0
4.065763360718969 29.56017823764923 0
4.177745688637416 30.41506662432099 0
16.03995301298665 38.6110097181285 0
15.55579456763928 38.67050846324637 0
8.419985399978218 33.24760515450111 0
8.891794774398555 33.1883255490789 0
9.209723197070296 33.55460183044208 0
6.318940742144964 18.95314311422288 0
11.2867524498935 29.53246987786027 0
11.39645842558881 30.35628712626173 0
11.6886178391339 30.73736883712214 0
10.45700092685536 32.49291849152061 0
9.169822233083554 36.9246551283846 0
9.607468133082001 36.81259488433941 0
15.71021880969008 29.83586572611605 0
15.51442499589781 30.27646125242061 0
2.676723543013197 7.265101774771725 0
10.23181751155193 37.60235246605127 0
2.466095338298357 13.24957318945861 0
10.88648335982704 28.31590158520647 0
4.163247619537944 11.36265521496072 0
4.634783703509772 11.31000737949571 0
4.455548778721445 11.75052603821508 0
4.925267707105961 11.69846607805354 0
3.936857355090275 17.20368427128125 0
5.315296172147105 22.38184588391992 0
9.856686257150349 29.70056919314538 0
9.384819379862757 29.76214576481286 0
6.33940246362474 33.93846412337852 0
11.47778368024694 29.09556758822123 0
5.388473862541173 21.12116168106245 0
5.679360673860277 21.49959839259959 0
5.464005512449297 19.86969590011661 0
7.610678290019772 30.81981821382863 0
7.794083746639746 30.3798385067105 0
9.43333154008033 26.41141253532575 0
10.51636754616093 29.20242096589467 0
8.637287871665638 24.00341614350818 0
10.64173359177544 32.0825550266585 0
4.747305492307788 12.13617672986305 0
5.211636241392527 12.08867051751676 0
6.18741830839191 25.57617230970498 0
5.714114717975829 25.63776251512092 0
5.897574167961908 25.19867908353261 0
5.424653543188773 25.2620266603188 0
5.616024454229227 24.82456520929128 0
7.505089840959661 30.00131541367002 0
7.977187844478721 29.94051599407587 0
8.265273555765841 30.31933562357382 0
3.754932016771198 17.6373163675372 0
7.601886765595286 15.9258158056024 0
6.267341345494485 29.74002251417888 0
5.797434234123676 14.91024990184307 0
1.940977367248094 11.21960397103219 0
1.371060543198868 11.25569314460936 0
10.17312178263019 24.64125994547124 0
10.34800189877398 24.19578109255165 0
10.64644550432857 24.57713726906901 0
7.347700490900992 27.09365115454118 0
6.874513214263058 27.15512292243574 0
7.821471669825877 27.03286399453631 0
12.1883642170266 25.20815623675312 0
11.89455133205565 24.82354741406373 0
12.37480004563823 24.761112991836 0
12.08414529090216 24.40335520721303 0
3.764675086558264 10.1369862517118 0
4.248454766950467 10.07630833124595 0
3.95410446060286 9.687247369661035 0
3.49591143552515 21.36327858466522 0
17.26268092985554 34.63944334581186 0
17.45000006374054 34.19273538242599 0
17.74402923405523 34.57856241037792 0
17.93180197203068 34.1308592733741 0
17.62773662280287 33.75998735738776 0
18.2261527573188 34.51769812371828 0
3.936200187942719 34.24312908166706 0
11.60170051502372 24.4456190245291 0
13.36440179176748 26.74859651246631 0
13.84658923520361 26.68761897589656 0
13.65583094693597 27.1333903038404 0
2.590068573445215 16.08758457720946 0
4.640466145480008 35.84935839251418 0
1.709298280189417 22.4274139471513 0
18.0380817257653 34.96524641851891 0
18.52079964800889 34.90505827062351 0
4.311632426448016 33.35018698614199 0
3.448093675756207 15.20987825072126 0
1.862726295359079 31.54181171975405 0
9.204279777009901 30.20182330453654 0
5.031182831105184 29.47053984292811 0
8.917945433364988 38.63807090570009 0
1.858583383792604 23.26706714432724 0
8.447963020826219 29.88163288531165 0
1.526623862647691 9.988201035063573 0
18.33220814798965 35.35258906218756 0
18.81591436059494 35.2927652746566 0
18.62732093052423 35.74118682943435 0
19.10688495127427 35.68456155669823 0
18.92197650903335 36.13167014154257 0
2.534796842637926 24.85134685375486 0
4.564347485569415 37.12140824997287 0
11.22970914711041 25.33515601949784 0
3.154482507243647 14.829459138033 0
3.534728032456391 33.03113093647833 0
1.326989334626103 33.74582982511831 0
5.70214471627397 23.57294961100592 0
15.03368653709859 30.33277636244776 0
15.32594721345563 30.7187250628042 0
15.79987068210788 30.66575216627925 0
15.61826382988006 31.10647141210336 0
16.09225484208665 31.05169707344736 0
15.90896560972704 31.49127582045032 0
16.38972248036339 31.43358663503984 0
3.7778781828168 19.67661186971903 0
3.491630040436464 19.30157790006969 0
6.275561169832252 24.32615253746893 0
16.20441077317063 31.87729397836435 0
16.6832049529881 31.81952609291038 0
16.49735813541008 32.26383391943216 0
16.97623870739833 32.20582066182608 0
5.245588982529248 25.70198005179681 0
5.825450561888887 26.46248522927046 0
5.51896606168732 24.00909685867348 0
12.94522965561514 37.29554647742653 0
2.968340451690112 7.661859838242453 0
3.677503593610151 18.86436820036717 0
4.956222006746016 25.32585249483644 0
4.454134692072786 36.29865229590902 0
6.116308702151739 26.84258925243012 0
16.79059862496998 32.65017021702567 0
17.26913330681273 32.5925638955223 0
2.26556071526054 32.75387145386916 0
3.896991144094605 37.6405244971389 0
8.161539255592153 16.68105361661012 0
1.394806914412306 6.997534910162628 0
1.587535923366795 6.542532021186291 0
2.077373629111767 6.481661046532109 0
1.780069482225626 6.087534531304283 0
1.202115614552519 7.453123157295605 0
2.269979507370994 6.032265024373548 0
5.028045596613362 12.52093779880439 0
5.521738508828491 12.46060215222005 0
1.303171296580809 31.64644683203176 0
1.07242182120235 31.22123657586509 0
9.217153075470183 38.9848863695092 0
14.12878054556438 27.05759126596014 0
8.447400784010185 17.06878784593627 0
1.951749209615685 20.7113571420878 0
1.46760979326404 20.77444371268866 0
2.557346055168282 15.32703846525252 0
17.07493805271909 33.02867583751621 0
8.251468015105505 17.49584038810659 0
10.80921175863286 24.12317696598533 0
6.070818123684081 13.20538924373468 0
6.362068932005472 13.58651650662004 0
1.289808649348001 6.148181530970565 0
1.482572994170998 5.692926479596608 0
9.351547636628624 36.48267044616878 0
17.53908351949039 32.9553962013279 0
7.426232549542061 20.42972867707342 0
9.819612491456319 34.21153768128772 0
9.374613342698581 34.30552830434252 0
9.168227725380396 34.72790744391918 0
0.8224887735062343 13.32578141981567 0
1.336819783900105 13.16002542342067 0
1.647853909527162 14.00507581095812 0
11.83466035151806 33.10415410648033 0
12.24920144579559 32.83886274478682 0
12.70122477623486 32.93957245278587 0
11.5327264116209 32.72716129807844 0
12.57755372408824 32.49511968850035 0
13.03758161824813 32.60545973026545 0
13.1603119253677 33.03719678073985 0
13.47936363305586 34.5475678477079 0
13.70597415598037 34.16398253501478 0
13.91727221302421 34.58531625900477 0
14.18192917605895 34.17880211433759 0
14.37019750851269 34.61960872070179 0
13.96346650375918 33.77829343923498 0
14.13285285169351 35.00706842345458 0
14.58139164551321 35.04544858849305 0
14.34039697120747 35.43459677122031 0
14.79714463226365 35.44996847785568 0
14.55087980714718 35.85489104618618 0
15.00038306673159 35.82061836963127 0
15.06087687824959 35.02761503251903 0
14.08906072217496 35.82701360148532 0
14.29426597990231 36.25381401159373 0
13.82398090039997 36.23760370543563 0
1.35979155331349 27.30693526025701 0
11.25536477754276 36.92611441897746 0
11.54700538426843 37.27354707494109 0
3.550579691587992 8.454885803254413 0
1.466299797198692 16.24477014064426 0
19.39673575343966 36.07802664094799 0
19.21596167275418 36.52232501219177 0
19.6726110900444 36.51432957235288 0
19.51348933478453 36.91051755463574 0
19.02833418624234 36.97176528762294 0
19.32389274123525 37.36174829791311 0
19.80076236123492 37.30703798363538 0
19.61864307885799 37.75288738007252 0
19.13374296946466 37.81336902751022 0
19.42988217161731 38.20369180019721 0
19.91623514030902 38.14227590901383 0
18.94396748523845 38.2647633991528 0
19.7263873012908 38.5939510547462 0
20.21287338410129 38.53262153232825 0
20.40292292131676 38.08056809713619 0
20.69944377534683 38.47108698031505 0
18.64873362739773 37.87389006408138 0
18.45875584697624 38.32525947630031 0
18.75394997300735 38.7163766062752 0
20.02281037603039 38.98475511451147 0
18.26644159833666 38.76636383201802 0
2.071458168028158 38.78028718946898 0
2.553219932527957 38.71378645663008 0
9.676353210100467 35.44820851439923 0
6.878581568086862 32.58111084994974 0
1.285961207322232 26.39362515999237 0
1.315993505990626 8.304324573617565 0
1.125186300047974 8.760715286660753 0
13.71515018205802 25.88429436858307 0
3.178230623327508 7.219939146350944 0
16.5725835229835 30.99251621904379 0
8.362032040410948 34.49757241664739 0
4.896026008716827 10.87972857646515 0
1.057140434667859 33.29354551533812 0
12.14003571359663 32.3771274625729 0
12.451983762447 32.04129260008161 0
11.99193522691897 31.93608921987219 0
12.31902289009496 31.53006679711259 0
12.31976628431213 36.72490324623003 0
9.015712479405043 23.10642412840655 0
8.574256921218007 23.16898132619993 0
9.360700607769608 33.12861098878542 0
15.83710560163308 39.05524656355136 0
5.746821706333321 20.24471502902075 0
10.700558022755 33.34294936179565 0
1.598323701188957 38.83427381638933 0
12.56320483666104 24.33515360669551 0
12.8427244963554 24.72578178901889 0
7.639152831657798 27.47587119824851 0
7.517049871885691 35.46974255355941 0
7.699191476021166 35.0252584355192 0
2.758744970606224 23.13507399928536 0
2.610349707328675 23.54892134213843 0
4.26674908211214 12.19442775308891 0
18.07557392006196 33.68292899643923 0
12.1639025908836 30.67852069510194 0
1.263265277834733 38.44245177148192 0
4.222343002418554 17.57729605432812 0
6.404858325508447 32.64561231305697 0
10.61789442014464 30.01701358282473 0
13.48570885548989 29.67564008280666 0
11.21097260253631 30.79404698473041 0
11.5001269174925 31.25982302441877 0
8.004845926876241 26.59182821989192 0
8.296652840048502 26.97316173997161 0
11.0452807859169 25.78142642146772 0
21.86599571024815 39.57496197966223 0
6.113807468246454 32.26568937710113 0
3.418604531818515 22.63106869910884 0
10.85503386395938 37.16116851560792 0
7.491970632103724 38.83266684887608 0
3.992669668644852 30.86642267425101 0
3.695951233173973 30.46486015063869 0
7.079519008845024 37.62988654046133 0
5.115832621013794 13.32808015442992 0
4.285675615186629 31.24838952097323 0
3.050361207163403 33.09180631298555 0
18.58057412056416 39.1564732896042 0
5.526830201648355 36.99343108763485 0
5.893750074179438 15.72356701521152 0
13.75684885198773 27.9593673463765 0
14.22372012449799 27.9073537291349 0
1.416005503133212 9.151255208633659 0
3.834912629079597 8.856842461510157 0
0.9698924507251268 12.88449879563174 0
5.602404576505287 22.75841663245625 0
5.787842510487275 22.31624439232553 0
2.058372931922531 12.04756449876593 0
1.578366872489332 12.11170362423242 0
7.173998113947468 38.46827335743292 0
7.408154892907829 23.76272068633987 0
6.748853094844176 24.26485546738064 0
7.550467537226746 21.24309403465946 0
7.940275438642475 21.58772893232554 0
4.255944038932043 29.11636063173322 0
3.955445258985725 28.72781552070586 0
3.2064101615599 18.92365677457034 0
6.546039194722325 15.21802771225588 0
6.712471365277545 14.7971136102769 0
2.379182976527623 39.1688972755615 0
7.880192568264087 23.70149760974181 0
19.30017635835337 35.23119669148165 0
10.14859862944644 36.27072217530404 0
1.965792348259562 32.35891698272361 0
1.469017998688422 32.42653583146677 0
6.99805772352525 38.90666458935431 0
1.207017957386815 27.76362081127314 0
7.794197672988355 39.2128293805977 0
7.518879895216649 15.13038573703563 0
12.78306680649336 31.7055852503097 0
1.794438344975136 13.52035447938958 0
2.093594540939264 13.89460234271129 0
17.15417864014488 31.76726056508508 0
5.413787706747843 11.64157952824972 0
4.441250948241671 9.649730015853043 0
9.358543618168129 35.82304147099268 0
9.253380853589057 35.46786510915024 0
2.64183237799312 20.2724945086269 0
3.136251578584305 20.20567098525426 0
18.67061980790731 34.45560118313744 0
1.92421107808163 16.24724923899392 0
1.656526751972856 20.33680438754178 0
1.184237940168258 20.40133022759544 0
4.297313936975948 38.84267478393043 0
4.776818811641596 38.79245839753791 0
3.81245786459334 38.91552657866733 0
3.514500451762026 38.54027458584151 0
13.19724735227205 35.8467766301118 0
1.066964086789021 38.82986284719318 0
11.88131107644846 24.06215783601473 0
0.9394638461000893 9.200945346590716 0
2.033661619765919 26.90563132181374 0
2.493148813589609 26.82391037452629 0
2.776729333043972 27.17872408461691 0
1.848939394066006 24.53689944355543 0
2.151581719138658 24.16706993206147 0
12.99839042789646 33.76415315066917 0
15.25788363332689 28.57397220554063 0
14.93807373348318 28.19223508264265 0
4.732362746064239 10.00257419443053 0
9.482284097062921 23.04868645506972 0
3.997460386249405 8.458894338570882 0
10.90473350539635 32.44080299467786 0
11.1540555322976 32.03721815291865 0
12.22017994034002 37.21526683160191 0
1.692482581002523 16.65625039135196 0
14.32291689213642 26.59947739233598 0
10.2945737846552 33.1815948412931 0
1.82860627752938 15.23790171805692 0
8.143431424016528 20.41241729235921 0
8.69047770858989 21.91011342528979 0
8.52340560221278 22.34981289636442 0
1.075920832470415 10.02284279842235 0
0.8662673406428909 10.47055835618453 0
10.84120432401024 23.3152158407344 0
10.37703073308642 37.04782661103468 0
7.583960088120538 19.99569106836778 0
2.668262755773048 6.374559280572233 0
17.74084435265323 32.50348568355089 0
11.94175076834405 23.34323119182577 0
12.29207471532155 23.73603667494569 0
8.22801742476682 19.29929892834295 0
8.277778899022344 18.92929434994831 0
7.823227432640082 19.55998677604314 0
8.352974348070619 21.26157585878791 0
8.910821339645096 17.89965953274743 0
14.62511852528586 34.28671439848235 0
1.259651901848512 23.67111584672212 0
11.52122685557497 37.83144982783249 0
11.7648305637577 38.29627473508287 0
11.5594990128394 38.7183881171843 0
13.48505349954634 32.74499135815461 0
13.63368408847995 33.16465840728706 0
2.197977254751545 15.9194116817883 0
16.34296420968396 39.0620342132907 0
0.6770378958231347 8.772983798593579 0
9.622522052052325 33.47234817968609 0
2.758313920209482 5.85424229278463 0
3.327642781108579 38.99437442330251 0
15.90858699519968 29.39041166602589 0
19.06652315267193 39.1169870491214 0
15.31189940314027 39.19267148336075 0
15.04099226425493 38.72743233196164 0
12.77489604807565 39.09247698324606 0
13.27449737754224 38.9028479795748 0
12.2245473720236 39.0955875627233 0
0.6835944791583628 3.30124895383122 0
0.9611852537346698 3.612065109051427 0
0.8306251265205423 4.074570115278435 0
1.287508723920609 3.958249489612508 0
1.142473668141104 4.424442162842176 0
0.8693920181101378 27.49961393818075 0
1.319293270968037 26.82149304710767 0
0.9966465768828783 20.8028571890775 0
14.04685237173331 36.66094294949702 0
13.57813609937434 36.68331535161572 0
1.006837880721831 5.752958199740208 0
1.184219613007431 5.310938770495579 0
1.62513427553197 5.216022639197893 0
0.8100143223957844 6.1988615021346 0
0.8493358305600978 7.012531725419818 0
0.7712473842141909 7.476717450312489 0
12.8081637572043 23.61542535303254 0
8.729297859504827 17.4026844576819 0
9.09581649423882 17.07540658767796 0
4.512012501444485 39.20921770073616 0
10.46521822792079 23.69320912108574 0
10.01071452820364 23.49584677484687 0
9.063736354620293 32.73508074298218 0
1.446820207498876 3.433696411005264 0
2.976530451666159 26.7670118178516 0
2.700819113078132 26.39796607740605 0
13.40495862700415 37.17163597627845 0
8.261234765083866 39.16040616417897 0
13.07336864011073 36.77428124250637 0
13.37911004826312 32.248560073582 0
14.56477082560336 36.66547151706274 0
4.361467473133206 29.95810999948363 0
6.697719720909912 33.02914038525515 0
7.173797153342794 32.96190198006192 0
7.474382839476206 33.3417156190543 0
4.922774477052172 9.566336522545193 0
8.20447301501687 21.9957295883513 0
8.015644186961223 22.4313057089858 0
5.93192543367376 19.81116502383517 0
1.937885317417869 23.74738903615981 0
1.338436098954494 12.59978710418664 0
1.159793851570692 12.16186186710079 0
1.356337440310391 23.25357711125402 0
1.052130232800052 22.89051475187419 0
6.518472407957004 33.48597943735211 0
11.18128959009438 28.70506481536251 0
16.30349148717588 32.69594441548613 0
6.563042190893265 13.1491539822251 0
6.30020137155945 12.76291229634606 0
6.867429021137271 13.57939914342982 0
6.642372387806073 13.99892967046191 0
8.956235376690424 35.7417795443036 0
11.03230487096607 31.23693344593681 0
15.71650070221105 31.92486880315127 0
20.88940923201885 38.01895503217658 0
20.55916301726261 37.64177038217672 0
21.18046392310658 38.39612648472811 0
20.9323455180989 38.84659926523256 0
6.040416382439942 33.55960675294101 0
10.92297999033262 30.41548887149984 0
8.892408277609926 34.38665541555582 0
8.725837912757687 34.80847787868619 0
6.587373391748161 12.33230942215766 0
6.010984180617589 12.31484030649629 0
5.89195366281576 11.80531634726803 0
3.056227217673748 23.50924074457716 0
7.338154192736688 19.62481552335752 0
0.508787519560278 12.98725582367593 0
0.5417144178285682 22.94381314994645 0
15.13170630212291 31.15505314296785 0
8.880992306740296 36.5507956282115 0
0.4299635586785923 18.25311653496955 0
0.8564824712601499 18.00676907356428 0
0.8671108242194339 17.52715193625138 0
1.243643506240834 17.76404433500065 0
1.227957804902804 17.37656049089759 0
1.268412207006817 18.300853104997 0
0.4462716991506466 17.28754611009019 0
6.220539651209018 20.18565969220528 0
8.159644138528634 29.50137292674933 0
8.630495179687989 29.44394550580686 0
11.00086884529446 29.1538890065025 0
4.447275965104124 28.69158277787034 0
6.038379222214111 20.62156642560934 0
7.788358262531507 17.5571762999336 0
8.054778540589568 17.93227120897033 0
0.422405098128619 28.25989229095207 0
0.8785380302244905 28.49907466116176 0
0.8671605536838297 28.99026411228165 0
0.4367476079707461 29.24419203465361 0
0.8708909816718422 29.48516758581515 0
1.271379579184086 29.23016819405195 0
1.294246221685555 29.71320246950565 0
1.748902017691417 29.43042410785031 0
0.8822934156760256 29.97831852732308 0
1.387879107241466 30.25362866756621 0
0.8910643890594001 30.47319834331413 0
0.4385576053752168 30.72336322589511 0
3.880421000648869 30.01334779256156 0
12.0177442276452 39.56229347585757 0
2.925074871511458 6.82905977169942 0
0.4395399491979471 29.7414367140237 0
6.12642222780034 19.38257413730903 0
5.852450048032884 19.00443152368098 0
6.037574984198304 18.58192347115589 0
0.4306019255430676 19.24929123854476 0
0.8517438986759476 19.47028464767355 0
0.8346759869783043 18.99027680803765 0
17.9716056839231 38.38696694044044 0
17.79193877191525 38.79063334903485 0
0.8944307310545614 19.99366420975236 0
0.4393522626305352 20.24412200189577 0
4.553421418665177 29.51918423507443 0
7.224014901205583 35.08835086035883 0
7.408749140075781 34.64690255690192 0
2.893993173815019 23.93800569311478 0
5.864356774063606 34.00772241444965 0
6.570440803656426 17.2965856408052 0
6.393934989359235 17.7296687239178 0
6.101540701850164 17.3514642513166 0
9.569475535964097 29.321774530892 0
2.942174576108206 22.69442978227935 0
4.404260846087631 17.1445737473173 0
8.828850486788509 16.13466563276419 0
8.585614405890505 15.71349083141986 0
8.347826552666126 16.14842269755193 0
8.044436311248731 15.75646998800161 0
2.756521129161845 32.70292845468356 0
0.416640136950759 11.72590292732778 0
0.8619090495160666 11.47834761817763 0
9.763354404489746 37.68211761839391 0
0.4321566589389982 21.75202431494134 0
0.8968176462829397 22.02261651351289 0
0.8625044640754967 21.50607868368508 0
0.4281020353184969 21.28143124707356 0
0.5170820130012258 31.23662463563109 0
11.65773102793443 28.64613383713789 0
11.36397551449973 28.25910204811916 0
11.07196338991464 27.87496178113789 0
10.04191143559286 29.26000188925694 0
12.13545843714184 28.58668128950962 0
7.847152944690091 18.34824001194573 0
3.212939707613318 30.5229785892169 0
5.654968502742319 19.43537413570155 0
16.12517849646721 37.32502342803779 0
15.83105345710821 36.93823179955317 0
16.31281517642444 36.87686909845456 0
16.01952370004935 36.49120792277445 0
15.54022607791487 36.56471758781684 0
15.72914798699337 36.11049099552922 0
15.92425356939224 35.65035336422783 0
15.56918654798244 35.23405435568767 0
15.34849312769889 37.00168120689376 0
15.053352105144 36.6346105015874 0
6.149979993525001 21.43659583410387 0
1.947903029283125 5.620709521107675 0
13.0160154505221 39.589011280358 0
3.18361067240848 28.3966310923648 0
3.369910458690113 27.95003911748253 0
3.068745175862723 27.56830225034755 0
3.565307030533666 27.52971594634467 0
3.859578607575756 27.91692541529219 0
3.477703931647513 28.78388796770534 0
6.679757846873658 18.10179211751061 0
13.17180459102993 31.41396522078199 0
14.39199554490104 32.89576688519091 0
14.11923805095747 33.32549007432565 0
14.48896774642364 33.79019875190476 0
5.497719736139389 21.9399120438699 0
5.969538540115536 21.87486379665426 0
3.661496355317001 28.34594221231675 0
3.463731406757901 7.643970229827173 0
3.255195683610166 8.070491922354575 0
2.402460739325122 6.869516903909632 0
15.70747925592723 39.51292069064712 0
5.099492272553125 20.74263748326479 0
3.514682853864159 13.95117837415131 0
3.042038343961865 14.01147719212496 0
2.770584209914373 13.61960733310495 0
2.507036539987969 14.05681433215465 0
2.849930736295446 14.44717349606401 0
2.373886881848055 14.53851424428367 0
4.690609599856709 17.5180396588001 0
5.9001556108605 30.62179682909127 0
3.97575567213437 11.80860059238888 0
6.281578332942589 16.91599925840217 0
0.418398403214178 5.235982534742764 0
8.402833634934767 36.60114138384963 0
8.339932064375603 29.06185798336528 0
7.687442609920894 29.56077758440476 0
7.214615009438019 29.62186217615149 0
0.502935656650081 38.79465500185967 0
7.899349045467234 31.19902185668234 0
4.587556765008918 16.71091248341985 0
3.625561336367758 14.77042329806766 0
13.52923776575015 24.29254192926611 0
2.743682590670654 38.24888013959897 0
6.633611995738558 39.59785014466403 0
6.473559827432357 39.11789153052271 0
5.913023923318148 39.14474520471998 0
6.161658297932319 38.67658089903565 0
5.673052495999386 38.70345162189009 0
5.437829566759139 39.14485472920894 0
12.63824984529574 30.61559909855808 0
12.45935207156634 31.04160986254706 0
11.99621540258487 31.12881808074226 0
14.74066767745716 29.94643326104207 0
14.54876091661157 30.38599121171579 0
14.44759821693693 29.55956386009552 0
13.9662404304547 29.61789066483504 0
14.98457436781988 33.65958513403125 0
5.556717872068756 18.64175533518106 0
3.331476665134992 14.39012231794826 0
2.774598157573089 8.119027147964939 0
17.70924764853594 31.46921999603988 0
11.09533909031796 29.97053534686756 0
17.21612372844064 30.62492196139007 0
18.70181659861701 33.20074185387682 0
16.72322532126873 29.81121563380447 0
16.48077927102378 30.22024665397614 0
16.21467044162934 29.8112191802484 0
16.19163544587115 28.98830839968425 0
19.18471164897027 34.051711144863 0
5.651402614991268 10.63387567611384 0
5.426952225018872 11.08976636512507 0
11.05581323251114 39.58714065723348 0
11.3087051201601 39.16684758273902 0
10.56185739654126 39.59030657389163 0
7.607138595949976 14.01326265401729 0
7.365249967476526 14.40335440342089 0
8.018410517088888 14.88622938697524 0
0.4327274625415526 32.25049404904768 0
0.853318792983222 31.96414919488064 0
0.9378353007187247 32.464786166564 0
5.972752698254924 34.82848045774027 0
15.75403664036289 28.10869621617683 0
9.607027562309597 39.59005225790249 0
9.867916553519317 39.18196492125098 0
9.116218531295326 39.49628322679982 0
15.25689034413248 27.26630404752957 0
14.80555023039358 27.32327717485495 0
15.08751174686065 27.73388138217958 0
0.5096373961546604 33.26905330023557 0
15.2588728724942 38.28004519716875 0
0.8248872325148892 18.50961431838028 0
9.240399990472584 32.28634630900155 0
8.591648015879915 32.79593243025943 0
8.118589958425442 32.873659340673 0
8.297899431833251 32.40961529142942 0
14.00340016737617 39.57978296201819 0
13.743883341864 39.15263718214485 0
14.28003583234833 39.15875929291349 0
14.50019793279831 39.57729064923307 0
14.7633431136403 39.15586954892976 0
3.488953348289163 36.44245966028339 0
3.788607394711902 36.81700728874059 0
16.6083181102363 37.26356248330708 0
16.79626511144705 36.81479865353685 0
4.199768800237418 9.225972019752588 0
3.115743839899656 37.34042443478511 0
8.693149879716445 36.988507151174 0
3.658601978729745 9.297834072246397 0
2.691184859239515 14.89714852519572 0
5.188731682425347 26.9650439278746 0
9.141863587078916 26.02962093284993 0
8.956455247824699 26.47182968391585 0
9.247958106304466 26.85303120400456 0
8.772021062746212 26.91345955322422 0
9.063826702545068 27.29525260131097 0
4.580152440008623 24.14347792542804 0
4.863771956167772 24.51642150753253 0
14.036799762143 25.12972811565623 0
13.58902362740766 25.12197750752011 0
14.28836323296481 25.53905462876998 0
11.33823071495653 26.16337111932022 0
2.593653420372292 27.6265782006639 0
2.938203219669469 13.19001920478211 0
5.766144398181962 27.72333770851233 0
4.606071971506149 26.20647914266106 0
5.898270767912796 36.10194000684137 0
7.1670052687509 27.53687211158434 0
6.698741818918799 27.6002942354254 0
6.407507848042261 27.22241311488338 0
6.586341740384904 26.77763379828669 0
4.119452530194206 16.76969225421598 0
5.181018389554073 19.4968616546784 0
0.4314020364316205 37.75053875066084 0
0.9296211914707703 38.01433332635737 0
0.8650942989877898 37.50161100741109 0
0.4326130008159229 37.25104082853973 0
0.8636571921439409 36.99940983934675 0
0.8674309109768327 36.5041621325548 0
1.297383060405726 36.7658281864118 0
1.282971663958857 36.25934361402476 0
0.8668949406392331 36.00588759936179 0
1.298730687589808 35.76101912540673 0
1.730500810865198 36.01111372341712 0
1.709069408960355 35.51505314091973 0
1.300348927901844 35.26478597544637 0
1.767296340622561 34.95200097905705 0
1.307771006053812 34.76902241361194 0
2.146792089066086 35.3235742627929 0
0.8757339493056515 35.01304665311856 0
0.8797058274639188 34.51657887634675 0
1.305256662149295 34.27311096261074 0
0.8681790700079437 34.03337432178307 0
0.4380740231989465 34.26410372555096 0
9.753551129707121 28.87891732860144 0
3.86072154926189 35.53185369531132 0
8.929087857619926 24.37999547815078 0
4.20009190529465 15.52496081207125 0
8.452728382941423 24.44666070072621 0
6.375003929807253 30.56130057922215 0
6.558750149332724 30.1211498790379 0
6.083820453917083 30.18064676473807 0
0.434890376636588 36.2520277307483 0
0.4361117926254592 35.75391821422483 0
5.53731631126809 26.08455556882994 0
6.053272636149044 28.10345357262094 0
7.352901701611412 32.52027066781493 0
9.492947205974263 30.57959583996318 0
7.393584250901841 29.17934719137251 0
6.740900244048559 29.68058323854695 0
9.724325351925437 26.79225373687152 0
8.589243474049365 27.35577570919773 0
8.113122619780441 27.41463352008808 0
7.934104316426232 27.85873661770141 0
3.972887780480943 21.30398959207705 0
5.656697069240935 39.57533415147617 0
4.209851606291723 25.01744946053085 0
8.082341983868647 30.75910129904367 0
8.553228320719516 30.69920722732849 0
11.41526925356265 24.89100522038788 0
7.900419863456256 25.77105717208146 0
21.37429057283808 39.59287804274516 0
8.182536773106564 34.93676099891503 0
7.427337696698431 31.25984812508789 0
15.55058028054755 34.42467072811625 0
15.0827490205854 34.47158377648375 0
4.547992225414378 10.4705349190035 0
3.681591952611877 11.42159472644578 0
18.83882914292876 37.4226152482142 0
18.35523319958165 37.47903264034581 0
3.397910418363221 30.06831803577419 0
12.34834892121707 30.23680753846575 0
18.73363971155846 36.58044208884318 0
20.41421513660051 39.61243509989167 0
19.91803943504533 39.48950770110198 0
20.38636109363883 36.15658743288217 0
19.88188598327493 35.30356324152283 0
16.94730325636544 39.59879482050223 0
17.43490481930636 39.59588763070302 0
17.13911856912637 39.23576077054697 0
6.370828287207506 25.13668290383379 0
4.947010136858331 23.26277533653771 0
20.64280417385219 36.59651760450753 0
20.40256031082973 36.97606386891408 0
22.35777022864978 39.57534120995497 0
9.356315133258271 27.67677969139203 0
21.63381433031786 39.17576472208221 0
9.900636629926645 37.17997533024057 0
12.882660903315 26.80877666366953 0
8.190448787472441 26.15099796734595 0
11.66142980735447 32.2688558993894 0
20.07943431446013 37.70858282251062 0
21.05253458223884 37.47455744511057 0
17.15601216848249 33.8114464921594 0
8.744165458785774 24.82473002158243 0
3.754992028545991 39.58792567302084 0
20.46443279909772 38.89176335904399 0
3.287841389592452 17.69747982213832 0
6.661152402498413 25.51467711165239 0
6.447419880497526 29.29865825556874 0
6.93497722679338 23.82397015112435 0
10.35598009690166 31.71123382726787 0
3.351081977009474 23.88626371160874 0
3.236550639907872 23.07100030828129 0
2.693113747980507 39.57087220756585 0
6.546299207695453 22.62697768747158 0
7.715266490131253 26.21196779315948 0
7.33358346482304 35.9122282121585 0
15.82565269722521 34.82000414475363 0
19.2428878768448 38.65691342060487 0
7.805523847054154 22.87195619104724 0
3.711808065569637 23.00831730551901 0
5.044650747369676 37.05720739275471 0
8.48079192813416 26.53133191081238 0
2.292323888024057 29.37009497843946 0
2.009361518842277 28.96978323935732 0
9.987221507668213 25.08240000125103 0
8.370549227265577 31.13854684852424 0
3.281014377672165 10.19750295577231 0
6.008413497756548 36.9299237732159 0
11.95274265616193 29.03293035350078 0
3.783849633586914 12.25217663784781 0
10.32861519320278 29.63901837802226 0
7.261518114235189 37.18224066715176 0
4.145015432396129 18.80874815749775 0
3.89462758747663 22.56747683013734 0
13.67490280788778 29.23286872018549 0
5.0253849856717 22.00272919417848 0
1.204344444732717 39.60435526721388 0
12.4017940074129 26.86897184674165 0
7.716628041285852 22.06681270311802 0
7.031686420974087 30.06109774329165 0
3.451897575460342 34.304893574837 0
3.641513040455413 33.85776471569693 0
5.63822913812862 32.33145966850807 0
6.5220449320397 28.04271003117802 0
6.440612605385105 21.81092898428763 0
19.06504979251473 34.81062468255848 0
19.53661717724297 39.04571061413641 0
0.8642254790986741 11.00542206604336 0
17.66180552108204 35.85864764865446 0
2.258666617967354 4.704572532121819 0
1.802158812844067 4.746420149619729 0
12.4812970795315 25.59591623551943 0
1.944360944841162 30.25214756311886 0
4.932641971095654 13.7688152270975 0
18.36940098181193 34.06134100913647 0
3.70410623507405 38.08844236128726 0
4.958258801768418 38.33965830076328 0
14.03406233795555 26.23882964392248 0
10.59628688217903 27.93514206567389 0
9.311251982988921 31.01830945898529 0
5.323627721881155 14.96743625900378 0
19.64797322971376 34.89186720318342 0
7.977878012818506 24.51275458493666 0
5.908660141193658 38.23234454230921 0
6.635904533058039 38.586645147718 0
4.825804018663057 35.40057052047405 0
22.11694051882122 39.15561621528724 0
4.419099099107678 34.18221352866126 0
1.459237138995715 38.00486686465882 0
4.043135794500066 18.00869609087814 0
13.1951161163372 29.29275174146677 0
6.297358709668547 31.82342099097954 0
2.895740391290698 16.50414810283313 0
16.5239488031535 38.55124623108415 0
13.27783627517902 28.02109937739838 0
15.64408871689891 28.92086448408896 0
1.905635147648404 9.0855911508208 0
17.07546122959836 35.08549482896687 0
1.276929451836208 32.86622937596412 0
5.806761474642989 24.38600764413305 0
14.50433936761965 28.28745524628409 0
5.812175383660847 16.97229275783247 0
10.46285130255262 25.02082289661035 0
1.775853758424826 37.03568003453053 0
10.86124133743833 26.22656524232968 0
1.50149440775258 7.846819254859264 0
13.8870022621472 35.384362014901 0
3.732678105209546 15.58517953564818 0
4.029326666468384 25.45368214046806 0
17.45688890501804 32.14633464115419 0
3.576312687035826 18.06806902755975 0
16.85420620958089 31.3864635225346 0
13.82482401161941 38.44049387914516 0
4.497102545866523 32.90397060572246 0
2.944880346995723 32.25685266837469 0
2.177737311456915 36.191348405455 0
7.039607872887846 35.53096042279491 0
5.218789463377314 29.03501656369006 0
1.882243885360339 21.9926576798366 0
6.193215393784946 36.48361207628134 0
5.42363698306129 15.78202417717631 0
2.422550289348471 11.15668866338902 0
1.097011096203662 6.603347541609816 0
5.930117442886868 32.71375788182209 0
14.77637584274449 38.32740329012038 0
7.410050593795102 16.36538772892597 0
4.548149996915669 12.57764337491013 0
12.69365159004572 27.25330846283301 0
4.763303958878955 31.18635221240054 0
16.6780015924508 33.88041787846427 0
10.56918987021159 25.8448707348986 0
2.738808282147613 19.0230720020716 0
3.973964282505851 36.36614853287999 0
8.622563926629622 38.25991464160846 0
6.172202110940325 14.0282964492909 0
6.223002088047704 33.09964226863181 0
2.351206249804357 31.48114119587752 0
3.69131626168624 20.92650097787737 0
3.220082962689706 20.99178588118085 0
3.019071670673505 21.42245063797002 0
4.843671028143831 29.91416620029575 0
2.992069932168546 24.77044849317267 0
2.01431730931582 9.92856440627915 0
0.8697168512028415 35.50904959893771 0
7.877977104489577 34.56984786943132 0
2.47521604244682 16.58137090819645 0
10.78141832588509 27.49348470875163 0
5.822184197279127 31.88545037446638 0
17.55647692664304 35.02522890567619 0
13.36553339084591 38.48118953119804 0
3.469879751841097 9.747155362748833 0
12.65788471181966 25.15965506849264 0
5.924338044074818 17.78383964504097 0
5.568598361930375 20.6833942270407 0
6.364440314366369 15.66362314618453 0
7.556218310489087 37.56347124673955 0
11.25851428453944 27.43234877812501 0
13.4848126668079 33.76576897675175 0
4.643211400920615 13.39233473642268 0
1.354510523234991 28.22134501352449 0
16.5042794864102 36.42851340102301 0
18.89050894527798 39.57369865618233 0
13.17422629006036 27.19332012281217 0
4.343733182629008 35.46521468448616 0
13.77613624767502 30.05857302367243 0
4.125410260082546 33.79747162576405 0
5.563592537090953 33.61240876556976 0
18.4393377181142 36.1898459453532 0
1.238629980165533 21.24699773899992 0
0.9275055602330691 7.937145024218564 0
7.646222926867964 32.90125911369914 0
4.065301868162206 20.05220231350152 0
1.279241646283243 19.18512581545197 0
9.022863320656338 30.63971389786603 0
17.84993951979935 35.41178710727949 0
3.174652647460106 9.35636295516521 0
7.264448759788611 20.87088041144085 0
2.534333980814456 11.98735411748087 0
18.54543981770372 37.03010367938911 0
11.55266002199422 31.78283707526608 0
11.54997845683805 27.81637748075302 0
4.016814492345897 32.96625025257964 0
4.508722896822015 17.94894049946136 0
3.914456072243138 15.14808419285742 0
2.088798589764143 17.4530202003303 0
11.35638829329 23.99487906787278 0
3.453273710627716 6.824943131927689 0
4.578657215109572 31.6304686577228 0
8.73492035787204 30.26108831114465 0
5.050640016259107 24.07469597932947 0
8.440842303342821 38.70812914383382 0
3.029916630724938 19.41478371315674 0
14.77915309507368 26.45076269467954 0
8.8820386969858 27.73693822994309 0
8.811933389453019 29.00379352237871 0
18.24965790625851 36.63625148095812 0
17.87173396040501 37.5359018087226 0
5.609314778515032 15.34635600085297 0
8.917446617415617 29.82490104599057 0
9.528760768206549 32.67381520879473 0
14.25769809491831 30.00183769086001 0
4.096033556187202 14.70973154941432 0
1.71646790900415 9.538425369480931 0
12.89392331311672 32.15747807773617 0
18.14442641575388 35.80017173698125 0
18.25719334029322 33.23973744987266 0
13.46588552656184 27.57721525326828 0
5.713564549213938 36.54775347883619 0
18.16658744247793 37.93197932763997 0
4.157997548162511 35.91626943748967 0
1.399931180522273 22.0584851689295 0
10.75357137327941 25.40073823190007 0
6.500279604676234 18.52753747775731 0
4.096976955882879 31.69295926272503 0
7.766558115412979 20.75101527539114 0
9.099672426709642 29.38398404892129 0
5.859047468733877 21.05981176261045 0
1.280231123129838 28.74840147515016 0
7.879401465303456 16.29936551577943 0
6.159770651020017 34.38489354395465 0
3.318909717875827 19.7860453720562 0
17.48888944971715 38.40693996636328 0
7.370254492473011 38.01193040192246 0
8.737145423682067 39.08812543938375 0
14.3587327132127 30.82508356145313 0
7.948846385197678 33.31446031941177 0
10.80448906670178 29.58436530130191 0
0.3952336713178802 10.2498833675157 0
3.806633892420874 31.3081673444518 0
18.20483005179237 32.38656623703518 0
0.4421910755189797 34.75823058304319 0
10.82077661042142 31.65417878548408 0
6.259811549694958 22.25048457593477 0
5.231975380213958 36.61232987812646 0
10.93808480675206 24.95634893768999 0
3.830752926726433 33.41229878519956 0
2.240539206519224 11.60266143735216 0
5.677687281295936 34.44952068535912 0
6.87926667230265 38.08969165564253 0
10.73260071154517 30.84690981225565 0
14.8410092788446 30.77106327448308 0
2.85354685125059 39.10395738902243 0
1.24881192280817 9.585274053730156 0
8.093968153766022 23.2443394498271 0
20.1613178312088 36.60895111135073 0
3.509207405912235 30.91664074875819 0
13.93541279516585 27.51944633459441 0
11.12785002193164 24.49802774758901 0
7.462283978151795 27.91893528993413 0
2.641745362262701 24.36296204403158 0
6.078893482774828 15.28481779493325 0
4.750535681483112 36.67525093137866 0
10.34411973615618 39.18994541468196 0
4.072073152872216 12.63410804946036 0
3.861443828622245 18.43722506672917 0
7.119834066352494 13.99139586583655 0
6.074024729906893 22.69285636650693 0
6.084382260255971 24.76437984486397 0
14.93961600731174 31.59090770988511 0
5.23078736872526 23.63787820001205 0
5.887389542135311 23.13499962347248 0
5.415656322542601 23.1982901950237 0
6.23044667164825 27.66783743867073 0
4.49384256222701 25.38960883416949 0
0.4261560822468587 10.74637293128892 0
3.346042362261322 33.4746011660683 0
15.99570941499352 30.23919522642769 0
5.941254125340383 27.28812626803222 0
1.256834540579979 30.77623780579808 0
6.213236065596567 18.15598023025731 0
15.42366044753106 31.54056828540348 0
6.557683006099847 24.70264488866369 0
2.858155506493365 33.53598340255502 0
9.313301998343858 22.60861292974814 0
14.37528368939938 37.1183838706766 0
0.4613061019099334 27.27291491776268 0
7.030303250129267 24.64192730994504 0
5.651686473562024 26.9079401116863 0
4.781903070770354 25.76779564904524 0
0.4419034253207322 9.229001558388495 0
5.362254865686326 26.53001235124764 0
1.745397612956337 11.66225676673157 0
2.562297118482046 33.14564364003208 0
7.217011073153209 24.20045735204815 0
15.5236119102999 32.35873313521523 0
5.072329496511768 26.14851157779176 0
7.689361202654956 24.13981630520196 0
1.758454314290897 3.864889817525321 0
6.261651872014182 14.8474938615959 0
13.81806412398986 32.13373263363229 0
4.674491021888777 24.954511627899 0
16.00911178107244 32.31058045825928 0
8.163017990812422 24.07487274004699 0
4.270911116401056 36.74484394699438 0
3.393631099231795 18.49635240716236 0
6.441832889225076 14.41880272209949 0
1.253672499215972 11.76101850146081 0
4.829945818806379 12.95753120357124 0
8.361467094728599 23.62466657348224 0
8.604613187572051 16.54291091083291 0
5.147321018187674 24.88670320971345 0
2.45885894765086 32.31128543226468 0
5.333914163529013 24.44958173477887 0
13.04178842487176 24.32936013348564 0
16.1064111692797 33.12526533249495 0
2.163168844624154 31.92374085045312 0
1.284078245223125 37.24642005760687 0
2.252720663599251 15.03488623094267 0
4.085871843251313 37.1923123287624 0
7.136250683133753 13.16090976770615 0
21.64403898380636 38.31689748101639 0
15.44495607431024 35.74580818755199 0
2.921490385943651 18.55735385376174 0
16.5883015180747 33.07780463681156 0
3.60200079911229 37.26532473107521 0
5.311495096757111 12.89531772459415 0
3.417113075963043 37.71338262997521 0
14.78649623769865 36.24514257062356 0
0.3990716880096907 4.249999999997816 0
5.801220382780423 12.81696963830128 0
4.739553172880844 29.08002426788993 0
3.230189847956689 38.16539094259211 0
9.762505057257897 36.29651538138553 0
8.096758325403728 39.60016724919392 0
10.73733434301759 32.8739635225251 0
2.421081664266631 5.555604844818077 0
3.037130409212749 38.62777732283126 0
13.31541255783796 24.71794946976043 0
0.7096092560496285 39.61995493658666 0
4.63097082256327 28.26304732575122 0
1.669545958261176 31.98129806504971 0
2.91257869886954 25.98683036430055 0
11.06816138360663 38.76050844320743 0
8.836625593668691 22.6872260481783 0
4.150065297942518 28.30381592742046 0
3.195365986483816 26.36232147027075 0
5.023306180143434 10.35784183131477 0
16.83381501658226 38.89652091693306 0
7.504116368201008 19.19469552275844 0
3.275872193119938 27.15052833701136 0
0.8554373089259639 4.921874326765611 0
18.38408934225263 39.58149664264738 0
4.058071641583341 27.49930944222064 0
19.59037174085881 35.66125673869111 0
3.762740077423867 27.11649478303166 0
1.765723302963986 12.98116284284769 0
1.240768375906567 22.47151150486941 0
3.727978799765884 7.23329108248523 0
6.171658247826671 11.4619930771637 0
11.77116599616469 39.14889532462202 0
2.40389203574452 20.67230266923664 0
2.623037087775979 35.2878946139945 0
2.19658341732271 39.59450767461673 0
10.72188628121868 37.59118123708981 0
11.16023052532998 37.49355144100833 0
11.90158895247519 37.56284938864823 0
2.148547638931566 20.30019109784917 0
16.86861257023818 33.45644858941458 0
1.725285949498316 18.32434019121547 0
9.886264412757287 23.00285941088808 0
17.3379353017485 33.39302280812057 0
3.6163418756788 20.12235101221919 0
9.862194016754211 33.0368245247704 0
7.91729692006729 15.32996683348094 0
16.27726518176657 30.62582754671187 0
13.69766010764318 34.95495768931307 0
1.722325211855088 34.09343028540842 0
1.36367131210901 19.97897351272826 0
4.448365640021639 8.494447520355616 0
2.010722105886573 14.29541308412113 0
0.8374234200070833 38.46624453819165 0
8.341977526939568 22.77510226455158 0
1.209983499422305 16.64238386271154 0
3.426476597815406 20.56038352180573 0
14.55782233986887 38.7466537241618 0
13.6535579632718 35.77862513648652 0
13.35230429670906 36.27559982548885 0
2.291671332469067 34.85992678988455 0
0.8881595856087406 8.402884660387535 0
10.98206542586381 23.72040926813442 0
2.932307085575598 20.62648197299065 0
0.8418417355563106 32.9270076086492 0
14.38722020502381 27.45658362937738 0
11.8719920918171 31.52752683948238 0
5.214766346591552 38.73498823837525 0
1.750576568097956 26.57211916677981 0
9.064223656740181 33.97385047327056 0
13.13622402049971 25.13784835919892 0
7.606129461500338 39.6145497992284 0
1.87751426712712 17.05010909125455 0
0.4007861426982379 7.19418196212461 0
1.624501503472188 17.50331197335669 0
3.723401074624606 8.044885151840473 0
1.867192021811973 19.93375480557246 0
9.493959476166625 33.88361258051569 0
1.549426193952849 4.356890955767679 0
1.359808312067231 4.829431500781444 0
2.07747047168338 24.93654046780733 0
6.902763298199582 14.39693129242711 0
12.89865174172224 23.14322401156905 0
12.81934349091723 33.35647578008477 0
9.456771711069962 35.07089058665731 0
2.444539458199584 26.0667616310789 0
18.1001599867787 39.18704931096428 0
12.64278234088478 37.01054332355714 0
19.8518830268574 36.06978101987242 0
10.8224428757332 39.17926135624744 0
0.3839657670443754 6.274648107729817 0
21.40008343796382 38.7855467583351 0
1.699929956631228 29.89331653922763 0
0.4410445933251812 16.82961448835648 0
1.925503122478675 39.20004144064764 0
0.840311787968802 28.03333608232996 0
15.25801703437918 36.20248430466338 0
0.4095460546265512 7.772911247366387 0
16.73604426335287 30.59942277305739 0
0.9229054336540931 17.05902587106912 0
1.557195872523205 22.84415312420352 0
0.7546093271944289 22.53459309622628 0
13.9291104118735 32.87121084852156 0
0.8344366191657649 31.5660998422978 0
7.963609915034066 21.15122389898129 0
0.4745309500288716 26.84047678274873 0
8.465222215097 17.87413030367803 0
5.059363470219855 11.32390958547784 0
16.05793951108246 39.3918718813559 0
0.7921699934231926 12.48087298077176 0
17.81140575314598 33.31045762293224 0
10.06586883522084 23.89594346535732 0
14.05562398920586 38.77737182705257 0
9.092689153514046 36.15818432178587 0
15.41780908491804 34.79558560751207 0
13.4151152357241 25.51706430817617 0
8.944415588076767 35.25591697184704 0
4.678665713571856 39.64463038310156 0
5.239709591237355 9.832803434196023 0
2.100292498727 5.161436612052764 0
7.32979828961087 39.23810626116889 0
14.65773590131314 27.81679770741225 0
9.527474240340059 17.24969055616352 0
18.52087649717255 33.61080960736824 0
12.18260362790137 38.27192737781923 0
4.965760214914009 39.18589737302194 0
18.01577782725211 32.8483929418599 0
4.19823033006292 8.051752595353628 0
1.680437320464529 36.49851321310858 0
17.61129767665337 39.19548624265622 0
0.786272300822868 20.46519481176552 0
7.185228160840458 14.77183495683678 0
21.12855200491513 39.24807738904784 0
11.20998751074205 31.58925335218617 0
0.7253887873953977 4.483422715411545 0
12.58139548840664 37.40625153674893 0
11.98271465997049 38.69344118614933 0
1.248789067507468 37.65097158721643 0
2.118971384223244 13.24606694435819 0
7.893186094380739 19.10115440502143 0
1.38850300554541 39.20972651144318 0
0.9291747048698207 27.05695654751121 0
8.257483902903974 18.29097726716179 0
0.8129352719960584 9.616303541119738 0
5.765083863735271 11.40915332664628 0
10.01989993470263 36.71535207601429 0
1.268579426616471 32.05474340929859 0
2.210567422780502 26.52129261143777 0
17.0049580103142 31.00229773229298 0
10.12878110377495 38.80472918061241 0
0.3148462622090497 3.320860591478009 0
1.22054128414809 10.79742511199176 0
0.8351920738436341 30.8861321173007 0
2.250906757957734 24.57096374824214 0
2.428134352883583 23.90474955516991 0
0.8164241424174676 33.62211983240218 0
14.58633846007159 26.94004115955036 0
13.29378666269766 33.43255499377597 0
11.14266569318691 32.71549827403868 0
0.8055070655645334 11.89624798791312 0
19.91032607449873 36.91638726662453 0
1.19687207573384 21.71840803853295 0
11.27912218997125 32.4379073238206 0
13.14351492304095 31.85460698219092 0
0.7967079896898676 5.401214817684059 0
13.65287242221548 38.75090807982308 0
17.31103261269146 38.8325540952977 0
12.72875113346625 31.32506719039706 0
4.231973334423936 8.824605741211402 0
5.614781678938302 12.08703404787978 0
15.36370780132227 28.10435703491063 0
6.911915541286658 39.28939647263861 0
4.066191963627444 39.21353257075902 0
18.79138900731135 34.03513715082374 0
13.85049078859008 25.50288698350088 0
5.272052574741681 10.69668842095752 0
8.381113673088239 21.65968483280649 0
1.382784006861316 2.998508551905115 0
8.768312042905473 16.87828716350372 0
15.18526973762061 35.43163236215251 0
7.587432656701868 14.72216736144157 0
0.3193732029207371 39.67976901220796 0
0.8399638782284113 39.21085153342496 0
2.795086735204064 5.459845828513919 0
0.3400389044151813 12.63498506817012 0
11.91315235214916 32.68819285529546 0
0.3458672893830432 22.64568124923455 0
1.605122910188994 34.52275760618343 0
14.74750311324713 34.69455738552951 0
20.67067002850082 39.24936551905564 0
10.37352820581689 36.62137259141078 0
1.217941366663663 19.627720708762 0
2.291786726389724 13.59783643686288 0
1.665498829888149 26.20574371874217 0
2.02182212796488 35.76444607529208 0
1.599240146498981 28.9896264854517 0
2.17373252581397 15.49601062994364 0
17.2722278323964 31.40756317972979 0
4.669250514988383 9.259765066136405 0
2.088694635392649 16.63428309107322 0
9.898779964335711 33.78328012740963 0
0.3398031305912439 23.26733665580214 0
16.71486315427545 39.287820917639 0
8.004982350823564 20.00566456189845 0
0.3055667587348052 13.26886043236359 0
1.442199283558277 17.02744337327255 0
9.664825824519241 38.85735350458748 0
11.74753633752912 23.69426460131533 0
20.19846281294881 37.31898885682834 0
9.392674136569347 16.87863610834923 0
13.1534884469398 23.41925807921147 0
1.662094188798598 26.98340172933743 0
11.8783731375643 37.23284760628306 0
7.776902922888891 20.32311861636958 0
10.26097564978732 32.8131041638668 0
13.26511889648039 39.28652654222894 0
1.13408443902023 18.75211225034919 0
0.7921400361250065 21.13947070171595 0
8.013718680353131 18.6701886699193 0
15.61824061967943 28.45468374815775 0
19.06623527974401 34.40272031807056 0
2.270820006688279 16.27406524321879 0
14.09197801215061 25.8723447201018 0
1.53919331576715 18.00669729474616 0
9.645730079658724 23.37220586380381 0
11.96135235308548 37.94453044072486 0
12.70411380024245 23.99589392853927 0
2.227441220492861 23.53023795833904 0
3.617334409956329 39.22973320378444 0
3.080131370447799 6.049112984408032 0
13.73273666163262 33.50401986336988 0
20.29803355505496 39.24556535872095 0
8.608435437097835 35.66056945330818 0
0.2824750887561593 8.75239938268091 0
2.456543030509493 15.67540346778757 0
9.994037931771945 33.41422484518396 0
15.36355238184093 39.65688903977275 0
12.30496994391513 24.10651945068165 0
13.7460644107701 32.47388392015194 0
7.663044556674558 15.57101420702465 0
0.7317618955246685 6.565285580012155 0
12.69099660814923 36.61871481098607 0
20.64345196965859 37.28071025174388 0
13.36551746051089 34.88952555070924 0
17.51095950535366 31.80179103836687 0
9.489854832718136 39.23825881610029 0
9.63109013387975 22.76995232014703 0
0.7020531054497516 10.01797269902569 0
8.490862592685927 18.64401001713397 0
16.01076507851135 39.71239343503873 0
1.644998374250678 23.57337800955531 0
14.90002121198627 34.02706634186136 0
9.454583132745993 36.16343844886109 0
$EndNodes
$Elements
56 4972 1 4972
0 1 15 1
1 1 
0 2 15 1
2 2 
0 3 15 1
3 3 
0 4 15 1
4 4 
0 5 15 1
5 5 
0 6 15 1
6 6 
0 7 15 1
7 7 
0 8 15 1
8 8 
0 9 15 1
9 9 
0 10 15 1
10 10 
0 11 15 1
11 11 
0 12 15 1
12 12 
0 13 15 1
13 13 
0 14 15 1
14 14 
0 15 15 1
15 15 
0 16 15 1
16 16 
0 17 15 1
17 17 
0 18 15 1
18 18 
0 19 15 1
19 19 
0 20 15 1
20 20 
0 21 15 1
21 21 
0 22 15 1
22 22 
1 1 1 80
23 1 23 
24 23 24 
25 24 25 
26 25 26 
27 26 27 
28 27 28 
29 28 29 
30 29 30 
31 30 31 
32 31 32 
33 32 33 
34 33 34 
35 34 35 
36 35 36 
37 36 37 
38 37 38 
39 38 39 
40 39 40 
41 40 41 
42 41 42 
43 42 43 
44 43 44 
45 44 45 
46 45 46 
47 46 47 
48 47 48 
49 48 49 
50 49 50 
51 50 51 
52 51 52 
53 52 53 
54 53 54 
55 54 55 
56 55 56 
57 56 57 
58 57 58 
59 58 59 
60 59 60 
61 60 61 
62 61 62 
63 62 63 
64 63 64 
65 64 65 
66 65 66 
67 66 67 
68 67 68 
69 68 69 
70 69 70 
71 70 71 
72 71 72 
73 72 73 
74 73 74 
75 74 75 
76 75 76 
77 76 77 
78 77 78 
79 78 79 
80 79 80 
81 80 81 
82 81 82 
83 82 83 
84 83 84 
85 84 85 
86 85 86 
87 86 87 
88 87 88 
89 88 89 
90 89 90 
91 90 91 
92 91 92 
93 92 93 
94 93 94 
95 94 95 
96 95 96 
97 96 97 
98 97 98 
99 98 99 
100 99 100 
101 100 101 
102 101 11 
1 2 1 47
103 11 102 
104 102 103 
105 103 104 
106 104 105 
107 105 106 
108 106 107 
109 107 108 
110 108 109 
111 109 110 
112 110 111 
113 111 112 
114 112 113 
115 113 114 
116 114 115 
117 115 116 
118 116 117 
119 117 118 
120 118 119 
121 119 120 
122 120 121 
123 121 122 
124 122 123 
125 123 124 
126 124 125 
127 125 126 
128 126 127 
129 127 128 
130 128 129 
131 129 130 
132 130 131 
133 131 132 
134 132 133 
135 133 134 
136 134 135 
137 135 136 
138 136 137 
139 137 138 
140 138 139 
141 139 140 
142 140 141 
143 141 142 
144 142 143 
145 143 144 
146 144 145 
147 145 146 
148 146 147 
149 147 12 
1 3 1 93
150 12 148 
151 148 149 
152 149 150 
153 150 151 
154 151 152 
155 152 153 
156 153 154 
157 154 155 
158 155 156 
159 156 157 
160 157 158 
161 158 159 
162 159 160 
163 160 161 
164 161 162 
165 162 163 
166 163 164 
167 164 165 
168 165 166 
169 166 167 
170 167 168 
171 168 169 
172 169 170 
173 170 171 
174 171 172 
175 172 173 
176 173 174 
177 174 175 
178 175 176 
179 176 177 
180 177 178 
181 178 179 
182 179 180 
183 180 181 
184 181 182 
185 182 183 
186 183 184 
187 184 185 
188 185 186 
189 186 187 
190 187 188 
191 188 189 
192 189 190 
193 190 191 
194 191 192 
195 192 193 
196 193 194 
197 194 195 
198 195 196 
199 196 197 
200 197 198 
201 198 199 
202 199 200 
203 200 201 
204 201 202 
205 202 203 
206 203 204 
207 204 205 
208 205 206 
209 206 207 
210 207 208 
211 208 209 
212 209 210 
213 210 211 
214 211 212 
215 212 213 
216 213 214 
217 214 215 
218 215 216 
219 216 217 
220 217 218 
221 218 219 
222 219 220 
223 220 221 
224 221 222 
225 222 223 
226 223 224 
227 224 225 
228 225 226 
229 226 227 
230 227 228 
231 228 229 
232 229 230 
233 230 231 
234 231 232 
235 232 233 
236 233 234 
237 234 235 
238 235 236 
239 236 237 
240 237 238 
241 238 239 
242 239 1 
1 4 1 6
243 1 240 
244 240 241 
245 241 242 
246 242 243 
247 243 244 
248 244 2 
1 5 1 4
249 2 245 
250 245 246 
251 246 247 
252 247 17 
1 6 1 6
253 17 248 
254 248 249 
255 249 250 
256 250 251 
257 251 252 
258 252 1 
1 7 1 6
259 3 253 
260 253 254 
261 254 255 
262 255 256 
263 256 257 
264 257 6 
1 8 1 5
265 6 258 
266 258 259 
267 259 260 
268 260 261 
269 261 5 
1 9 1 5
270 5 262 
271 262 263 
272 263 264 
273 264 265 
274 265 3 
1 10 1 6
275 7 266 
276 266 267 
277 267 268 
278 268 269 
279 269 270 
280 270 10 
1 11 1 5
281 10 271 
282 271 272 
283 272 273 
284 273 274 
285 274 9 
1 12 1 5
286 9 275 
287 275 276 
288 276 277 
289 277 278 
290 278 7 
1 13 1 5
291 19 279 
292 279 280 
293 280 281 
294 281 282 
295 282 20 
1 14 1 5
296 20 283 
297 283 284 
298 284 285 
299 285 286 
300 286 21 
1 15 1 5
301 21 287 
302 287 288 
303 288 289 
304 289 290 
305 290 22 
1 16 1 5
306 22 291 
307 291 292 
308 292 293 
309 293 294 
310 294 19 
1 17 1 6
311 13 295 
312 295 296 
313 296 297 
314 297 298 
315 298 299 
316 299 14 
1 18 1 6
317 14 300 
318 300 301 
319 301 302 
320 302 303 
321 303 304 
322 304 16 
1 19 1 7
323 16 305 
324 305 306 
325 306 307 
326 307 308 
327 308 309 
328 309 310 
329 310 15 
1 20 1 13
330 15 311 
331 311 312 
332 312 313 
333 313 314 
334 314 315 
335 315 316 
336 316 317 
337 317 318 
338 318 319 
339 319 320 
340 320 321 
341 321 322 
342 322 13 
1 21 1 21
343 2 323 
344 323 324 
345 324 325 
346 325 326 
347 326 327 
348 327 328 
349 328 329 
350 329 330 
351 330 331 
352 331 332 
353 332 333 
354 333 334 
355 334 335 
356 335 336 
357 336 337 
358 337 338 
359 338 339 
360 339 340 
361 340 341 
362 341 342 
363 342 3 
1 22 1 5
364 3 343 
365 343 344 
366 344 345 
367 345 346 
368 346 5 
1 23 1 5
369 5 347 
370 347 348 
371 348 349 
372 349 350 
373 350 6 
1 24 1 14
374 6 351 
375 351 352 
376 352 353 
377 353 354 
378 354 355 
379 355 356 
380 356 357 
381 357 358 
382 358 359 
383 359 360 
384 360 361 
385 361 362 
386 362 363 
387 363 7 
1 25 1 5
388 7 364 
389 364 365 
390 365 366 
391 366 367 
392 367 9 
1 26 1 5
393 9 368 
394 368 369 
395 369 370 
396 370 371 
397 371 10 
1 27 1 27
398 10 372 
399 372 373 
400 373 374 
401 374 375 
402 375 376 
403 376 377 
404 377 378 
405 378 379 
406 379 380 
407 380 381 
408 381 382 
409 382 383 
410 383 384 
411 384 385 
412 385 386 
413 386 387 
414 387 388 
415 388 389 
416 389 390 
417 390 391 
418 391 392 
419 392 393 
420 393 394 
421 394 395 
422 395 396 
423 396 397 
424 397 11 
1 28 1 47
425 11 398 
426 398 399 
427 399 400 
428 400 401 
429 401 402 
430 402 403 
431 403 404 
432 404 405 
433 405 406 
434 406 407 
435 407 408 
436 408 409 
437 409 410 
438 410 411 
439 411 412 
440 412 413 
441 413 414 
442 414 415 
443 415 416 
444 416 417 
445 417 418 
446 418 419 
447 419 420 
448 420 421 
449 421 422 
450 422 423 
451 423 424 
452 424 425 
453 425 426 
454 426 427 
455 427 428 
456 428 429 
457 429 430 
458 430 431 
459 431 432 
460 432 433 
461 433 434 
462 434 435 
463 435 436 
464 436 437 
465 437 438 
466 438 439 
467 439 440 
468 440 441 
469 441 442 
470 442 443 
471 443 12 
1 29 1 41
472 12 444 
473 444 445 
474 445 446 
475 446 447 
476 447 448 
477 448 449 
478 449 450 
479 450 451 
480 451 452 
481 452 453 
482 453 454 
483 454 455 
484 455 456 
485 456 457 
486 457 458 
487 458 459 
488 459 460 
489 460 461 
490 461 462 
491 462 463 
492 463 464 
493 464 465 
494 465 466 
495 466 467 
496 467 468 
497 468 469 
498 469 470 
499 470 471 
500 471 472 
501 472 473 
502 473 474 
503 474 475 
504 475 476 
505 476 477 
506 477 478 
507 478 479 
508 479 480 
509 480 481 
510 481 482 
511 482 483 
512 483 13 
1 30 1 13
513 13 484 
514 484 485 
515 485 486 
516 486 487 
517 487 488 
518 488 489 
519 489 490 
520 490 491 
521 491 492 
522 492 493 
523 493 494 
524 494 495 
525 495 15 
1 31 1 7
526 15 496 
527 496 497 
528 497 498 
529 498 499 
530 499 500 
531 500 501 
532 501 16 
1 32 1 35
533 16 502 
534 502 503 
535 503 504 
536 504 505 
537 505 506 
538 506 507 
539 507 508 
540 508 509 
541 509 510 
542 510 511 
543 511 512 
544 512 513 
545 513 514 
546 514 515 
547 515 516 
548 516 517 
549 517 518 
550 518 519 
551 519 520 
552 520 521 
553 521 522 
554 522 523 
555 523 524 
556 524 525 
557 525 526 
558 526 527 
559 527 528 
560 528 529 
561 529 530 
562 530 531 
563 531 532 
564 532 533 
565 533 534 
566 534 535 
567 535 17 
1 33 1 4
568 17 536 
569 536 537 
570 537 538 
571 538 2 
2 11 2 4401
572 1787 2204 2457 
573 1795 1197 2117 
574 1669 1337 2398 
575 1898 1619 2129 
576 1485 346 2414 
577 1735 521 2560 
578 1272 1658 2400 
579 1829 1374 2112 
580 1109 1708 1709 
581 13 484 2444 
582 1697 1856 2577 
583 2204 1787 2262 
584 2446 1482 2478 
585 1697 606 1856 
586 1109 1709 1726 
587 1484 1624 2390 
588 590 2214 2459 
589 2047 1533 2111 
590 501 16 2484 
591 520 521 1735 
592 556 2110 2126 
593 1510 1583 2399 
594 1660 546 2122 
595 2060 1669 2507 
596 1511 1510 2399 
597 2289 2048 2450 
598 1705 604 2457 
599 1671 592 2591 
600 1630 2446 2478 
601 1107 1105 1726 
602 1513 349 2417 
603 1720 1472 2424 
604 1662 551 2558 
605 483 13 2444 
606 2160 1996 2490 
607 2230 583 2424 
608 583 2230 2569 
609 1763 1461 2364 
610 580 1695 1953 
611 1642 1891 2544 
612 1855 2370 2481 
613 2110 1615 2126 
614 1900 1169 2128 
615 1197 1795 2313 
616 1086 2160 2490 
617 551 1687 2558 
618 546 1660 2237 
619 1583 1669 2398 
620 1658 1272 2497 
621 1698 1697 2577 
622 2224 1576 2495 
623 1576 2224 2428 
624 1891 1642 2415 
625 1180 1761 2035 
626 1619 1898 2533 
627 2214 590 2423 
628 1826 1370 2263 
629 1653 2381 2480 
630 1376 1472 1720 
631 588 2047 2111 
632 1704 2385 2441 
633 1728 1709 2421 
634 1992 2148 2490 
635 346 566 2414 
636 2385 1704 2496 
637 2083 2288 2416 
638 583 487 1668 
639 1558 543 2369 
640 1921 619 2140 
641 1700 629 1701 
642 1620 1705 2457 
643 2101 2502 2544 
644 1987 1570 2133 
645 1648 9 2442 
646 2148 1992 2351 
647 292 1650 2445 
648 1537 21 2446 
649 1701 629 1702 
650 1755 1754 2065 
651 1169 1900 2129 
652 1691 1671 2591 
653 2370 600 2481 
654 2502 1642 2544 
655 1672 609 2154 
656 1508 2420 2421 
657 1825 1826 2263 
658 592 1671 1800 
659 606 1697 1699 
660 1942 1547 2426 
661 1547 1942 2517 
662 582 1663 2259 
663 1695 1696 1953 
664 2390 1624 2500 
665 1748 1763 2364 
666 16 502 2484 
667 635 539 636 
668 540 1558 1661 
669 565 1692 2286 
670 544 1480 1481 
671 1930 1622 2408 
672 543 1486 1489 
673 1516 2289 2450 
674 2129 1603 2283 
675 1486 558 1487 
676 2467 2320 2503 
677 1552 594 1658 
678 1643 1674 2569 
679 594 1510 1511 
680 1510 589 1583 
681 1938 1464 2268 
682 587 1728 2421 
683 2381 569 2480 
684 1661 1558 2369 
685 2204 1620 2457 
686 1622 1930 2542 
687 1483 563 1484 
688 1539 627 1706 
689 2112 1374 2513 
690 1465 2427 2518 
691 521 581 2560 
692 1751 1630 2478 
693 1751 2478 2594 
694 609 1672 2274 
695 1551 1904 1905 
696 1066 1068 2088 
697 500 632 1679 
698 1932 1462 2465 
699 559 1641 2420 
700 583 1668 2424 
701 2255 1832 2391 
702 1747 613 1748 
703 1679 632 1717 
704 1940 2427 2483 
705 1598 1484 1740 
706 1835 1463 2514 
707 1618 1933 2143 
708 349 626 2417 
709 1748 613 1762 
710 2427 1940 2518 
711 1200 1199 2431 
712 1443 1107 1726 
713 1941 1940 2483 
714 1484 563 1624 
715 1105 1109 1726 
716 2507 1669 2552 
717 1901 1900 2128 
718 1708 1109 2319 
719 1793 1054 2087 
720 1933 1618 2508 
721 564 1693 1920 
722 1754 623 2065 
723 1681 553 2612 
724 1462 1932 2508 
725 2400 1658 2574 
726 1674 1673 2569 
727 2259 1663 2575 
728 1657 2063 2224 
729 1663 15 2565 
730 2004 1424 2005 
731 1661 2369 2576 
732 1615 2049 2126 
733 628 1681 1742 
734 2420 1641 2421 
735 1879 1625 2414 
736 347 551 1662 
737 1463 1835 2465 
738 368 539 635 
739 540 289 1558 
740 367 9 1648 
741 566 1662 2352 
742 292 293 1650 
743 286 21 1537 
744 345 346 1485 
745 566 5 1662 
746 1793 2087 2088 
747 290 543 1558 
748 544 287 1480 
749 543 22 1486 
750 348 349 1513 
751 1795 2117 2454 
752 291 558 1486 
753 2435 331 2459 
754 1698 1950 2527 
755 1881 1879 2414 
756 2417 2461 2567 
757 559 279 1641 
758 366 553 1681 
759 1694 588 2111 
760 285 572 1616 
761 280 587 1641 
762 2413 523 2489 
763 1950 1698 2577 
764 282 594 1552 
765 1760 1545 1761 
766 283 589 1510 
767 594 20 1510 
768 2320 1705 2503 
769 1199 1545 1760 
770 585 1938 2268 
771 344 563 1483 
772 1710 611 1713 
773 1849 2356 2458 
774 370 627 1539 
775 1649 2294 2516 
776 1678 1607 2538 
777 628 365 1681 
778 2063 1657 2524 
779 2049 1615 2388 
780 1677 1670 2565 
781 10 372 2467 
782 1740 1484 2390 
783 2294 1649 2515 
784 1333 2060 2507 
785 1076 1999 2422 
786 1607 1678 2466 
787 1723 1703 2332 
788 1337 1669 2060 
789 6 351 2455 
790 1900 1898 2129 
791 1374 1829 2341 
792 513 514 1762 
793 1498 1496 1867 
794 1737 2083 2416 
795 1682 1511 2399 
796 2500 1624 2554 
797 1761 1545 2035 
798 606 1699 1799 
799 613 1747 2354 
800 1511 1682 2400 
801 1726 1709 1728 
802 1624 1625 2554 
803 2479 548 2487 
804 1616 572 2367 
805 1768 1743 2463 
806 1598 1740 2471 
807 560 1749 2300 
808 1453 1825 2263 
809 15 550 2565 
810 2391 1832 2463 
811 1668 1720 2424 
812 1693 1921 2140 
813 2391 1743 2462 
814 1761 1180 2478 
815 1169 2129 2283 
816 1496 1680 1867 
817 1295 1296 2103 
818 1737 1299 2083 
819 495 15 1663 
820 1553 1654 2318 
821 1924 1546 2469 
822 1570 1987 2415 
823 2148 1086 2490 
824 534 1723 2332 
825 2005 1424 2517 
826 1730 1708 2319 
827 2214 1715 2459 
828 1693 564 1921 
829 1641 587 2421 
830 1743 1742 2462 
831 1825 1453 2344 
832 1730 1101 1853 
833 1553 2318 2378 
834 1198 1901 2128 
835 1768 2463 2548 
836 9 635 2442 
837 1719 2479 2487 
838 1546 1924 2537 
839 588 1694 2206 
840 1199 1760 2431 
841 1619 1603 2129 
842 1670 1677 1766 
843 1740 1741 2471 
844 1715 2435 2459 
845 21 544 2446 
846 558 292 2445 
847 350 6 2455 
848 529 1691 2591 
849 1693 1334 1920 
850 1477 1333 2367 
851 574 2049 2388 
852 1505 1851 2476 
853 581 1958 2560 
854 1691 529 2545 
855 1747 1749 2354 
856 371 10 2467 
857 1686 1866 2464 
858 1958 581 2530 
859 2087 1066 2088 
860 1881 566 2352 
861 1655 2413 2489 
862 550 1677 2565 
863 1068 1185 2088 
864 1482 1761 2478 
865 1926 2377 2451 
866 2461 1775 2567 
867 493 1678 2538 
868 1664 493 2538 
869 539 369 2555 
870 1299 1737 2103 
871 534 535 1723 
872 1551 1905 2428 
873 369 1539 2555 
874 2140 619 2581 
875 284 1616 2552 
876 589 284 2552 
877 623 1754 1756 
878 633 1673 1674 
879 1749 1750 2300 
880 2077 565 2286 
881 1701 1703 1723 
882 574 2388 2450 
883 1851 1505 2541 
884 995 2430 2509 
885 2384 1860 2389 
886 1554 1553 2378 
887 1895 2348 2372 
888 2288 1554 2416 
889 1093 1945 2244 
890 343 1483 2566 
891 2356 1504 2458 
892 1767 1598 2471 
893 1866 1686 2592 
894 1533 2047 2593 
895 2491 1809 2528 
896 364 628 2563 
897 590 1689 2423 
898 1692 565 2590 
899 1185 2204 2262 
900 781 2384 2389 
901 1554 2378 2416 
902 1695 580 2598 
903 938 1722 1945 
904 1782 1608 2365 
905 2231 1543 2392 
906 1675 497 1676 
907 2440 1704 2441 
908 553 1739 2612 
909 1945 1722 2244 
910 514 570 1762 
911 613 513 1762 
912 2377 1319 2451 
913 469 470 1921 
914 2115 2440 2441 
915 1725 2447 2509 
916 592 1800 2231 
917 1987 2133 2499 
918 1924 1627 2506 
919 1739 1649 2516 
920 2396 960 2422 
921 1812 1731 2185 
922 2052 2491 2528 
923 1336 1800 1873 
924 1461 1763 2531 
925 1932 1933 2508 
926 1800 1543 2231 
927 557 1688 2470 
928 2367 1333 2507 
929 2504 2580 2610 
930 1483 1767 2566 
931 1722 938 1946 
932 1466 1471 1717 
933 1453 1466 2344 
934 492 493 1664 
935 2386 1591 2448 
936 1478 2472 2488 
937 288 540 2562 
938 1607 1295 2103 
939 487 488 1668 
940 2059 2453 2494 
941 1480 288 2562 
942 493 494 1678 
943 628 1768 2563 
944 486 583 1673 
945 925 1947 1948 
946 2369 543 2520 
947 1320 1731 1812 
948 1689 590 2595 
949 1739 2516 2589 
950 633 485 1673 
951 623 1756 2355 
952 1767 2471 2546 
953 1713 611 2452 
954 379 380 1797 
955 1466 1717 2540 
956 1543 1871 2392 
957 1674 1643 2599 
958 2417 626 2461 
959 1177 2148 2351 
960 1999 2001 2422 
961 1296 1299 2103 
962 1118 1120 1734 
963 786 1804 2314 
964 2038 1505 2476 
965 1684 1926 2394 
966 604 1705 2320 
967 1866 1498 1867 
968 496 497 1675 
969 1725 1724 2380 
970 490 491 2318 
971 2376 1725 2380 
972 1891 634 2544 
973 1434 2236 2265 
974 1804 786 1911 
975 1627 1924 2469 
976 421 422 1799 
977 1610 2176 2236 
978 2048 574 2450 
979 1717 1471 2468 
980 2395 1631 2401 
981 1730 1853 2362 
982 1586 1321 1798 
983 1732 1207 1733 
984 499 500 1679 
985 566 1881 2414 
986 1631 1270 2401 
987 1717 1718 2540 
988 1712 2115 2441 
989 1727 585 2268 
990 1586 1798 2043 
991 1752 1575 2284 
992 1536 2286 2371 
993 1433 1434 2265 
994 2395 1223 2425 
995 1324 1325 1946 
996 620 2471 2521 
997 575 2386 2448 
998 2472 2250 2488 
999 1688 557 2564 
1000 1505 2038 2550 
1001 1795 1796 2313 
1002 1776 1317 2403 
1003 981 1782 2365 
1004 1434 1610 2236 
1005 2432 1192 2477 
1006 1409 1812 2185 
1007 1999 1076 2549 
1008 1207 1732 1744 
1009 2197 786 2314 
1010 1694 1591 2206 
1011 1926 1684 2377 
1012 1714 598 2435 
1013 635 636 637 
1014 1807 1806 2217 
1015 2151 559 2420 
1016 636 539 995 
1017 2430 995 2555 
1018 1687 1400 2596 
1019 564 469 1921 
1020 544 1481 1482 
1021 1487 558 1488 
1022 1746 2349 2358 
1023 1101 1730 2319 
1024 470 619 1921 
1025 2215 1734 2270 
1026 1573 1033 1759 
1027 1325 1722 1946 
1028 992 1752 2284 
1029 1336 1543 1800 
1030 2348 1561 2372 
1031 773 771 2197 
1032 1803 946 1843 
1033 1583 589 1669 
1034 1947 2215 2270 
1035 489 490 2404 
1036 1679 1717 2468 
1037 2349 907 2358 
1038 1424 2004 2411 
1039 1701 1702 1703 
1040 2447 995 2509 
1041 1782 2374 2379 
1042 1800 1671 1873 
1043 1731 1320 1798 
1044 1207 1118 1734 
1045 1275 1093 2244 
1046 2374 721 2379 
1047 2005 616 2006 
1048 946 1803 1911 
1049 1797 380 1835 
1050 1352 1843 1985 
1051 616 386 2006 
1052 1451 1163 2327 
1053 1424 1547 2517 
1054 2453 1757 2494 
1055 2436 2434 2567 
1056 1947 925 2215 
1057 1321 1731 1798 
1058 1733 1207 1734 
1059 1736 1607 2103 
1060 996 1729 2334 
1061 542 379 1797 
1062 1753 2329 2336 
1063 542 1794 1801 
1064 768 766 1911 
1065 1702 629 2363 
1066 599 421 1799 
1067 422 606 1799 
1068 1794 542 1796 
1069 1920 1334 2311 
1070 1317 1776 2578 
1071 1348 1117 1744 
1072 1483 1484 1598 
1073 1443 1726 1728 
1074 627 2467 2503 
1075 1819 773 2197 
1076 1947 1946 1948 
1077 1257 1422 1962 
1078 1285 1738 1778 
1079 1422 1880 1962 
1080 2580 1676 2610 
1081 1745 1209 1781 
1082 1915 1328 2271 
1083 2329 986 2336 
1084 607 1716 2588 
1085 1738 1285 1802 
1086 1842 1586 2043 
1087 1209 1356 1781 
1088 2230 1643 2569 
1089 773 1819 2146 
1090 1349 1745 1781 
1091 1573 1759 1915 
1092 1803 1804 1911 
1093 1324 1946 1947 
1094 2035 1545 2189 
1095 585 1727 2368 
1096 1842 1044 2290 
1097 1717 632 1718 
1098 1564 2035 2189 
1099 1755 2065 2604 
1100 1464 1938 2607 
1101 2286 1692 2371 
1102 1289 1286 1778 
1103 1400 1687 2583 
1104 1329 1213 1915 
1105 1284 1287 1766 
1106 1117 1207 1744 
1107 710 1816 2211 
1108 1772 1771 1944 
1109 2206 1591 2386 
1110 386 387 2006 
1111 1860 1861 2387 
1112 1286 1285 1778 
1113 490 2318 2608 
1114 976 1758 2180 
1115 387 388 2275 
1116 670 678 2026 
1117 1970 2345 2347 
1118 1951 1953 2419 
1119 1289 1778 1783 
1120 1860 2387 2389 
1121 781 1724 2384 
1122 1775 2436 2567 
1123 1748 1762 1763 
1124 1291 1289 1783 
1125 323 324 629 
1126 1843 946 1985 
1127 927 924 1948 
1128 484 633 2444 
1129 1562 1980 2293 
1130 1287 1670 1766 
1131 1623 1864 2529 
1132 678 2025 2026 
1133 1847 871 1849 
1134 1819 1885 2146 
1135 2001 2396 2422 
1136 868 867 1850 
1137 1745 1349 1836 
1138 351 352 1777 
1139 1734 1120 2270 
1140 537 538 1700 
1141 1282 1766 2383 
1142 1326 1200 2431 
1143 1749 560 2354 
1144 1291 1783 2261 
1145 1724 781 2380 
1146 1815 1142 2075 
1147 1119 1116 1814 
1148 1904 1551 2529 
1149 1816 1758 2211 
1150 771 786 2197 
1151 873 870 2205 
1152 821 811 2094 
1153 1880 1422 1912 
1154 877 1753 2315 
1155 2171 1567 2298 
1156 1765 1815 2075 
1157 1711 1712 2441 
1158 1849 871 1850 
1159 633 1674 1716 
1160 1827 1451 2327 
1161 1471 1784 1785 
1162 786 768 1911 
1163 1071 1277 1784 
1164 603 353 1771 
1165 1770 1164 1887 
1166 1116 1114 1814 
1167 1758 1744 2180 
1168 1469 1257 1962 
1169 1348 1744 1758 
1170 603 1771 1772 
1171 1482 1760 1761 
1172 2006 387 2275 
1173 2272 337 2309 
1174 1132 2176 2357 
1175 1776 1772 1944 
1176 681 1779 1888 
1177 582 495 1663 
1178 669 681 1888 
1179 1114 732 1813 
1180 878 1765 2075 
1181 766 946 1911 
1182 1850 867 1851 
1183 358 552 1811 
1184 1100 1101 2319 
1185 1352 1738 1843 
1186 2345 1365 2347 
1187 1070 1071 1784 
1188 731 1980 1981 
1189 984 1769 2285 
1190 1275 2407 2576 
1191 1114 1813 1814 
1192 1575 1759 2284 
1193 1770 1887 1960 
1194 1586 1842 2290 
1195 1282 1284 1766 
1196 1884 821 2094 
1197 871 868 1850 
1198 1894 937 1912 
1199 1582 2076 2084 
1200 1707 552 2579 
1201 552 359 1834 
1202 1765 878 2076 
1203 1759 1329 1915 
1204 731 1981 2108 
1205 1613 2077 2286 
1206 1784 1277 1785 
1207 1859 1647 1975 
1208 1858 1857 1870 
1209 1789 377 1801 
1210 1786 576 1787 
1211 1783 2198 2261 
1212 849 1907 2245 
1213 1796 542 1797 
1214 376 377 1789 
1215 1213 1328 1915 
1216 1328 1781 2271 
1217 375 576 1786 
1218 1753 1431 2315 
1219 675 671 2239 
1220 668 670 2026 
1221 1255 1554 2343 
1222 1422 1894 1912 
1223 721 1861 2379 
1224 1836 1123 1837 
1225 1285 1283 1802 
1226 1283 1327 1802 
1227 1864 1623 2525 
1228 389 390 2016 
1229 2002 547 2188 
1230 1631 2395 2425 
1231 938 927 1948 
1232 1854 1351 1869 
1233 1794 1790 1801 
1234 1607 1736 2538 
1235 821 1884 2040 
1236 1907 1906 2245 
1237 1079 1890 2021 
1238 678 2024 2025 
1239 1440 2323 2330 
1240 1946 938 1948 
1241 1771 561 1944 
1242 1790 1789 1801 
1243 357 358 1811 
1244 1779 681 1889 
1245 2494 1757 2551 
1246 2068 622 2534 
1247 1805 605 1806 
1248 883 875 1957 
1249 378 542 1801 
1250 924 925 1948 
1251 1813 732 2161 
1252 671 669 1888 
1253 811 809 2094 
1254 2198 1350 2261 
1255 2076 878 2084 
1256 1797 1835 2514 
1257 547 2016 2188 
1258 1572 2168 2180 
1259 1968 2024 2238 
1260 1123 825 2225 
1261 1371 2013 2022 
1262 1769 1427 2285 
1263 1824 555 1826 
1264 754 1350 1875 
1265 1745 1836 1837 
1266 356 605 1805 
1267 1758 976 2211 
1268 1890 1889 2021 
1269 1762 570 1763 
1270 2303 877 2315 
1271 732 729 2161 
1272 629 324 2363 
1273 1371 2022 2072 
1274 1957 873 2205 
1275 1608 1812 2365 
1276 1752 992 2276 
1277 603 1772 1773 
1278 1814 1564 2189 
1279 1890 1079 2022 
1280 637 636 638 
1281 1652 1651 2532 
1282 1953 1696 2419 
1283 1721 1252 2473 
1284 1887 818 1960 
1285 547 389 2016 
1286 361 595 1831 
1287 1980 731 2293 
1288 684 706 2058 
1289 611 1710 2526 
1290 1817 1020 1885 
1291 506 555 1824 
1292 710 711 2282 
1293 1805 1806 1807 
1294 986 1746 2336 
1295 1571 2134 2227 
1296 1861 1858 1870 
1297 1831 595 1832 
1298 352 353 603 
1299 696 1820 2007 
1300 897 2171 2298 
1301 1466 1193 1471 
1302 1889 681 2021 
1303 354 561 1771 
1304 1759 1033 2284 
1305 1837 1123 2225 
1306 1396 2230 2292 
1307 2013 1371 2014 
1308 1676 497 2610 
1309 604 374 1786 
1310 1183 1075 1830 
1311 373 374 604 
1312 1597 1269 1961 
1313 1819 1817 1885 
1314 1101 1852 1853 
1315 1482 1481 1760 
1316 628 1742 1743 
1317 1487 1488 1490 
1318 340 620 1828 
1319 870 871 2205 
1320 1785 1277 1841 
1321 1153 1565 1821 
1322 1903 1569 1904 
1323 875 873 1957 
1324 1712 1855 2481 
1325 352 603 1777 
1326 1173 1859 1975 
1327 359 360 1834 
1328 1951 1952 1953 
1329 1857 1862 1870 
1330 1709 1508 2421 
1331 1958 1597 1961 
1332 1904 1569 1905 
1333 671 1888 2239 
1334 1573 1915 2271 
1335 1836 1349 2093 
1336 1193 1070 1784 
1337 1095 1338 1976 
1338 377 378 1801 
1339 1875 1350 2198 
1340 1820 696 2260 
1341 772 775 1882 
1342 1356 944 1839 
1343 1816 710 2282 
1344 1138 1966 1968 
1345 1064 1228 1862 
1346 1732 1572 2180 
1347 1287 1479 1670 
1348 1868 1600 1869 
1349 1059 1808 2253 
1350 1137 2177 2254 
1351 1345 1600 1868 
1352 2024 1578 2025 
1353 1830 1337 2060 
1354 2269 984 2285 
1355 1967 1578 2024 
1356 494 495 582 
1357 775 1822 1882 
1358 1228 1609 1862 
1359 1773 1774 1775 
1360 1617 1451 2346 
1361 882 2042 2223 
1362 1338 1878 1976 
1363 561 1805 1807 
1364 1330 1576 1905 
1365 871 1847 2205 
1366 1773 1772 1774 
1367 2344 1466 2540 
1368 1802 1327 1803 
1369 1462 1463 2465 
1370 1569 1903 2044 
1371 2022 1079 2072 
1372 1147 1153 1821 
1373 390 2015 2016 
1374 769 772 1882 
1375 832 829 1840 
1376 1809 1808 2266 
1377 1070 1022 1071 
1378 2031 2030 2090 
1379 1101 1098 1852 
1380 503 504 601 
1381 1075 1136 1830 
1382 1574 1909 2099 
1383 2323 1978 2330 
1384 1902 548 2028 
1385 561 355 1805 
1386 1854 1869 2109 
1387 1840 1836 2093 
1388 1268 1512 1872 
1389 933 2031 2090 
1390 1895 607 2348 
1391 2176 1168 2236 
1392 1275 2244 2407 
1393 1966 1138 2023 
1394 1667 2272 2309 
1395 802 937 2246 
1396 1956 883 1957 
1397 680 683 2014 
1398 1277 1211 1278 
1399 1822 775 1893 
1400 2471 1741 2521 
1401 1582 1821 2076 
1402 1119 1814 2189 
1403 354 355 561 
1404 578 1991 2015 
1405 361 362 595 
1406 576 376 1789 
1407 829 827 1840 
1408 1733 1734 2215 
1409 2024 678 2238 
1410 497 498 2610 
1411 2176 1610 2357 
1412 1071 1210 1211 
1413 1278 1280 1310 
1414 1851 867 2081 
1415 1071 1211 1277 
1416 1457 1459 1855 
1417 1098 1097 1852 
1418 1210 1818 1863 
1419 353 354 1771 
1420 1877 1880 1912 
1421 381 615 1835 
1422 1353 1892 2030 
1423 1569 1330 1905 
1424 601 504 1823 
1425 1972 2432 2477 
1426 1925 599 1926 
1427 1844 1061 1956 
1428 1471 1193 1784 
1429 340 341 620 
1430 676 684 2058 
1431 755 754 1875 
1432 1951 1949 1952 
1433 1991 1994 2015 
1434 1808 1531 2253 
1435 696 2239 2260 
1436 2030 1892 2090 
1437 1189 1336 1873 
1438 1821 1565 2076 
1439 578 1989 1990 
1440 596 418 1927 
1441 1578 1967 2086 
1442 1903 838 2044 
1443 1849 1850 2356 
1444 1823 1824 1825 
1445 1744 1732 2180 
1446 1884 1340 2040 
1447 1846 1844 1956 
1448 1380 1562 2025 
1449 598 1714 2602 
1450 424 591 1856 
1451 388 547 2275 
1452 759 758 760 
1453 902 822 2040 
1454 1268 1872 1913 
1455 1356 1839 2095 
1456 2134 770 2227 
1457 2241 1059 2253 
1458 1908 1231 1909 
1459 1936 596 1937 
1460 578 392 1989 
1461 996 844 1864 
1462 1738 1802 1843 
1463 578 1990 1991 
1464 1951 2419 2474 
1465 1766 1677 2383 
1466 683 1883 2014 
1467 1949 426 1952 
1468 757 755 758 
1469 706 1138 2058 
1470 1232 1231 1908 
1471 605 357 1811 
1472 1862 1609 1870 
1473 852 1013 1865 
1474 375 376 576 
1475 573 1828 1829 
1476 1806 605 1810 
1477 1909 1231 2099 
1478 937 1894 2246 
1479 2168 976 2180 
1480 1021 1022 1070 
1481 1266 1267 1645 
1482 1095 1273 1338 
1483 420 599 1925 
1484 1617 2346 2350 
1485 1269 1080 2220 
1486 380 381 1835 
1487 1578 1380 2025 
1488 585 415 1938 
1489 1351 1868 1869 
1490 1885 978 2146 
1491 1021 1020 1022 
1492 1769 2303 2315 
1493 1153 1237 1238 
1494 1839 944 2007 
1495 1071 1022 1210 
1496 1820 1839 2007 
1497 1332 1770 1960 
1498 1371 680 2014 
1499 1854 1291 2261 
1500 360 361 1831 
1501 2042 2041 2223 
1502 1711 1476 1712 
1503 2019 1733 2215 
1504 1074 1332 1960 
1505 417 596 1936 
1506 1278 1279 1280 
1507 1201 1107 1443 
1508 396 634 1891 
1509 356 357 605 
1510 1332 1183 1333 
1511 822 821 2040 
1512 1069 1173 1975 
1513 614 1928 1929 
1514 937 804 1876 
1515 1892 1353 2036 
1516 1645 1267 1646 
1517 1267 1159 1975 
1518 1241 1243 1337 
1519 1238 1237 1411 
1520 1105 1103 1109 
1521 757 758 759 
1522 617 1897 1898 
1523 1646 1724 1725 
1524 1138 1968 2058 
1525 1753 877 2329 
1526 1195 1189 1873 
1527 1967 1965 2086 
1528 1065 1064 1862 
1529 1266 1159 1267 
1530 610 1918 1919 
1531 615 1931 1932 
1532 327 611 1886 
1533 1876 1877 1912 
1534 753 754 755 
1535 937 1876 1912 
1536 724 1113 1934 
1537 577 480 1895 
1538 1802 1803 1843 
1539 1787 576 1788 
1540 632 501 2484 
1541 505 506 1824 
1542 1962 1881 2352 
1543 1074 1183 1332 
1544 1332 1333 1477 
1545 759 760 761 
1546 901 858 1910 
1547 1763 570 1764 
1548 810 1095 1976 
1549 683 687 1883 
1550 494 582 1678 
1551 1581 2107 2168 
1552 374 375 1786 
1553 1147 1152 1153 
1554 685 677 2007 
1555 1823 505 1824 
1556 1345 1868 2100 
1557 591 1949 1950 
1558 955 953 2105 
1559 1128 1224 2070 
1560 2059 1580 2131 
1561 1572 1581 2168 
1562 753 752 754 
1563 1831 1832 1833 
1564 573 339 1828 
1565 617 410 1897 
1566 1367 1779 1889 
1567 1647 1267 1975 
1568 718 724 1934 
1569 1025 1024 1896 
1570 763 761 764 
1571 1822 1893 1984 
1572 1893 941 1984 
1573 1769 984 2303 
1574 1250 1159 1266 
1575 1090 1097 1098 
1576 554 1939 1941 
1577 1183 1830 2060 
1578 1366 1367 1889 
1579 1069 1067 1173 
1580 612 1923 1924 
1581 1136 1241 1830 
1582 1158 1069 1159 
1583 816 818 1887 
1584 1939 1940 1941 
1585 1074 1075 1183 
1586 2212 1416 2249 
1587 1961 1269 2220 
1588 815 816 1010 
1589 1857 1065 1862 
1590 609 463 1914 
1591 466 610 1916 
1592 936 752 2100 
1593 1565 1238 1566 
1594 1971 577 1972 
1595 1143 1582 2098 
1596 1907 2269 2285 
1597 608 459 1917 
1598 1890 2022 2104 
1599 1746 986 2349 
1600 1153 1238 1565 
1601 1348 1758 1816 
1602 610 467 1918 
1603 1228 1320 1608 
1604 1265 1232 1908 
1605 677 696 2007 
1606 2177 1447 2254 
1607 2 323 2512 
1608 1064 1208 1228 
1609 458 608 1922 
1610 1991 1990 1992 
1611 1355 1965 1966 
1612 776 779 1893 
1613 1453 1193 1466 
1614 1859 1858 1860 
1615 1355 1966 2023 
1616 1047 1044 1842 
1617 2022 2013 2104 
1618 1051 1050 1052 
1619 1161 1070 1193 
1620 479 577 1971 
1621 1852 1848 1853 
1622 548 408 2028 
1623 1359 1342 1567 
1624 1100 1098 1101 
1625 2037 901 2038 
1626 355 356 1805 
1627 339 340 1828 
1628 1791 1792 1793 
1629 1277 1278 1841 
1630 612 517 1923 
1631 1952 580 1953 
1632 1053 1052 1064 
1633 1137 959 1954 
1634 754 936 1350 
1635 1019 980 1020 
1636 419 1925 1927 
1637 760 1352 1985 
1638 614 509 1928 
1639 508 614 1930 
1640 1173 1858 1859 
1641 546 477 1973 
1642 1986 597 1987 
1643 1089 1063 1090 
1644 615 382 1931 
1645 724 729 732 
1646 1077 1865 1866 
1647 619 471 1935 
1648 1241 1242 1243 
1649 1803 1327 1804 
1650 606 423 1856 
1651 783 797 815 
1652 1020 980 1885 
1653 1090 1063 1097 
1654 1845 1847 1848 
1655 779 941 1893 
1656 1110 1010 1111 
1657 702 976 2168 
1658 1609 1608 1782 
1659 2077 1613 2397 
1660 2049 455 2126 
1661 729 733 2161 
1662 1788 1790 1791 
1663 1444 1188 1913 
1664 953 1395 2105 
1665 554 473 1939 
1666 754 752 936 
1667 1243 1244 1245 
1668 1050 1842 2043 
1669 764 761 1985 
1670 1067 1065 1857 
1671 385 616 1942 
1672 1173 1857 1858 
1673 966 965 1959 
1674 1608 1320 1812 
1675 1050 1047 1842 
1676 1145 1147 1821 
1677 1093 931 1945 
1678 1341 1340 1342 
1679 1278 1211 1279 
1680 1228 1208 1320 
1681 1880 1879 1881 
1682 718 723 724 
1683 617 1899 2028 
1684 1848 1847 1849 
1685 392 393 1989 
1686 1049 1047 1050 
1687 1459 1671 1691 
1688 1798 1208 2043 
1689 1122 1121 1199 
1690 827 1123 1840 
1691 1102 1100 1103 
1692 360 1831 1834 
1693 1538 1733 2019 
1694 1353 945 2036 
1695 1476 1457 1855 
1696 2025 1562 2026 
1697 1022 1020 1817 
1698 1665 1664 1736 
1699 818 910 1960 
1700 1278 1310 1841 
1701 416 1936 1938 
1702 630 2059 2131 
1703 1918 564 1920 
1704 1104 1103 1105 
1705 1099 1098 1100 
1706 791 880 1974 
1707 1931 545 1933 
1708 1111 1010 1164 
1709 420 421 599 
1710 980 978 1885 
1711 2532 1651 2581 
1712 2301 1599 2305 
1713 1208 1052 2043 
1714 1355 1964 1965 
1715 1168 1270 1271 
1716 1120 1119 1121 
1717 775 776 1893 
1718 2012 2013 2014 
1719 1068 1067 1069 
1720 591 425 1949 
1721 724 723 729 
1722 1153 1152 1237 
1723 2068 2534 2590 
1724 1143 1145 1582 
1725 1112 1111 1180 
1726 1932 1931 1933 
1727 1696 1323 1943 
1728 1120 1121 1122 
1729 1134 1167 1168 
1730 1122 1199 1200 
1731 696 675 2239 
1732 561 1807 1944 
1733 358 359 552 
1734 1426 1906 1907 
1735 1064 1052 1208 
1736 1448 1982 1983 
1737 847 844 996 
1738 1868 936 2100 
1739 946 764 1985 
1740 1906 1265 1908 
1741 886 1034 1964 
1742 1899 1902 2028 
1743 1053 1064 1065 
1744 417 418 596 
1745 844 842 1864 
1746 1565 1765 2076 
1747 1151 1149 1223 
1748 1097 1845 1852 
1749 1051 1052 1053 
1750 1877 1879 1880 
1751 419 420 1925 
1752 765 764 766 
1753 422 423 606 
1754 2011 890 2067 
1755 856 854 1077 
1756 637 638 639 
1757 1712 1476 1855 
1758 815 1010 1110 
1759 396 397 634 
1760 1118 1119 1120 
1761 1062 1061 1063 
1762 1555 1326 1690 
1763 1825 1824 1826 
1764 2026 1562 2293 
1765 854 852 1865 
1766 1710 1476 1711 
1767 910 1073 1074 
1768 734 791 1974 
1769 1077 854 1865 
1770 1950 1949 1951 
1771 1872 1444 1913 
1772 1159 1069 1975 
1773 1665 1736 1737 
1774 1343 1342 1359 
1775 852 850 1013 
1776 625 326 1886 
1777 394 597 1986 
1778 1245 1246 1682 
1779 815 797 816 
1780 1919 1918 1920 
1781 424 425 591 
1782 1325 1200 1326 
1783 1457 1456 1459 
1784 1136 1240 1241 
1785 1106 1105 1107 
1786 1271 1631 1632 
1787 2218 1408 2233 
1788 373 604 2320 
1789 1112 1180 2035 
1790 2042 2241 2253 
1791 1108 1107 1201 
1792 1429 1427 1769 
1793 1459 1456 1671 
1794 761 760 1985 
1795 427 580 1952 
1796 1335 1312 1426 
1797 1999 1997 2001 
1798 1436 1431 1753 
1799 804 806 1876 
1800 1084 1229 1983 
1801 1118 1116 1119 
1802 833 832 834 
1803 687 690 1883 
1804 1188 1083 1913 
1805 1995 1993 1996 
1806 842 840 846 
1807 549 1664 1665 
1808 1781 1356 2271 
1809 1250 1266 1509 
1810 1113 732 1114 
1811 835 834 836 
1812 917 1218 2012 
1813 1876 1028 1877 
1814 802 804 937 
1815 416 417 1936 
1816 1939 618 1940 
1817 832 1840 2093 
1818 944 685 2007 
1819 1312 1265 1906 
1820 481 607 1895 
1821 760 758 914 
1822 1765 1566 1815 
1823 1049 1050 1051 
1824 1081 1268 1913 
1825 391 578 2015 
1826 806 1028 1876 
1827 1333 1183 2060 
1828 833 834 835 
1829 597 395 1891 
1830 1229 1448 1983 
1831 1176 1003 1340 
1832 1845 1848 1852 
1833 779 787 941 
1834 860 901 2037 
1835 411 562 1897 
1836 414 415 585 
1837 1991 1992 1993 
1838 1846 1956 1957 
1839 763 764 765 
1840 1344 1369 1571 
1841 813 886 1964 
1842 690 699 915 
1843 941 947 948 
1844 1128 1130 1224 
1845 1024 1178 1896 
1846 1449 1438 1746 
1847 1964 1034 1965 
1848 325 326 625 
1849 831 829 832 
1850 1077 1867 1910 
1851 952 954 2008 
1852 1202 1201 1272 
1853 714 718 1934 
1854 1228 1608 1609 
1855 1083 1081 1913 
1856 915 699 916 
1857 1210 1817 1818 
1858 959 963 1954 
1859 963 966 1954 
1860 2015 1994 2016 
1861 1115 1114 1116 
1862 1954 966 1955 
1863 827 825 1123 
1864 1241 1337 1830 
1865 1336 1188 1444 
1866 842 846 1864 
1867 646 648 1978 
1868 719 726 2023 
1869 1899 1898 1900 
1870 1123 1836 1840 
1871 1157 1093 1275 
1872 2012 1218 2013 
1873 444 445 2057 
1874 831 832 833 
1875 1117 1116 1118 
1876 443 444 2057 
1877 815 1110 2080 
1878 1336 1444 1543 
1879 1421 1226 2032 
1880 1426 1312 1906 
1881 1995 1996 1997 
1882 427 428 580 
1883 1138 719 2023 
1884 1565 1566 1765 
1885 1335 1426 1427 
1886 1986 1987 1988 
1887 1907 849 2269 
1888 617 1898 1899 
1889 1576 1575 1752 
1890 464 571 1914 
1891 479 480 577 
1892 1822 1571 1882 
1893 917 916 918 
1894 965 968 1959 
1895 840 838 1903 
1896 571 465 1916 
1897 760 914 1352 
1898 915 917 2012 
1899 460 568 1917 
1900 910 1074 1960 
1901 1176 1340 1341 
1902 915 916 917 
1903 2099 977 2135 
1904 970 961 1160 
1905 1330 1575 1576 
1906 411 412 562 
1907 968 1025 1959 
1908 468 564 1918 
1909 846 1903 1904 
1910 2009 2011 2067 
1911 1646 1647 1724 
1912 2230 1472 2292 
1913 1445 913 2097 
1914 556 457 1922 
1915 1325 1326 1555 
1916 1880 1881 1962 
1917 1582 2084 2098 
1918 1019 1020 1021 
1919 1189 1188 1336 
1920 1877 1878 1879 
1921 1487 1490 1548 
1922 1262 1163 1451 
1923 1966 1965 1967 
1924 478 1971 1973 
1925 988 931 1093 
1926 518 569 1923 
1927 756 755 757 
1928 327 328 611 
1929 1582 1145 1821 
1930 1077 1866 1867 
1931 555 507 1930 
1932 510 560 1928 
1933 1360 1359 1460 
1934 954 957 2008 
1935 549 492 1664 
1936 1063 1061 1844 
1937 481 482 607 
1938 2042 882 2241 
1939 693 2107 2192 
1940 2062 1577 2086 
1941 1173 1067 1857 
1942 1974 1579 2149 
1943 383 545 1931 
1944 806 808 1028 
1945 1110 1111 1112 
1946 767 766 768 
1947 860 858 901 
1948 714 717 718 
1949 1044 1042 2290 
1950 472 554 1935 
1951 1304 2301 2305 
1952 418 419 1927 
1953 1029 1373 2166 
1954 926 924 927 
1955 1352 1557 1738 
1956 1675 1676 2501 
1957 724 732 1113 
1958 545 384 1942 
1959 1280 1279 1281 
1960 1455 1195 1456 
1961 474 618 1939 
1962 1860 1858 1861 
1963 1543 1444 1871 
1964 1110 1563 2080 
1965 1456 1195 1873 
1966 1061 994 1956 
1967 1225 1421 1579 
1968 1342 1340 1884 
1969 1330 1329 1575 
1970 409 410 617 
1971 1577 1578 2086 
1972 931 929 1945 
1973 1366 1889 1890 
1974 895 896 2071 
1975 504 505 1823 
1976 838 835 2044 
1977 423 424 1856 
1978 992 989 2074 
1979 920 921 922 
1980 1695 1323 1696 
1981 1954 1955 2177 
1982 464 465 571 
1983 462 463 609 
1984 460 461 568 
1985 1042 1040 2273 
1986 1178 1535 1536 
1987 923 922 924 
1988 836 1078 1213 
1989 466 467 610 
1990 1095 1096 1273 
1991 656 658 2018 
1992 1735 1653 2480 
1993 941 948 1984 
1994 458 459 608 
1995 478 479 1971 
1996 729 730 733 
1997 1324 1200 1325 
1998 468 469 564 
1999 920 923 2036 
2000 1214 1569 2044 
2001 1062 1063 1089 
2002 923 1892 2036 
2003 690 691 699 
2004 329 330 598 
2005 765 766 767 
2006 1157 1275 1331 
2007 928 927 929 
2008 1214 1213 1329 
2009 395 396 1891 
2010 856 1077 1910 
2011 456 457 556 
2012 702 703 976 
2013 718 722 723 
2014 836 1214 2044 
2015 733 783 2080 
2016 1097 1844 1845 
2017 1507 1506 1508 
2018 1214 1329 1330 
2019 1187 1083 1188 
2020 518 519 569 
2021 1808 1059 2266 
2022 516 517 612 
2023 920 922 923 
2024 836 1213 1214 
2025 514 515 570 
2026 512 513 613 
2027 957 1137 2008 
2028 510 511 560 
2029 506 507 555 
2030 508 509 614 
2031 470 471 619 
2032 1845 1846 1847 
2033 415 416 1938 
2034 1216 1084 1983 
2035 988 1093 1157 
2036 957 959 1137 
2037 1284 1286 1287 
2038 383 384 545 
2039 762 761 763 
2040 381 382 615 
2041 846 840 1903 
2042 690 915 1883 
2043 378 379 542 
2044 1791 1790 1792 
2045 1163 1056 2327 
2046 1708 1508 1709 
2047 444 443 12 
2048 917 918 945 
2049 407 408 548 
2050 963 965 966 
2051 918 919 920 
2052 1577 2062 2079 
2053 476 477 546 
2054 474 475 618 
2055 472 473 554 
2056 1090 1098 1099 
2057 1341 1342 1343 
2058 1980 1379 1981 
2059 751 749 752 
2060 1090 1099 1943 
2061 1156 646 1978 
2062 941 787 947 
2063 1536 1535 1613 
2064 711 713 714 
2065 698 701 702 
2066 940 1031 2009 
2067 394 395 597 
2068 766 764 946 
2069 2107 1581 2192 
2070 705 708 710 
2071 2062 2033 2079 
2072 385 386 616 
2073 880 1225 1974 
2074 1774 1772 1776 
2075 393 394 1986 
2076 1503 1501 1506 
2077 658 662 2018 
2078 332 333 590 
2079 945 918 2036 
2080 425 426 1949 
2081 994 883 1956 
2082 1219 1353 1354 
2083 480 481 1895 
2084 1512 1597 1655 
2085 1226 1382 2032 
2086 1089 1090 1943 
2087 654 656 1977 
2088 968 1024 1025 
2089 1362 1440 2017 
2090 751 752 753 
2091 1160 2105 2106 
2092 867 864 2081 
2093 1219 945 1353 
2094 426 427 1952 
2095 1883 915 2012 
2096 1268 1080 1269 
2097 390 391 2015 
2098 1966 1967 1968 
2099 1258 1638 2121 
2100 2223 2045 2240 
2101 1117 1118 1207 
2102 990 1032 2020 
2103 326 327 1886 
2104 929 927 938 
2105 1378 1379 1980 
2106 2080 1563 2161 
2107 836 834 1078 
2108 1113 1114 1115 
2109 1574 2099 2135 
2110 828 827 829 
2111 391 392 578 
2112 1074 1073 1075 
2113 1032 1221 2020 
2114 1567 1342 1884 
2115 929 938 1945 
2116 687 689 690 
2117 338 339 573 
2118 1115 1116 1117 
2119 1134 1168 2176 
2120 1268 1269 1512 
2121 923 924 926 
2122 785 794 1355 
2123 892 943 2033 
2124 347 348 551 
2125 837 835 838 
2126 1460 1359 2171 
2127 410 411 1897 
2128 335 336 584 
2129 388 389 547 
2130 1965 1034 2086 
2131 1003 902 2040 
2132 830 829 831 
2133 825 823 2225 
2134 652 653 654 
2135 948 947 998 
2136 1199 1121 1545 
2137 1081 1080 1268 
2138 1178 1536 1896 
2139 839 838 840 
2140 886 887 888 
2141 1720 541 1721 
2142 1225 1226 1421 
2143 1538 1732 1733 
2144 1455 1456 1457 
2145 463 464 1914 
2146 1060 994 1061 
2147 1036 1344 1984 
2148 826 825 827 
2149 726 785 2023 
2150 1440 1364 1446 
2151 465 466 1916 
2152 1653 1386 2039 
2153 841 840 842 
2154 813 885 886 
2155 1008 1592 2085 
2156 733 782 783 
2157 654 655 656 
2158 467 468 1918 
2159 459 460 1917 
2160 1512 1269 1597 
2161 1218 945 1219 
2162 843 842 844 
2163 457 458 1922 
2164 1750 1474 2179 
2165 1998 1997 1999 
2166 1031 1253 2009 
2167 845 844 847 
2168 669 667 681 
2169 1178 1184 1535 
2170 848 847 850 
2171 896 2053 2071 
2172 2009 1357 2011 
2173 758 755 1875 
2174 926 927 928 
2175 866 864 867 
2176 1225 1579 1974 
2177 517 518 1923 
2178 656 657 658 
2179 1253 1255 1357 
2180 886 888 1034 
2181 650 651 652 
2182 509 510 1928 
2183 507 508 1930 
2184 1029 1236 1373 
2185 1899 1900 1901 
2186 1344 1124 1369 
2187 665 1079 2021 
2188 650 652 1963 
2189 471 472 1935 
2190 880 1001 1225 
2191 794 813 1964 
2192 1883 2012 2014 
2193 2050 2051 2052 
2194 382 383 1931 
2195 1355 794 1964 
2196 1530 2041 2042 
2197 1977 656 2018 
2198 918 920 2036 
2199 1382 1384 1396 
2200 477 478 1973 
2201 1564 1112 2035 
2202 658 659 660 
2203 1253 1357 2009 
2204 1344 1822 1984 
2205 1519 1518 2041 
2206 1994 1993 1995 
2207 1382 1396 2032 
2208 473 474 1939 
2209 889 892 2033 
2210 1036 1124 1344 
2211 1562 1378 1980 
2212 948 1036 1984 
2213 1362 1363 1364 
2214 1696 1943 2169 
2215 384 385 1942 
2216 1367 1354 1368 
2217 1142 738 2075 
2218 1345 1599 1600 
2219 1882 1571 2227 
2220 886 885 887 
2221 1168 1167 1270 
2222 1968 1967 2024 
2223 441 1580 2034 
2224 1035 1084 1216 
2225 1521 1524 2064 
2226 1378 1216 1379 
2227 1035 985 1084 
2228 652 654 935 
2229 1017 1015 1080 
2230 783 795 797 
2231 1262 1451 1617 
2232 648 650 673 
2233 737 672 2029 
2234 1230 1362 2017 
2235 648 649 650 
2236 1034 888 2062 
2237 491 492 549 
2238 1213 1078 1328 
2239 943 895 985 
2240 888 887 889 
2241 943 985 1035 
2242 698 702 2107 
2243 1354 1353 2030 
2244 1066 1065 1067 
2245 961 955 2105 
2246 1343 1359 1360 
2247 785 1355 2023 
2248 889 891 892 
2249 1366 1354 1367 
2250 1368 2030 2031 
2251 1362 1364 1440 
2252 1344 1571 1822 
2253 433 575 2051 
2254 771 768 786 
2255 835 836 2044 
2256 2105 1395 2106 
2257 409 617 2028 
2258 870 868 871 
2259 1211 1210 1863 
2260 677 675 696 
2261 1209 944 1356 
2262 1255 1553 1554 
2263 892 893 895 
2264 974 796 2092 
2265 1575 1329 1759 
2266 1428 1427 1429 
2267 1332 1477 1770 
2268 858 856 1910 
2269 1311 1265 1312 
2270 888 889 2033 
2271 1122 1200 1324 
2272 1671 1456 1873 
2273 1380 1378 1562 
2274 573 1829 2112 
2275 1350 936 1351 
2276 1334 1312 1335 
2277 748 1345 2100 
2278 393 1986 1989 
2279 1221 1408 2020 
2280 1989 1988 1990 
2281 1099 1100 1102 
2282 1158 1159 1250 
2283 1522 1519 2041 
2284 1084 1085 1229 
2285 895 893 896 
2286 1388 911 2027 
2287 1628 1386 1653 
2288 652 935 1963 
2289 488 489 541 
2290 1229 1441 1448 
2291 1229 1230 1441 
2292 2003 2000 2004 
2293 892 891 893 
2294 1490 1488 1491 
2295 1241 1240 1242 
2296 574 454 2049 
2297 1668 541 1720 
2298 1068 1069 1158 
2299 851 850 852 
2300 1441 1230 2017 
2301 1221 1347 1408 
2302 788 798 2010 
2303 1515 1418 2045 
2304 892 895 943 
2305 748 939 1345 
2306 667 665 2021 
2307 453 574 2048 
2308 439 621 2046 
2309 1530 1522 2041 
2310 810 819 1095 
2311 930 929 931 
2312 1364 1363 1365 
2313 1518 1515 2045 
2314 804 805 806 
2315 824 823 825 
2316 1217 1216 1378 
2317 1052 1050 2043 
2318 673 650 1963 
2319 1372 975 2125 
2320 1060 1061 1062 
2321 1027 975 1372 
2322 1563 1813 2161 
2323 681 667 2021 
2324 1397 1141 2061 
2325 588 437 2047 
2326 1102 1103 1104 
2327 887 885 2067 
2328 1307 1425 1442 
2329 1324 1947 2270 
2330 1525 1522 1530 
2331 1368 1354 2030 
2332 917 945 1218 
2333 1520 1521 2064 
2334 1243 1242 1244 
2335 1430 1429 1431 
2336 660 659 661 
2337 924 922 925 
2338 1219 1354 1366 
2339 1230 1361 1362 
2340 1141 1139 2061 
2341 1271 1270 1631 
2342 1871 1444 1872 
2343 1229 1085 1230 
2344 2209 849 2245 
2345 1078 834 2093 
2346 454 455 2049 
2347 1298 1297 2078 
2348 1092 983 1231 
2349 695 685 944 
2350 918 916 919 
2351 726 784 785 
2352 1307 1305 1425 
2353 557 431 2050 
2354 621 440 2034 
2355 1981 1379 1982 
2356 1906 1908 2245 
2357 1969 934 1970 
2358 1580 442 2057 
2359 948 999 1036 
2360 1306 1305 1307 
2361 890 887 2067 
2362 441 442 1580 
2363 1214 1330 1569 
2364 1187 1188 1189 
2365 932 931 988 
2366 1264 1232 1265 
2367 1154 1204 1588 
2368 1084 985 1085 
2369 658 657 659 
2370 853 852 854 
2371 785 793 794 
2372 2050 432 2051 
2373 1010 816 1887 
2374 855 854 856 
2375 405 406 622 
2376 739 934 1969 
2377 1877 1028 1878 
2378 1534 1531 1808 
2379 1258 1637 1638 
2380 1396 1384 1643 
2381 802 803 804 
2382 1345 939 1599 
2383 767 768 769 
2384 1749 1474 1750 
2385 706 719 1138 
2386 940 2009 2067 
2387 1432 1431 1436 
2388 920 919 921 
2389 794 812 813 
2390 1340 1003 2040 
2391 438 2046 2047 
2392 1358 1331 1656 
2393 452 453 2048 
2394 439 440 621 
2395 813 884 885 
2396 1398 1397 1399 
2397 1225 1001 1226 
2398 453 454 574 
2399 438 439 2046 
2400 862 2037 2081 
2401 1367 1368 1412 
2402 1982 1448 2312 
2403 1182 1316 1611 
2404 2034 1580 2059 
2405 431 432 2050 
2406 1366 1890 2104 
2407 1221 1346 1347 
2408 1362 1361 1363 
2409 889 890 891 
2410 741 739 1969 
2411 430 431 557 
2412 656 655 657 
2413 440 441 2034 
2414 1146 1144 2184 
2415 1320 1208 1798 
2416 1524 1528 2064 
2417 999 998 1170 
2418 710 708 711 
2419 432 433 2051 
2420 714 713 717 
2421 1217 1378 1380 
2422 1035 1216 1217 
2423 1256 1257 1469 
2424 1379 1216 1983 
2425 488 541 1668 
2426 948 998 999 
2427 1506 1501 2151 
2428 593 2055 2056 
2429 1175 1003 1176 
2430 1024 1094 1178 
2431 1437 1436 1438 
2432 662 660 663 
2433 1002 902 1003 
2434 1325 1555 1722 
2435 985 895 2071 
2436 2061 1139 2102 
2437 436 437 588 
2438 752 749 2100 
2439 658 660 662 
2440 433 434 575 
2441 1528 1754 1755 
2442 729 723 730 
2443 748 746 939 
2444 1303 1304 1305 
2445 1097 1063 1844 
2446 664 663 665 
2447 935 654 1977 
2448 666 665 667 
2449 1303 1301 1304 
2450 2137 1400 2190 
2451 452 2048 2055 
2452 437 438 2047 
2453 1306 1307 1435 
2454 1301 1298 2078 
2455 1525 1530 1531 
2456 668 667 669 
2457 665 663 1079 
2458 648 673 1978 
2459 1528 1529 1754 
2460 1253 1254 1255 
2461 408 409 2028 
2462 1349 1078 2093 
2463 1439 1438 1449 
2464 816 817 818 
2465 1367 1412 1779 
2466 739 737 934 
2467 746 743 2054 
2468 2033 943 2079 
2469 2149 1579 2175 
2470 740 878 2075 
2471 833 835 837 
2472 1524 1527 1528 
2473 654 653 655 
2474 1145 1146 1147 
2475 1048 1047 1049 
2476 1017 1080 1081 
2477 1230 1085 1361 
2478 799 801 802 
2479 928 929 930 
2480 442 443 2057 
2481 1104 1105 1106 
2482 368 369 539 
2483 288 289 540 
2484 1754 1529 1756 
2485 593 451 2055 
2486 718 717 722 
2487 1031 1252 1253 
2488 702 701 703 
2489 991 989 992 
2490 1032 1220 1221 
2491 1517 1515 1518 
2492 1360 1460 1461 
2493 1144 1388 2184 
2494 923 926 1892 
2495 740 742 878 
2496 690 689 691 
2497 451 452 2055 
2498 1303 1305 1306 
2499 660 661 2072 
2500 1528 1527 1529 
2501 743 741 745 
2502 2070 1224 2155 
2503 1534 1808 1809 
2504 1580 2057 2131 
2505 639 638 640 
2506 1738 1557 1778 
2507 747 746 748 
2508 1231 983 2099 
2509 1628 1653 1735 
2510 405 622 2068 
2511 1491 1488 1492 
2512 1176 1546 2039 
2513 670 669 671 
2514 1450 1449 1470 
2515 1779 1412 1780 
2516 1182 1611 2199 
2517 1309 1141 1397 
2518 792 735 823 
2519 1170 1171 1256 
2520 1563 1112 1564 
2521 783 815 2080 
2522 695 944 1209 
2523 1223 1149 2184 
2524 1008 1006 1592 
2525 450 451 593 
2526 1176 1341 1546 
2527 893 891 894 
2528 1845 1844 1846 
2529 926 928 2090 
2530 1046 1044 1047 
2531 973 1587 2096 
2532 928 933 2090 
2533 1219 1366 2104 
2534 889 887 890 
2535 1646 1267 1647 
2536 826 827 828 
2537 1035 1217 2079 
2538 788 790 798 
2539 1528 1755 2064 
2540 449 450 2065 
2541 1245 1244 1246 
2542 1779 1780 1888 
2543 1303 1306 2073 
2544 888 2033 2062 
2545 794 793 812 
2546 652 651 653 
2547 1995 1997 1998 
2548 813 812 884 
2549 661 680 1371 
2550 603 1773 1777 
2551 1087 1008 2085 
2552 1370 1181 2170 
2553 1521 1519 1522 
2554 785 784 793 
2555 939 746 2054 
2556 1175 1176 2039 
2557 1737 1736 2103 
2558 1991 1993 1994 
2559 1154 1588 2118 
2560 663 660 2072 
2561 1328 1349 1781 
2562 674 671 675 
2563 885 884 940 
2564 1347 1346 1820 
2565 448 449 623 
2566 1006 974 2092 
2567 1247 1087 1420 
2568 1106 1107 1108 
2569 2013 1218 2104 
2570 446 447 630 
2571 1034 2062 2086 
2572 818 909 910 
2573 921 1538 2019 
2574 1523 1522 1525 
2575 828 829 830 
2576 722 1233 1979 
2577 1025 1896 2366 
2578 744 743 746 
2579 934 737 2029 
2580 404 405 2068 
2581 1756 1529 1757 
2582 2183 1223 2184 
2583 1813 1564 1814 
2584 1157 1331 1358 
2585 747 748 749 
2586 1002 1003 1175 
2587 1577 1380 1578 
2588 1638 1637 1719 
2589 661 1371 2072 
2590 779 780 787 
2591 1321 716 1731 
2592 662 663 664 
2593 878 742 2084 
2594 1386 1175 2039 
2595 450 593 2065 
2596 862 860 2037 
2597 1221 1220 1346 
2598 551 1634 1687 
2599 742 741 743 
2600 1302 1301 1303 
2601 824 825 826 
2602 1363 1361 2053 
2603 1982 1379 1983 
2604 664 665 666 
2605 666 667 668 
2606 1524 1526 1527 
2607 837 838 839 
2608 1255 1254 1553 
2609 745 741 1969 
2610 857 856 858 
2611 2058 1968 2238 
2612 830 831 977 
2613 1998 1999 2000 
2614 1986 1988 1989 
2615 1434 913 1445 
2616 1682 1246 1683 
2617 1322 1089 1323 
2618 623 449 2065 
2619 1529 1527 2069 
2620 1147 1148 1152 
2621 765 767 770 
2622 1475 1457 1476 
2623 1517 1518 1519 
2624 1217 1577 2079 
2625 885 940 2067 
2626 839 840 841 
2627 1108 1201 1202 
2628 1335 1427 1428 
2629 1253 1252 1254 
2630 1012 905 1014 
2631 866 867 868 
2632 943 1035 2079 
2633 1079 663 2072 
2634 806 807 808 
2635 1170 998 1171 
2636 1535 1184 1559 
2637 1143 1144 1145 
2638 1274 1602 1740 
2639 1532 1531 1534 
2640 776 778 779 
2641 1527 1526 1533 
2642 1043 1042 1044 
2643 1323 1089 1943 
2644 743 745 2054 
2645 1302 1303 2073 
2646 1521 1523 1524 
2647 1085 985 2071 
2648 668 669 670 
2649 2018 662 2108 
2650 1521 1522 1523 
2651 1525 1531 1532 
2652 1361 1085 2071 
2653 841 842 843 
2654 9 368 635 
2655 1217 1380 1577 
2656 772 774 775 
2657 1190 1541 1596 
2658 965 967 968 
2659 1532 1591 1694 
2660 968 1023 1024 
2661 5 347 1662 
2662 596 1927 2297 
2663 1300 1298 1301 
2664 973 1004 1587 
2665 1252 1721 2586 
2666 2003 2004 2005 
2667 733 730 782 
2668 1387 1386 1628 
2669 1524 1523 1526 
2670 987 1390 2066 
2671 843 844 845 
2672 1306 1605 2073 
2673 990 2020 2124 
2674 969 961 970 
2675 1527 1533 2069 
2676 1092 1231 1232 
2677 1757 1529 2069 
2678 1041 1040 1042 
2679 1390 1393 2066 
2680 963 964 965 
2681 845 847 848 
2682 1164 1010 1887 
2683 1373 1236 1374 
2684 1306 1435 1605 
2685 1194 1189 1195 
2686 881 875 883 
2687 485 486 1673 
2688 650 649 651 
2689 637 639 1419 
2690 959 962 963 
2691 1178 1094 1184 
2692 740 739 741 
2693 402 403 2077 
2694 1304 1301 2078 
2695 930 931 932 
2696 1523 1525 2082 
2697 1210 1022 1817 
2698 1036 1037 1124 
2699 1514 1418 1515 
2700 1520 1519 1521 
2701 1055 970 1056 
2702 403 404 565 
2703 676 675 677 
2704 664 666 731 
2705 1516 1515 1517 
2706 1053 1065 1066 
2707 1584 1206 1603 
2708 848 850 851 
2709 932 988 989 
2710 1517 1519 1520 
2711 957 958 959 
2712 670 671 674 
2713 1226 1381 1382 
2714 953 951 1395 
2715 1352 914 1557 
2716 2053 1361 2071 
2717 1503 1506 1507 
2718 1162 1056 1163 
2719 1398 1399 1465 
2720 1420 1087 2085 
2721 993 883 994 
2722 1454 1195 1455 
2723 366 367 553 
2724 1264 1265 1311 
2725 940 1030 1031 
2726 1311 1312 1334 
2727 750 749 751 
2728 1390 1392 1393 
2729 1899 1901 1902 
2730 834 832 2093 
2731 565 404 2068 
2732 1258 1259 1637 
2733 1532 1534 1591 
2734 1604 1302 2073 
2735 880 1000 1001 
2736 808 810 1976 
2737 486 487 583 
2738 1731 716 2185 
2739 1934 2264 2282 
2740 1514 1515 1516 
2741 1385 1175 1386 
2742 874 876 900 
2743 2136 699 2192 
2744 1058 994 1060 
2745 1525 1532 2082 
2746 1296 1294 1297 
2747 960 955 961 
2748 1548 1550 2063 
2749 987 2066 2174 
2750 1031 1251 1252 
2751 1328 1078 1349 
2752 922 921 2019 
2753 890 2011 2127 
2754 1896 1536 2371 
2755 1435 1307 2144 
2756 940 884 1030 
2757 1417 1416 1418 
2758 1170 1256 1400 
2759 1428 1429 1430 
2760 1394 1391 1403 
2761 792 823 824 
2762 1892 926 2090 
2763 726 727 784 
2764 1309 1397 1398 
2765 1261 1163 1262 
2766 521 522 581 
2767 1251 1030 1375 
2768 719 720 726 
2769 882 2223 2240 
2770 1039 972 1040 
2771 1382 1383 1384 
2772 1126 2137 2190 
2773 954 956 957 
2774 1792 1794 1795 
2775 928 930 933 
2776 1526 1523 2082 
2777 804 803 805 
2778 289 290 1558 
2779 812 793 814 
2780 706 709 719 
2781 791 879 880 
2782 1532 1694 2082 
2783 783 782 795 
2784 287 288 1480 
2785 1415 1414 1416 
2786 1088 1248 1258 
2787 753 755 756 
2788 1066 1067 1068 
2789 910 1072 1073 
2790 1031 1030 1251 
2791 670 674 678 
2792 1592 1006 2092 
2793 1556 1323 1695 
2794 1075 1135 1136 
2795 1507 1508 1708 
2796 1160 961 2105 
2797 859 858 860 
2798 1339 1209 1745 
2799 639 640 641 
2800 1430 1431 1432 
2801 1553 1254 1654 
2802 1049 1051 1054 
2803 751 753 2027 
2804 990 989 991 
2805 1415 1417 1615 
2806 1110 1112 1563 
2807 989 988 2074 
2808 1417 1418 1514 
2809 524 525 586 
2810 851 852 853 
2811 990 991 1032 
2812 744 746 747 
2813 1685 1492 1686 
2814 1358 1656 1657 
2815 1140 1191 1192 
2816 869 872 942 
2817 646 647 648 
2818 881 883 993 
2819 1032 1033 1220 
2820 853 854 855 
2821 1300 1301 1302 
2822 1432 1436 1437 
2823 855 856 857 
2824 993 1058 1059 
2825 921 1222 1538 
2826 1404 1403 1414 
2827 932 989 990 
2828 903 902 1002 
2829 2057 445 2131 
2830 684 677 685 
2831 684 694 706 
2832 445 446 2131 
2833 806 805 807 
2834 1256 1171 1257 
2835 891 890 2127 
2836 1308 1302 1604 
2837 988 1157 2074 
2838 2027 756 2182 
2839 1439 1449 1450 
2840 290 22 543 
2841 648 647 649 
2842 993 994 1058 
2843 1497 1495 1499 
2844 1820 1346 1839 
2845 1082 1081 1083 
2846 674 675 676 
2847 1437 1438 1439 
2848 1415 1416 1417 
2849 1038 1235 1423 
2850 455 456 2126 
2851 1548 1549 1550 
2852 1637 1259 1639 
2853 1057 1249 1407 
2854 1387 1628 1958 
2855 1757 2069 2551 
2856 641 640 642 
2857 711 712 713 
2858 1251 1375 1376 
2859 1293 1295 1606 
2860 1012 1014 1015 
2861 1351 936 1868 
2862 1157 1358 2074 
2863 1218 1219 2104 
2864 723 722 1979 
2865 1818 1817 1819 
2866 1376 1375 1377 
2867 705 710 2211 
2868 876 881 882 
2869 738 740 2075 
2870 527 528 592 
2871 1014 905 2091 
2872 1028 808 1976 
2873 1394 1404 1633 
2874 1788 1789 1790 
2875 1538 1572 1732 
2876 1032 991 1033 
2877 802 801 803 
2878 1115 1117 1348 
2879 1909 1574 2209 
2880 977 831 2135 
2881 1567 1884 2094 
2882 876 875 881 
2883 1186 1083 1187 
2884 2020 1408 2218 
2885 884 812 2089 
2886 1062 1089 1322 
2887 1385 1386 1387 
2888 1058 1060 1212 
2889 1007 1009 1198 
2890 759 761 762 
2891 1220 1033 1573 
2892 346 5 566 
2893 1226 1001 1381 
2894 947 787 2010 
2895 736 738 1142 
2896 662 664 2108 
2897 816 797 817 
2898 1404 1414 1415 
2899 722 949 1233 
2900 1308 1604 1614 
2901 2089 814 2147 
2902 403 565 2077 
2903 553 367 1648 
2904 21 287 544 
2905 703 704 705 
2906 705 707 708 
2907 1258 1248 1259 
2908 1611 1316 1612 
2909 1300 1302 1308 
2910 874 875 876 
2911 900 2212 2249 
2912 1468 1467 1635 
2913 869 942 2142 
2914 1376 1377 1472 
2915 1450 1470 1478 
2916 641 642 672 
2917 19 279 559 
2918 1002 1175 1385 
2919 1144 911 1388 
2920 1005 974 1006 
2921 344 345 563 
2922 742 743 744 
2923 1387 1958 1961 
2924 864 862 2081 
2925 694 685 695 
2926 698 700 701 
2927 833 837 2135 
2928 1394 1403 1404 
2929 1339 1837 1838 
2930 1639 1259 1640 
2931 1346 1220 2095 
2932 1981 1982 2307 
2933 1548 1490 1549 
2934 798 790 799 
2935 1393 1392 1568 
2936 676 677 684 
2937 1563 1564 1813 
2938 749 748 2100 
2939 291 292 558 
2940 1399 1397 2207 
2941 916 699 2136 
2942 1526 2082 2111 
2943 693 697 698 
2944 530 531 600 
2945 293 294 567 
2946 691 692 693 
2947 1000 879 1139 
2948 1121 1119 2189 
2949 1375 2089 2147 
2950 1149 1146 2184 
2951 661 679 680 
2952 1639 1640 1692 
2953 22 291 1486 
2954 1196 1151 1467 
2955 999 1170 2137 
2956 1780 1412 2243 
2957 1030 884 2089 
2958 695 1209 1339 
2959 1024 1023 1094 
2960 750 911 1143 
2961 968 967 1023 
2962 706 694 709 
2963 719 709 720 
2964 726 720 727 
2965 880 879 1000 
2966 1036 999 1037 
2967 1392 1391 1394 
2968 1296 1297 1298 
2969 644 646 1156 
2970 2082 1694 2111 
2971 1571 1369 2134 
2972 456 556 2126 
2973 1343 1360 1627 
2974 1455 1457 1475 
2975 874 873 875 
2976 965 964 967 
2977 787 780 788 
2978 727 720 728 
2979 1001 1000 2116 
2980 1375 1030 2089 
2981 2172 906 2207 
2982 925 922 2019 
2983 664 731 2108 
2984 1150 1149 1151 
2985 769 1882 2227 
2986 812 814 2089 
2987 2031 2218 2233 
2988 1140 1139 1141 
2989 869 868 870 
2990 756 912 2182 
2991 791 735 792 
2992 734 728 735 
2993 733 2080 2161 
2994 1390 1391 1392 
2995 1533 1526 2111 
2996 787 788 2010 
2997 1263 1651 1652 
2998 661 659 679 
2999 982 977 983 
3000 963 962 964 
3001 1170 1400 2137 
3002 982 1091 1594 
3003 861 860 862 
3004 959 958 962 
3005 740 741 742 
3006 1227 1585 1589 
3007 1584 1603 1619 
3008 1810 605 1811 
3009 687 688 689 
3010 979 978 980 
3011 1339 1745 1837 
3012 1009 1008 1087 
3013 1263 1232 1264 
3014 1191 1141 1309 
3015 400 401 602 
3016 933 930 2124 
3017 684 685 694 
3018 921 919 1222 
3019 1018 980 1019 
3020 1382 1381 1383 
3021 683 686 687 
3022 1125 1037 1126 
3023 1318 1621 1727 
3024 1016 1015 1017 
3025 1091 983 1092 
3026 1322 1323 1556 
3027 857 858 859 
3028 680 682 683 
3029 1000 1139 1140 
3030 2002 2000 2003 
3031 1088 1087 1247 
3032 1248 1247 1452 
3033 1909 2209 2245 
3034 1220 1573 2095 
3035 1780 2243 2260 
3036 769 768 771 
3037 756 757 912 
3038 831 833 2135 
3039 399 400 2101 
3040 1390 1389 1391 
3041 1398 1465 1660 
3042 960 961 969 
3043 1007 1006 1008 
3044 1017 1081 1082 
3045 957 956 958 
3046 728 2191 2201 
3047 531 532 2114 
3048 1596 1541 1644 
3049 1262 1617 1618 
3050 727 728 734 
3051 872 873 874 
3052 1299 1298 1300 
3053 872 870 873 
3054 808 809 810 
3055 826 828 906 
3056 791 792 879 
3057 734 735 791 
3058 894 891 2127 
3059 1212 1060 2138 
3060 1448 1441 2322 
3061 1384 1383 1560 
3062 1500 1499 1501 
3063 808 807 809 
3064 869 870 872 
3065 1292 1291 1854 
3066 969 970 1055 
3067 1560 1383 1561 
3068 1491 1492 1685 
3069 711 708 712 
3070 1187 1189 1194 
3071 1339 1838 2123 
3072 1004 974 1005 
3073 285 286 572 
3074 1839 1346 2095 
3075 1293 1292 1294 
3076 779 778 780 
3077 1009 1087 1088 
3078 1559 1570 1642 
3079 1194 1195 1454 
3080 1088 1247 1248 
3081 1556 1695 1874 
3082 797 795 2096 
3083 859 860 861 
3084 693 698 2107 
3085 1140 1141 1191 
3086 983 977 2099 
3087 1055 1056 1162 
3088 657 655 981 
3089 1290 1292 1293 
3090 865 864 866 
3091 1369 1124 2070 
3092 976 703 2211 
3093 1007 1008 1009 
3094 738 737 739 
3095 930 932 2124 
3096 863 865 987 
3097 446 630 2131 
3098 1004 1005 1169 
3099 1233 949 1234 
3100 484 485 633 
3101 1257 1406 1422 
3102 795 796 973 
3103 1136 1239 1240 
3104 1550 1549 1551 
3105 722 717 949 
3106 1051 1053 2087 
3107 987 1389 1390 
3108 866 868 869 
3109 874 900 2113 
3110 1395 951 2132 
3111 1234 949 1401 
3112 1137 1954 2177 
3113 932 990 2124 
3114 1322 1556 1688 
3115 1046 1047 1048 
3116 1162 1163 1261 
3117 973 974 1004 
3118 1092 1232 1263 
3119 1415 1615 2110 
3120 1191 1309 1542 
3121 1039 1040 1041 
3122 863 862 864 
3123 280 281 587 
3124 1279 1211 1863 
3125 1315 1181 1370 
3126 713 712 715 
3127 436 588 2206 
3128 1620 1509 1705 
3129 1551 1549 1623 
3130 1088 1258 2121 
3131 2195 1961 2220 
3132 1257 1171 1406 
3133 703 701 704 
3134 973 796 974 
3135 830 977 982 
3136 1075 1073 1135 
3137 942 872 2113 
3138 1127 1126 1174 
3139 1300 1308 2083 
3140 1005 1006 1007 
3141 792 824 2102 
3142 775 774 776 
3143 1381 1001 2116 
3144 1538 1222 1572 
3145 818 817 909 
3146 750 1143 2098 
3147 903 1002 2091 
3148 820 811 821 
3149 1460 2171 2342 
3150 1494 1496 1498 
3151 551 348 1513 
3152 1475 1476 1710 
3153 1043 1044 1046 
3154 476 546 2237 
3155 618 475 2237 
3156 1307 1442 2144 
3157 1394 1633 2119 
3158 2003 2005 2006 
3159 837 839 1574 
3160 1473 1747 1748 
3161 1140 1192 2116 
3162 1998 2000 2002 
3163 1594 1091 1595 
3164 1094 1023 1177 
3165 1296 1298 1299 
3166 1994 1995 2188 
3167 1572 1222 1581 
3168 532 533 624 
3169 730 723 1979 
3170 691 689 692 
3171 967 964 1086 
3172 899 822 902 
3173 911 751 2027 
3174 1041 1042 1043 
3175 1263 1652 2145 
3176 2017 1440 2330 
3177 1423 1235 1590 
3178 705 704 707 
3179 1080 1015 2220 
3180 910 909 1072 
3181 742 744 2084 
3182 1633 1404 2110 
3183 747 749 750 
3184 837 1574 2135 
3185 2031 933 2218 
3186 2107 702 2168 
3187 1280 1281 1282 
3188 1299 1300 2083 
3189 1311 1334 1693 
3190 715 712 951 
3191 1831 1833 1834 
3192 1060 1062 2138 
3193 293 567 1650 
3194 279 280 1641 
3195 795 782 796 
3196 982 983 1091 
3197 823 735 2201 
3198 863 864 865 
3199 753 756 2027 
3200 950 777 978 
3201 708 707 2132 
3202 1276 1165 1413 
3203 647 645 781 
3204 2045 1418 2212 
3205 1404 1415 2110 
3206 841 843 849 
3207 1234 1401 1447 
3208 659 657 2162 
3209 1190 1596 2141 
3210 1198 1009 2121 
3211 914 758 1875 
3212 1450 1478 1672 
3213 962 958 997 
3214 734 1974 2149 
3215 1082 1083 1186 
3216 1559 1184 1570 
3217 1154 1203 1204 
3218 1407 1249 1462 
3219 1057 1407 2181 
3220 1359 1567 2171 
3221 284 285 1616 
3222 795 973 2096 
3223 1422 1406 1894 
3224 1263 1264 1651 
3225 1295 1294 1296 
3226 762 763 913 
3227 1139 879 2102 
3228 567 294 1493 
3229 653 651 721 
3230 1502 1501 1503 
3231 1309 1398 2122 
3232 1290 1291 1292 
3233 1491 1685 1729 
3234 1000 1140 2116 
3235 738 739 740 
3236 1261 1262 2143 
3237 1297 1294 2109 
3238 908 800 975 
3239 1126 1037 2137 
3240 1878 1028 1976 
3241 698 697 700 
3242 859 861 907 
3243 861 862 863 
3244 707 704 1405 
3245 1581 2136 2192 
3246 1437 1439 1626 
3247 2322 1441 2325 
3248 799 800 801 
3249 784 727 2149 
3250 987 865 1389 
3251 2307 1982 2312 
3252 1430 1432 1544 
3253 563 345 1485 
3254 908 1026 1154 
3255 954 955 956 
3256 715 951 952 
3257 998 947 2152 
3258 736 1142 2186 
3259 750 751 911 
3260 2191 1838 2201 
3261 879 792 2102 
3262 1002 1385 2091 
3263 845 848 984 
3264 1318 1206 1584 
3265 952 953 954 
3266 969 1055 1076 
3267 283 284 589 
3268 1012 1015 1016 
3269 851 853 877 
3270 952 951 953 
3271 1392 1394 2119 
3272 1792 1790 1794 
3273 905 903 2091 
3274 1795 1794 1796 
3275 1473 1203 1474 
3276 693 692 697 
3277 1143 911 1144 
3278 15 496 550 
3279 1102 1104 1179 
3280 694 695 2123 
3281 1054 1051 2087 
3282 954 953 955 
3283 1134 1166 1167 
3284 872 874 2113 
3285 1186 1187 2150 
3286 1053 1066 2087 
3287 956 955 960 
3288 1026 975 1027 
3289 904 903 905 
3290 1011 905 1012 
3291 281 282 1552 
3292 1048 1049 2117 
3293 814 793 2175 
3294 1021 1070 1161 
3295 282 20 594 
3296 1294 1292 2109 
3297 1259 1248 2120 
3298 1162 1261 1424 
3299 788 789 790 
3300 1640 1259 2120 
3301 1237 1152 1402 
3302 695 1339 2123 
3303 744 747 2098 
3304 2061 2172 2207 
3305 1747 1474 1749 
3306 2114 624 2115 
3307 1082 1186 1190 
3308 712 708 2132 
3309 1497 1499 1500 
3310 700 697 725 
3311 1194 1454 1458 
3312 1171 998 2152 
3313 1568 1392 2119 
3314 1290 1289 1291 
3315 1016 1017 2141 
3316 572 286 1537 
3317 701 700 2158 
3318 1590 1235 1827 
3319 2084 744 2098 
3320 1190 1540 1541 
3321 807 805 897 
3322 1127 1174 2229 
3323 2061 2102 2172 
3324 899 902 903 
3325 1650 567 2202 
3326 2041 1518 2223 
3327 1009 1088 2121 
3328 682 679 1409 
3329 642 640 643 
3330 1441 2017 2325 
3331 1458 1714 1715 
3332 1788 576 1789 
3333 1248 1452 2120 
3334 1644 1541 1689 
3335 1292 1854 2109 
3336 1205 1155 1206 
3337 1017 1082 2141 
3338 680 679 682 
3339 1062 1322 2138 
3340 2029 672 2153 
3341 1424 1261 1547 
3342 1007 1198 2128 
3343 709 694 2123 
3344 919 916 2136 
3345 1458 1454 1714 
3346 769 771 772 
3347 687 686 688 
3348 1377 1375 2147 
3349 1542 1309 2122 
3350 1227 716 1321 
3351 1778 1557 1783 
3352 1629 1537 1630 
3353 683 682 686 
3354 855 857 986 
3355 810 809 811 
3356 1403 1391 2193 
3357 1434 1445 1610 
3358 947 2010 2152 
3359 803 801 2118 
3360 866 869 2142 
3361 1145 1144 1146 
3362 1041 1043 1045 
3363 1869 1600 2277 
3364 1585 1321 1586 
3365 1205 1206 1318 
3366 971 725 972 
3367 1190 1186 1540 
3368 1293 1606 2221 
3369 365 366 1681 
3370 799 790 800 
3371 717 713 2130 
3372 1462 1249 1463 
3373 1500 1502 1505 
3374 2486 1683 2498 
3375 2008 1137 2254 
3376 1398 1660 2122 
3377 700 725 971 
3378 1169 1005 2128 
3379 899 903 904 
3380 1038 972 1039 
3381 1318 1584 1621 
3382 1293 1294 1295 
3383 1184 1094 2133 
3384 1038 1039 1235 
3385 793 784 2175 
3386 2016 1994 2188 
3387 1475 1710 1713 
3388 904 1011 1029 
3389 788 780 789 
3390 727 734 2149 
3391 971 972 1038 
3392 1262 1618 2143 
3393 688 686 716 
3394 1136 1135 1239 
3395 1124 1037 1125 
3396 1455 1475 2167 
3397 828 830 2139 
3398 1454 1455 2167 
3399 1494 1493 1495 
3400 713 715 2130 
3401 952 2008 2208 
3402 1204 1203 1473 
3403 1264 1311 2140 
3404 824 826 2172 
3405 1005 1007 2128 
3406 1287 1288 1479 
3407 784 2149 2175 
3408 950 979 1593 
3409 689 688 2173 
3410 925 2019 2215 
3411 1072 909 1155 
3412 801 800 908 
3413 776 777 778 
3414 1072 1155 1205 
3415 865 866 2142 
3416 20 283 1510 
3417 765 770 2097 
3418 1128 1129 1130 
3419 913 763 2097 
3420 2312 1448 2322 
3421 908 975 1026 
3422 817 797 2096 
3423 772 773 774 
3424 2142 942 2193 
3425 763 765 2097 
3426 1187 1194 2150 
3427 1276 1666 1667 
3428 1227 1321 1585 
3429 1629 1630 1751 
3430 641 672 736 
3431 1322 1688 2138 
3432 1154 1026 1203 
3433 790 789 2125 
3434 1435 2144 2302 
3435 600 531 2114 
3436 1496 1495 1497 
3437 1313 1202 1314 
3438 1719 622 2479 
3439 691 693 2192 
3440 1095 819 1096 
3441 1500 1501 1502 
3442 1473 1474 1747 
3443 369 370 1539 
3444 1046 1048 1057 
3445 1182 1315 1316 
3446 2092 796 2164 
3447 1276 1413 1666 
3448 567 1494 2202 
3449 1057 1048 1197 
3450 1092 1263 2145 
3451 2130 715 2208 
3452 1287 1286 1288 
3453 1288 1290 2221 
3454 950 978 979 
3455 1313 1697 1698 
3456 2102 824 2172 
3457 1057 1197 1249 
3458 1091 1092 2145 
3459 982 1594 2139 
3460 704 701 2158 
3461 1244 1242 1319 
3462 1502 1503 1504 
3463 1545 1121 2189 
3464 826 906 2172 
3465 1507 1708 1730 
3466 1130 1131 1132 
3467 904 905 1011 
3468 1029 1165 1236 
3469 567 1493 1494 
3470 736 672 737 
3471 1567 2094 2298 
3472 688 716 1227 
3473 1412 1368 2233 
3474 1388 2027 2182 
3475 551 1513 1634 
3476 1132 1133 1134 
3477 553 1648 1649 
3478 745 1969 2234 
3479 1389 865 2142 
3480 1148 1146 1149 
3481 1049 1054 2117 
3482 1197 1048 2117 
3483 400 602 2101 
3484 949 717 2130 
3485 1494 1495 1496 
3486 1479 1288 2221 
3487 1651 1264 2140 
3488 820 821 822 
3489 644 645 646 
3490 1239 1135 1410 
3491 679 659 2162 
3492 1579 1421 2256 
3493 906 828 2139 
3494 951 712 2132 
3495 1496 1497 1680 
3496 672 642 2153 
3497 1697 1314 1699 
3498 1125 1128 2070 
3499 1387 1961 2195 
3500 1606 1295 1607 
3501 1037 999 2137 
3502 728 720 2191 
3503 1943 1099 2169 
3504 547 2002 2275 
3505 1283 1281 1327 
3506 642 643 644 
3507 979 980 1018 
3508 776 774 777 
3509 657 981 2162 
3510 1501 1499 2151 
3511 1401 949 2130 
3512 1227 1589 2173 
3513 1703 1702 1704 
3514 1222 919 2136 
3515 1094 1177 2133 
3516 1018 1181 1182 
3517 646 645 647 
3518 2325 2017 2330 
3519 830 982 2139 
3520 1135 1073 2178 
3521 1174 1126 2190 
3522 1995 1998 2188 
3523 767 769 2227 
3524 1042 2273 2290 
3525 1547 1261 2143 
3526 1468 1635 1636 
3527 1439 1450 2154 
3528 1029 1011 1165 
3529 1406 1171 2152 
3530 747 750 2098 
3531 1540 1186 2150 
3532 1570 1184 2133 
3533 1432 1437 2156 
3534 1023 967 2148 
3535 1236 1165 1276 
3536 774 773 2146 
3537 1595 1091 2145 
3538 1073 1072 2178 
3539 1018 1019 1181 
3540 700 971 2158 
3541 1788 1791 2262 
3542 1125 1127 1128 
3543 801 908 2118 
3544 1014 2195 2220 
3545 1483 1598 1767 
3546 1581 1222 2136 
3547 1311 1693 2140 
3548 1082 1190 2141 
3549 912 757 2216 
3550 692 689 2173 
3551 778 777 950 
3552 1239 1410 1464 
3553 1104 1106 2157 
3554 1150 1151 1196 
3555 1403 2193 2219 
3556 699 691 2192 
3557 772 771 773 
3558 1150 1196 1215 
3559 1148 1149 1150 
3560 532 624 2114 
3561 2123 1838 2191 
3562 782 730 2164 
3563 1388 2183 2184 
3564 563 1485 1624 
3565 1147 1146 1148 
3566 572 1537 1629 
3567 1475 1713 2167 
3568 1683 1246 1684 
3569 1414 1403 2219 
3570 1152 1148 2163 
3571 780 778 2165 
3572 1624 1485 1625 
3573 967 1086 2148 
3574 1196 1467 1468 
3575 1177 1023 2148 
3576 1561 1383 2196 
3577 1316 1315 1622 
3578 1405 704 2158 
3579 964 962 2160 
3580 2106 1395 2210 
3581 908 1154 2118 
3582 810 811 819 
3583 1416 1414 2249 
3584 1273 1096 1274 
3585 1108 1202 1313 
3586 800 790 2125 
3587 2228 798 2246 
3588 709 2123 2191 
3589 1401 2130 2208 
3590 1605 2316 2321 
3591 462 609 2274 
3592 568 461 2274 
3593 1125 1126 1127 
3594 550 496 1675 
3595 1194 1458 2150 
3596 1068 1158 1185 
3597 644 1156 2153 
3598 2264 1816 2282 
3599 1959 1025 2361 
3600 2177 1955 2338 
3601 1086 964 2160 
3602 1847 1846 2205 
3603 1124 1125 2070 
3604 1531 1530 2253 
3605 1369 2070 2155 
3606 1288 1289 1290 
3607 736 737 738 
3608 1450 1672 2154 
3609 1250 1509 1620 
3610 2366 1896 2371 
3611 1381 2116 2196 
3612 975 800 2125 
3613 962 997 2160 
3614 538 2 2512 
3615 1038 1423 2226 
3616 688 1227 2173 
3617 1385 1387 2195 
3618 1998 2002 2188 
3619 1182 1181 1315 
3620 1167 1166 1260 
3621 1894 2228 2246 
3622 796 782 2164 
3623 978 777 2146 
3624 1838 1837 2225 
3625 1389 2142 2193 
3626 730 1979 2164 
3627 1437 1626 2156 
3628 863 987 2174 
3629 1626 1439 2154 
3630 1161 1193 1453 
3631 1544 1432 2156 
3632 1014 2091 2195 
3633 644 643 645 
3634 720 709 2191 
3635 1099 1102 2169 
3636 1039 1041 2159 
3637 1827 1235 2159 
3638 1714 1454 2167 
3639 1131 1129 1172 
3640 1410 1135 2178 
3641 1391 1389 2193 
3642 2091 1385 2195 
3643 642 644 2153 
3644 1740 1602 1741 
3645 820 822 898 
3646 725 2232 2258 
3647 799 802 2246 
3648 1409 679 2162 
3649 1421 2032 2279 
3650 2118 1588 2203 
3651 1313 1314 1697 
3652 2134 1369 2155 
3653 1235 1039 2159 
3654 1132 1134 2176 
3655 861 863 2174 
3656 900 876 2240 
3657 805 803 2203 
3658 435 436 2206 
3659 1861 721 2387 
3660 1166 1133 1317 
3661 819 811 820 
3662 1574 839 2209 
3663 1179 1104 2157 
3664 907 861 2174 
3665 527 592 2231 
3666 1383 1381 2196 
3667 553 1649 1739 
3668 1427 1426 2285 
3669 745 2234 2304 
3670 898 822 899 
3671 1634 1513 1659 
3672 1433 913 1434 
3673 777 774 2146 
3674 841 849 2209 
3675 839 841 2209 
3676 1041 1045 2159 
3677 711 714 2282 
3678 1413 1165 2187 
3679 1934 1113 2264 
3680 1102 1179 2169 
3681 759 762 2216 
3682 1399 2207 2251 
3683 2116 1192 2196 
3684 2193 942 2219 
3685 778 950 2165 
3686 1284 1283 1285 
3687 676 2058 2238 
3688 1128 1127 1129 
3689 1474 1203 2179 
3690 1540 2150 2214 
3691 1388 2182 2183 
3692 1012 1016 2187 
3693 993 1059 2241 
3694 882 881 2241 
3695 1397 2061 2207 
3696 1134 1133 1166 
3697 1919 1920 2311 
3698 898 899 2166 
3699 1019 1021 2170 
3700 897 805 2203 
3701 1026 1027 2179 
3702 1284 1285 1286 
3703 1130 1129 1131 
3704 950 1593 2165 
3705 1605 1435 2316 
3706 1318 1727 2235 
3707 735 728 2201 
3708 757 759 2216 
3709 1351 1854 2261 
3710 1072 1205 2178 
3711 1557 914 2198 
3712 2001 997 2396 
3713 1846 1957 2205 
3714 2096 1587 2200 
3715 2132 707 2210 
3716 2150 1458 2214 
3717 1011 1012 2187 
3718 1818 1819 2197 
3719 1554 2288 2343 
3720 1150 1215 2163 
3721 1494 1498 2202 
3722 674 676 2238 
3723 1132 1131 1133 
3724 789 780 2165 
3725 639 641 2186 
3726 1122 1324 2270 
3727 1468 1636 1707 
3728 803 2118 2203 
3729 1040 972 2258 
3730 2124 2020 2218 
3731 336 337 2272 
3732 2152 2010 2228 
3733 904 1029 2166 
3734 1181 1019 2170 
3735 899 904 2166 
3736 1418 1416 2212 
3737 682 1409 2185 
3738 992 2074 2276 
3739 1045 1043 2181 
3740 1282 1281 1283 
3741 1861 1870 2379 
3742 1043 1046 2181 
3743 1129 1127 2229 
3744 762 913 1433 
3745 1783 1557 2198 
3746 707 1405 2210 
3747 715 952 2208 
3748 1402 1152 2163 
3749 1419 639 2186 
3750 2010 798 2228 
3751 703 705 2211 
3752 1203 1026 2179 
3753 716 686 2185 
3754 933 2124 2218 
3755 1046 1057 2181 
3756 1106 1108 2194 
3757 686 682 2185 
3758 2045 2212 2240 
3759 1373 1374 2326 
3760 1015 1014 2220 
3761 1274 1601 1602 
3762 2109 1869 2277 
3763 1395 2132 2210 
3764 1603 1206 2267 
3765 1406 2152 2228 
3766 1356 2095 2271 
3767 1518 2045 2223 
3768 1288 1286 1289 
3769 2201 1838 2225 
3770 1155 909 2200 
3771 1818 2197 2314 
3772 770 767 2227 
3773 1165 1011 2187 
3774 1593 979 2199 
3775 914 1875 2198 
3776 2236 1271 2265 
3777 2032 1396 2292 
3778 2158 971 2226 
3779 1148 1150 2163 
3780 2112 1667 2309 
3781 343 344 1483 
3782 942 2113 2219 
3783 725 697 2232 
3784 1490 1491 2248 
3785 526 527 2231 
3786 2277 1600 2301 
3787 909 817 2200 
3788 1928 560 2300 
3789 1059 1058 2266 
3790 1460 2342 2360 
3791 1405 2158 2226 
3792 1458 1715 2214 
3793 1348 1816 2264 
3794 2232 1589 2258 
3795 1115 1348 2264 
3796 823 2201 2225 
3797 1396 1643 2230 
3798 1549 1490 2248 
3799 817 2096 2200 
3800 1282 1283 1284 
3801 1313 1698 2194 
3802 1368 2031 2233 
3803 1600 1599 2301 
3804 1018 1182 2199 
3805 349 350 626 
3806 1297 2109 2277 
3807 641 736 2186 
3808 814 2175 2256 
3809 1435 2302 2316 
3810 2239 1780 2260 
3811 1410 2178 2235 
3812 1274 1096 1601 
3813 1372 2125 2242 
3814 2212 900 2240 
3815 2157 1106 2194 
3816 2178 1205 2235 
3817 762 1433 2216 
3818 1969 1970 2234 
3819 1290 1293 2221 
3820 1168 1271 2236 
3821 370 371 627 
3822 2055 2048 2289 
3823 692 2173 2232 
3824 1158 1250 2204 
3825 1108 1313 2194 
3826 979 1018 2199 
3827 2187 1016 2247 
3828 1894 1406 2228 
3829 971 1038 2226 
3830 2143 1933 2426 
3831 1021 1161 2170 
3832 2063 1550 2224 
3833 1279 1863 2257 
3834 1412 2233 2243 
3835 1908 1909 2245 
3836 2256 1421 2279 
3837 1358 1657 2276 
3838 2002 2003 2275 
3839 1155 2200 2267 
3840 2234 1970 2347 
3841 2164 1979 2252 
3842 697 692 2232 
3843 1033 991 2284 
3844 2092 2164 2252 
3845 1888 1780 2239 
3846 1917 568 2250 
3847 678 674 2238 
3848 668 2026 2293 
3849 498 499 579 
3850 475 476 2237 
3851 2305 1599 2306 
3852 2279 2032 2292 
3853 1414 2219 2249 
3854 2108 1981 2307 
3855 573 2112 2309 
3856 1442 1425 2304 
3857 2200 1587 2267 
3858 1592 2092 2252 
3859 2173 1589 2232 
3860 1408 1347 2243 
3861 1215 1196 2213 
3862 1350 1351 2261 
3863 1413 2187 2247 
3864 849 843 2269 
3865 1592 2252 2278 
3866 1156 1978 2323 
3867 1365 1363 2302 
3868 845 984 2269 
3869 1722 1555 2244 
3870 876 882 2240 
3871 881 993 2241 
3872 789 2165 2242 
3873 1623 1549 2248 
3874 1205 1318 2235 
3875 1305 1304 2305 
3876 2304 1425 2306 
3877 1465 1399 2291 
3878 364 365 628 
3879 1185 1158 2204 
3880 1103 1100 2319 
3881 1327 1281 2257 
3882 1004 1169 2283 
3883 2243 1347 2260 
3884 1172 1129 2229 
3885 666 668 2293 
3886 2165 1593 2242 
3887 820 898 2222 
3888 1431 1429 2315 
3889 2175 1579 2256 
3890 1452 2353 2359 
3891 2234 1442 2304 
3892 1530 2042 2253 
3893 1979 1233 2252 
3894 1166 1317 2217 
3895 2166 1373 2281 
3896 1599 939 2306 
3897 550 1675 1677 
3898 1787 1788 2262 
3899 337 338 2309 
3900 1644 1689 2324 
3901 2144 1365 2302 
3902 819 820 2222 
3903 2018 2108 2307 
3904 2083 1308 2288 
3905 2361 1025 2366 
3906 798 799 2246 
3907 2170 1161 2263 
3908 2141 1596 2247 
3909 1196 1468 2213 
3910 1461 1460 2360 
3911 1260 1166 2217 
3912 1804 1327 2257 
3913 1399 2251 2291 
3914 2113 900 2249 
3915 2208 2008 2254 
3916 1491 1729 2248 
3917 1683 1684 2498 
3918 2321 894 2328 
3919 1468 1707 2213 
3920 1401 2208 2254 
3921 1347 1820 2260 
3922 1016 2141 2247 
3923 1250 1620 2204 
3924 1370 2170 2263 
3925 2222 898 2281 
3926 2257 1863 2314 
3927 2125 789 2242 
3928 1281 1279 2257 
3929 847 996 2334 
3930 2219 2113 2249 
3931 1113 1115 2264 
3932 1013 850 2334 
3933 1447 1401 2254 
3934 1096 819 2222 
3935 628 1743 1768 
3936 1479 2221 2259 
3937 2252 1233 2278 
3938 2147 814 2256 
3939 1727 1621 2368 
3940 1334 1335 2311 
3941 1056 970 2317 
3942 2106 2210 2280 
3943 2134 2155 2299 
3944 1271 1632 2265 
3945 1603 2267 2283 
3946 770 2134 2299 
3947 1161 1453 2263 
3948 972 725 2258 
3949 2094 809 2298 
3950 906 2139 2251 
3951 1614 1604 2331 
3952 2085 1592 2278 
3953 2221 1606 2259 
3954 2139 1594 2251 
3955 1601 1096 2222 
3956 893 894 2321 
3957 1823 1825 2344 
3958 809 807 2298 
3959 1652 1941 2483 
3960 2337 1357 2343 
3961 2233 1408 2243 
3962 1142 1815 2294 
3963 851 877 2303 
3964 984 848 2303 
3965 2207 906 2251 
3966 1058 1212 2266 
3967 1436 1753 2336 
3968 334 335 2324 
3969 500 501 632 
3970 1596 1644 2287 
3971 1120 1122 2270 
3972 1746 1438 2336 
3973 1601 2222 2281 
3974 2115 1712 2481 
3975 843 845 2269 
3976 584 336 2272 
3977 2338 1955 2353 
3978 1206 1155 2267 
3979 520 1735 2480 
3980 2235 1727 2268 
3981 2210 1405 2280 
3982 1859 1860 2384 
3983 1402 2163 2255 
3984 2095 1573 2271 
3985 579 499 1679 
3986 2011 1357 2337 
3987 1464 1410 2268 
3988 2097 770 2299 
3989 2074 1358 2276 
3990 2078 1297 2277 
3991 2251 1594 2291 
3992 1604 2073 2328 
3993 2147 2256 2279 
3994 1461 2360 2364 
3995 624 533 2332 
3996 2247 1596 2287 
3997 461 462 2274 
3998 1463 1249 2313 
3999 1410 2235 2268 
4000 1941 1652 2532 
4001 991 992 2284 
4002 1413 2247 2287 
4003 714 1934 2282 
4004 1706 1509 2573 
4005 579 2468 2504 
4006 2003 2006 2275 
4007 1804 2257 2314 
4008 1233 1234 2278 
4009 2106 2280 2310 
4010 1426 1907 2285 
4011 2326 1374 2341 
4012 1587 1004 2283 
4013 1589 1585 2273 
4014 1536 1613 2286 
4015 1040 2258 2273 
4016 325 625 2363 
4017 2199 1611 2295 
4018 1364 1365 2345 
4019 2163 1215 2255 
4020 1782 981 2374 
4021 2280 1423 2310 
4022 1970 934 2335 
4023 1377 2147 2279 
4024 2085 2278 2296 
4025 587 281 2603 
4026 1751 1164 2475 
4027 2078 2277 2301 
4028 1420 2085 2296 
4029 2350 1407 2375 
4030 2267 1587 2283 
4031 2226 1423 2280 
4032 2242 1593 2295 
4033 877 853 2329 
4034 1308 1614 2288 
4035 281 1552 2603 
4036 1990 1988 2351 
4037 2056 2055 2289 
4038 1855 1459 2370 
4039 898 2166 2281 
4040 855 986 2329 
4041 1673 583 2569 
4042 1377 2279 2292 
4043 622 1719 2534 
4044 1614 2331 2337 
4045 1372 2242 2295 
4046 1449 1746 2358 
4047 1357 1255 2343 
4048 512 613 2354 
4049 629 1700 2512 
4050 560 511 2354 
4051 1937 596 2297 
4052 2278 1234 2296 
4053 1950 1951 2474 
4054 1604 2328 2331 
4055 2310 1590 2317 
4056 1666 1413 2287 
4057 1405 2226 2280 
4058 1863 1818 2314 
4059 1451 1827 2346 
4060 1929 1928 2300 
4061 1585 1586 2290 
4062 2412 1635 2438 
4063 731 666 2293 
4064 1445 2097 2299 
4065 1472 1377 2292 
4066 2273 1585 2290 
4067 577 1895 2372 
4068 966 1959 2359 
4069 1594 1595 2291 
4070 2299 2155 2339 
4071 2406 1632 2418 
4072 1160 2310 2317 
4073 1363 2053 2302 
4074 2258 1589 2273 
4075 1234 1447 2296 
4076 848 851 2303 
4077 1425 2305 2306 
4078 1440 1446 2323 
4079 1304 2078 2301 
4080 2186 1142 2294 
4081 1425 1305 2305 
4082 448 623 2355 
4083 630 447 2355 
4084 807 897 2298 
4085 294 19 2605 
4086 2054 745 2304 
4087 1160 2106 2310 
4088 2054 2304 2306 
4089 1750 2179 2340 
4090 414 585 2368 
4091 939 2054 2306 
4092 1685 1686 2464 
4093 2265 1632 2406 
4094 1452 1247 2353 
4095 555 1930 2408 
4096 1977 2018 2307 
4097 859 907 2349 
4098 1611 1612 2333 
4099 1419 2186 2294 
4100 338 573 2309 
4101 986 857 2349 
4102 1593 2199 2295 
4103 1130 1132 2357 
4104 1423 1590 2310 
4105 1493 294 2605 
4106 1977 2307 2312 
4107 2153 1156 2308 
4108 1812 1409 2365 
4109 612 1924 2506 
4110 1867 1680 2613 
4111 1810 1636 2412 
4112 935 1977 2312 
4113 1335 1428 2311 
4114 1429 1769 2315 
4115 1764 1627 2531 
4116 2316 896 2321 
4117 1605 2321 2328 
4118 2302 2053 2316 
4119 1245 1682 2399 
4120 2295 1611 2333 
4121 2029 2153 2308 
4122 2053 896 2316 
4123 1590 1827 2327 
4124 970 1160 2317 
4125 1249 1197 2313 
4126 491 549 2318 
4127 935 2312 2322 
4128 1109 1103 2319 
4129 1372 2295 2333 
4130 2333 1612 2340 
4131 579 1679 2468 
4132 1963 935 2322 
4133 2297 1927 2451 
4134 1715 1714 2435 
4135 896 893 2321 
4136 1827 2159 2346 
4137 1724 1647 2384 
4138 1970 2335 2345 
4139 1963 2322 2325 
4140 1473 1748 2364 
4141 1504 1503 2362 
4142 1684 2394 2498 
4143 1610 2339 2357 
4144 2181 1407 2350 
4145 1729 996 2525 
4146 673 1963 2325 
4147 2029 2308 2335 
4148 335 584 2324 
4149 398 399 2373 
4150 2404 490 2608 
4151 2373 2101 2544 
4152 1337 1243 2398 
4153 1056 2317 2327 
4154 1507 1730 2362 
4155 1653 2039 2381 
4156 640 638 2376 
4157 2073 1605 2328 
4158 1164 1770 2475 
4159 1609 1782 2379 
4160 1568 2250 2472 
4161 673 2325 2330 
4162 2430 1645 2509 
4163 1151 1223 2395 
4164 372 373 2320 
4165 1978 673 2330 
4166 1764 570 2393 
4167 853 855 2329 
4168 2348 607 2588 
4169 2455 1777 2461 
4170 1617 2350 2375 
4171 981 655 2374 
4172 2171 897 2342 
4173 653 721 2374 
4174 2308 1446 2335 
4175 850 847 2334 
4176 516 612 2393 
4177 570 515 2393 
4178 1905 1576 2428 
4179 2353 1955 2359 
4180 1871 586 2392 
4181 2183 2418 2425 
4182 2281 1373 2326 
4183 1445 2299 2339 
4184 575 434 2386 
4185 1601 2281 2326 
4186 1602 1601 2326 
4187 1610 1445 2339 
4188 894 2127 2331 
4189 1027 1372 2333 
4190 897 2203 2342 
4191 351 1777 2455 
4192 781 645 2380 
4193 1280 1282 2383 
4194 1614 2337 2343 
4195 1274 1740 2390 
4196 533 534 2332 
4197 2339 1224 2357 
4198 601 1823 2344 
4199 1718 601 2540 
4200 1244 1319 2377 
4201 1446 2308 2323 
4202 1212 2138 2382 
4203 1615 1417 2388 
4204 2328 894 2331 
4205 1438 1436 2336 
4206 934 2029 2335 
4207 1684 1246 2377 
4208 2376 638 2447 
4209 586 525 2392 
4210 1409 2162 2365 
4211 435 2206 2386 
4212 1576 1752 2495 
4213 552 1707 2492 
4214 647 781 2389 
4215 559 2151 2410 
4216 1027 2333 2340 
4217 721 651 2387 
4218 1508 1506 2420 
4219 402 2077 2397 
4220 1504 2362 2458 
4221 1447 2177 2338 
4222 1942 616 2517 
4223 1721 541 2404 
4224 1446 1364 2345 
4225 2127 2011 2337 
4226 1555 1690 2407 
4227 2331 2127 2337 
4228 1420 2296 2338 
4229 630 2355 2453 
4230 2368 1621 2433 
4231 1716 1674 2588 
4232 997 958 2396 
4233 956 960 2396 
4234 602 401 2397 
4235 1602 2326 2341 
4236 2317 1590 2327 
4237 1987 597 2415 
4238 624 2332 2440 
4239 1919 2311 2409 
4240 2501 1676 2580 
4241 2359 1959 2361 
4242 2308 1156 2323 
4243 526 2231 2392 
4244 565 2068 2590 
4245 2110 556 2582 
4246 2342 1588 2360 
4247 1319 2297 2451 
4248 2179 1027 2340 
4249 535 17 2539 
4250 2155 1224 2339 
4251 1850 1851 2356 
4252 1411 1739 2589 
4253 1495 1493 2410 
4254 1560 1561 2348 
4255 1469 1962 2352 
4256 2352 1662 2558 
4257 2151 1499 2410 
4258 1741 1602 2341 
4259 2159 1045 2346 
4260 857 859 2349 
4261 1420 2338 2353 
4262 2346 1045 2350 
4263 1992 1990 2351 
4264 2296 1447 2338 
4265 1365 2144 2347 
4266 1509 1706 2503 
4267 2144 1442 2347 
4268 522 523 2413 
4269 2203 1588 2342 
4270 2407 1661 2576 
4271 1370 1826 2601 
4272 1376 1720 2473 
4273 1317 1133 2403 
4274 2318 549 2378 
4275 1874 1695 2598 
4276 604 1786 2457 
4277 586 1871 2437 
4278 1680 2038 2613 
4279 1742 1411 2462 
4280 1131 1172 2403 
4281 1430 1544 2409 
4282 1247 1420 2353 
4283 1045 2181 2350 
4284 2332 1703 2440 
4285 1162 1424 2411 
4286 1076 1055 2411 
4287 907 2174 2402 
4288 1950 2474 2527 
4289 1442 2234 2347 
4290 447 448 2355 
4291 1651 2140 2581 
4292 511 512 2354 
4293 2588 1674 2599 
4294 1224 1130 2357 
4295 1470 1449 2358 
4296 2335 1446 2345 
4297 1642 1570 2415 
4298 545 1942 2426 
4299 1955 966 2359 
4300 2288 1614 2343 
4301 1644 2324 2505 
4302 1901 1198 2429 
4303 1871 1872 2437 
4304 1690 1326 2439 
4305 960 969 2422 
4306 1685 2464 2600 
4307 1212 2382 2528 
4308 997 2001 2556 
4309 1588 1204 2360 
4310 562 412 2433 
4311 1925 1926 2451 
4312 2183 2182 2418 
4313 1689 1541 2423 
4314 363 1768 2548 
4315 1776 1944 2578 
4316 2120 1452 2361 
4317 342 1767 2546 
4318 1260 2412 2438 
4319 1618 1617 2375 
4320 2360 1204 2364 
4321 330 331 2435 
4322 1550 1551 2428 
4323 1503 1507 2362 
4324 1647 1859 2384 
4325 1470 2402 2405 
4326 2038 1680 2550 
4327 1832 2255 2523 
4328 1164 1751 2594 
4329 1916 610 2460 
4330 552 1834 2579 
4331 1198 2121 2429 
4332 2216 1433 2406 
4333 1433 2265 2406 
4334 1512 1655 2437 
4335 1696 2169 2419 
4336 1459 1691 2370 
4337 1640 2120 2366 
4338 611 328 2452 
4339 1204 1473 2364 
4340 413 414 2368 
4341 1656 1331 2369 
4342 2120 2361 2366 
4343 329 598 2452 
4344 2162 981 2365 
4345 1540 2214 2423 
4346 1848 1849 2458 
4347 1988 1987 2499 
4348 1640 2366 2371 
4349 1270 1167 2438 
4350 1866 1865 2464 
4351 324 325 2363 
4352 1972 577 2372 
4353 1799 1699 2394 
4354 2311 1428 2409 
4355 2385 1711 2441 
4356 1692 1640 2371 
4357 1835 615 2465 
4358 568 2274 2488 
4359 1742 1681 2612 
4360 1591 1534 2448 
4361 1411 1237 2462 
4362 1777 1773 2461 
4363 1792 1795 2454 
4364 1539 1706 2430 
4365 399 2101 2373 
4366 1535 1559 2456 
4367 602 2397 2456 
4368 331 332 2459 
4369 599 1799 2394 
4370 655 653 2374 
4371 1828 620 2521 
4372 2355 1756 2453 
4373 1478 1470 2405 
4374 1054 1793 2454 
4375 643 640 2376 
4376 1793 2088 2557 
4377 2294 1815 2516 
4378 1407 1462 2375 
4379 549 1665 2378 
4380 1561 2196 2432 
4381 1870 1609 2379 
4382 631 1701 1723 
4383 1246 1244 2377 
4384 1606 1607 2466 
4385 2362 1853 2458 
4386 1411 1742 2612 
4387 1636 1810 2492 
4388 601 1718 2571 
4389 2037 2038 2476 
4390 1559 1642 2502 
4391 2213 1833 2523 
4392 334 2324 2595 
4393 1310 1280 2383 
4394 1452 2359 2361 
4395 1625 1879 2554 
4396 1929 2300 2443 
4397 1902 1901 2429 
4398 2274 1672 2488 
4399 2358 907 2402 
4400 625 2385 2496 
4401 2039 1546 2381 
4402 1546 1341 2469 
4403 2122 546 2584 
4404 645 643 2380 
4405 1655 1597 2530 
4406 643 2376 2380 
4407 407 548 2479 
4408 2324 584 2505 
4409 572 1629 2614 
4410 618 2237 2518 
4411 1851 2081 2476 
4412 622 406 2479 
4413 397 11 2543 
4414 1343 1627 2469 
4415 11 398 2543 
4416 519 520 2480 
4417 1481 1480 2439 
4418 1725 2376 2447 
4419 2138 1688 2382 
4420 1646 1725 2509 
4421 1688 1556 2470 
4422 1996 1993 2490 
4423 625 1886 2385 
4424 1625 1485 2414 
4425 1660 1465 2518 
4426 1791 1793 2557 
4427 1192 1191 2477 
4428 1393 1568 2472 
4429 1716 607 2572 
4430 1629 1751 2475 
4431 1202 1272 2486 
4432 434 435 2386 
4433 17 536 2539 
4434 651 649 2387 
4435 1809 2266 2528 
4436 1926 599 2394 
4437 523 524 2489 
4438 2237 1660 2518 
4439 1417 1514 2388 
4440 1584 1619 2482 
4441 2114 2115 2481 
4442 2034 2059 2494 
4443 1465 2291 2427 
4444 582 2259 2466 
4445 1763 1764 2531 
4446 649 647 2389 
4447 525 526 2392 
4448 2250 1568 2485 
4449 1568 2119 2485 
4450 2387 649 2389 
4451 2038 901 2613 
4452 1273 1274 2390 
4453 1810 2412 2553 
4454 1930 614 2542 
4455 1467 2395 2401 
4456 1252 1251 2473 
4457 515 516 2393 
4458 591 1950 2577 
4459 1917 2250 2485 
4460 1467 1151 2395 
4461 1910 1867 2613 
4462 2324 1689 2595 
4463 1810 1811 2492 
4464 554 1941 2532 
4465 1552 1658 2449 
4466 341 342 2546 
4467 1938 1936 2607 
4468 1667 1666 2609 
4469 362 363 2548 
4470 1238 1411 2589 
4471 1509 1266 2573 
4472 2145 1652 2483 
4473 2154 609 2606 
4474 1492 1488 2445 
4475 958 956 2396 
4476 1864 846 2529 
4477 1898 1897 2533 
4478 1672 1478 2488 
4479 1243 1245 2398 
4480 637 1419 2442 
4481 2382 2052 2528 
4482 1826 555 2408 
4483 401 402 2397 
4484 1489 1486 2547 
4485 1470 2358 2402 
4486 1316 1622 2493 
4487 1486 1487 2547 
4488 1223 2183 2425 
4489 2378 1665 2416 
4490 1923 569 2537 
4491 1635 1467 2401 
4492 429 1874 2598 
4493 2174 2066 2402 
4494 1516 1517 2522 
4495 372 2320 2467 
4496 1111 1164 2594 
4497 2418 1632 2425 
4498 1583 2398 2399 
4499 1402 2255 2391 
4500 1276 1667 2513 
4501 2402 2066 2405 
4502 1667 2112 2513 
4503 2001 1997 2556 
4504 1374 1236 2513 
4505 2272 1667 2609 
4506 2437 1655 2489 
4507 2063 1489 2547 
4508 2000 1999 2549 
4509 1319 1242 2511 
4510 430 557 2611 
4511 1719 1637 2534 
4512 590 333 2595 
4513 482 483 2572 
4514 1469 2352 2558 
4515 2050 2052 2564 
4516 413 2368 2433 
4517 428 429 2598 
4518 1133 1131 2403 
4519 1548 2063 2547 
4520 1627 1360 2531 
4521 1886 611 2526 
4522 1806 1810 2553 
4523 2064 1755 2570 
4524 2065 593 2604 
4525 541 489 2404 
4526 536 537 631 
4527 1643 1384 2599 
4528 530 600 2545 
4529 1958 1628 2560 
4530 1879 1878 2554 
4531 2367 572 2614 
4532 1215 2213 2523 
4533 1551 1623 2529 
4534 528 529 2591 
4535 1254 1252 2586 
4536 1929 2443 2493 
4537 1500 1505 2550 
4538 912 2216 2406 
4539 2066 1393 2405 
4540 2485 2119 2535 
4541 1502 1504 2541 
4542 1630 1537 2446 
4543 631 1700 1701 
4544 631 537 1700 
4545 1902 2429 2487 
4546 2289 1516 2522 
4547 1680 1497 2550 
4548 1428 1430 2409 
4549 1499 1495 2410 
4550 1833 2213 2579 
4551 2056 2289 2522 
4552 1239 1464 2568 
4553 2394 1699 2498 
4554 2372 1561 2432 
4555 1622 1315 2601 
4556 2409 1544 2460 
4557 571 1916 2510 
4558 1055 1162 2411 
4559 2297 1319 2511 
4560 1916 2460 2510 
4561 581 522 2413 
4562 1272 1201 2497 
4563 912 2406 2418 
4564 2217 1806 2553 
4565 2478 1180 2594 
4566 1636 1635 2412 
4567 2047 2046 2593 
4568 1627 1764 2506 
4569 2244 1555 2407 
4570 597 1891 2415 
4571 1479 2259 2575 
4572 2401 1270 2438 
4573 626 2455 2461 
4574 1714 2167 2602 
4575 996 1864 2525 
4576 2482 1619 2533 
4577 1665 1737 2416 
4578 1498 1866 2592 
4579 2341 1829 2521 
4580 2194 1698 2527 
4581 1937 2297 2511 
4582 1400 1256 2596 
4583 1326 2431 2439 
4584 1741 2341 2521 
4585 562 2433 2482 
4586 2182 912 2418 
4587 1659 1513 2417 
4588 2397 1613 2456 
4589 1506 2151 2420 
4590 2056 2522 2570 
4591 1728 587 2603 
4592 2388 1514 2450 
4593 969 1076 2422 
4594 2169 1179 2419 
4595 1750 2340 2443 
4596 1933 545 2426 
4597 1832 595 2463 
4598 2052 2051 2491 
4599 1541 1540 2423 
4600 1632 1631 2425 
4601 1443 1728 2449 
4602 2248 1729 2525 
4603 2413 1655 2530 
4604 1666 2287 2505 
4605 636 995 2447 
4606 1402 2391 2462 
4607 1504 2356 2541 
4608 2300 1750 2443 
4609 1756 1757 2453 
4610 1682 1683 2587 
4611 1937 2511 2568 
4612 1472 2230 2424 
4613 569 2381 2537 
4614 1547 2143 2426 
4615 1775 1774 2436 
4616 2121 1638 2429 
4617 2398 1245 2399 
4618 1273 2390 2500 
4619 600 2370 2545 
4620 1723 535 2539 
4621 2493 1622 2542 
4622 635 637 2442 
4623 1705 1509 2503 
4624 1760 1481 2431 
4625 2052 2382 2564 
4626 2213 1707 2579 
4627 1488 558 2445 
4628 544 1482 2446 
4629 412 413 2433 
4630 571 2510 2559 
4631 2224 1550 2428 
4632 1872 1512 2437 
4633 548 1902 2487 
4634 598 330 2435 
4635 2196 1192 2432 
4636 2229 1174 2434 
4637 543 1489 2520 
4638 1471 1785 2468 
4639 1686 1492 2519 
4640 1996 2160 2556 
4641 2456 1559 2502 
4642 1706 627 2503 
4643 633 1716 2444 
4644 2369 1331 2576 
4645 2570 1755 2604 
4646 2117 1054 2454 
4647 2276 1657 2495 
4648 323 629 2512 
4649 2291 1595 2427 
4650 1678 582 2466 
4651 2400 1682 2587 
4652 638 636 2447 
4653 1657 2224 2495 
4654 1807 2217 2578 
4655 2115 624 2440 
4656 1167 1260 2438 
4657 2229 2434 2436 
4658 2408 1622 2601 
4659 2452 598 2602 
4660 1172 2229 2436 
4661 540 1661 2597 
4662 2419 1179 2474 
4663 1927 1925 2451 
4664 2119 1633 2535 
4665 1703 1704 2440 
4666 1534 1809 2448 
4667 502 503 2571 
4668 2217 1317 2578 
4669 1514 1516 2450 
4670 1914 571 2559 
4671 1786 1787 2457 
4672 328 329 2452 
4673 1635 2401 2438 
4674 557 2470 2611 
4675 2442 1419 2515 
4676 2059 630 2453 
4677 594 1511 2574 
4678 1658 594 2574 
4679 2568 1464 2607 
4680 616 2005 2517 
4681 2429 1638 2487 
4682 1793 1792 2454 
4683 483 2444 2572 
4684 1492 2445 2519 
4685 1419 2294 2515 
4686 1773 1775 2461 
4687 1853 1848 2458 
4688 1721 2404 2586 
4689 1613 1535 2456 
4690 610 1919 2460 
4691 332 590 2459 
4692 1919 2409 2460 
4693 2427 1595 2483 
4694 1865 1013 2464 
4695 626 350 2455 
4696 1739 1411 2612 
4697 2468 1785 2504 
4698 1634 1659 2561 
4699 2535 1633 2582 
4700 1237 1402 2462 
4701 615 1932 2465 
4702 1811 552 2492 
4703 2436 1774 2585 
4704 2356 1851 2541 
4705 2340 1612 2443 
4706 2051 575 2491 
4707 1634 2561 2583 
4708 1251 1376 2473 
4709 586 2437 2489 
4710 1172 2436 2585 
4711 1972 2372 2432 
4712 1700 538 2512 
4713 1076 2411 2549 
4714 627 371 2467 
4715 1657 1656 2524 
4716 1973 1971 2536 
4717 1341 1343 2469 
4718 2370 1691 2545 
4719 1914 2559 2606 
4720 1971 1972 2536 
4721 1720 1721 2473 
4722 1686 2519 2592 
4723 1556 1874 2470 
4724 2464 1013 2600 
4725 1770 1477 2475 
4726 2081 2037 2476 
4727 2160 997 2556 
4728 1833 1832 2523 
4729 2259 1606 2466 
4730 1718 632 2484 
4731 1201 1443 2497 
4732 1704 1702 2496 
4733 1179 2157 2474 
4734 2443 1612 2493 
4735 1191 1542 2477 
4736 569 519 2480 
4737 406 407 2479 
4738 1687 1634 2583 
4739 2363 625 2496 
4740 1659 2434 2561 
4741 608 1917 2485 
4742 2434 1174 2561 
4743 1621 1584 2482 
4744 600 2114 2481 
4745 2088 1185 2557 
4746 609 1914 2606 
4747 1314 1202 2486 
4748 1595 2145 2483 
4749 2433 1621 2482 
4750 1638 1719 2487 
4751 2351 1988 2499 
4752 1993 1992 2490 
4753 2381 1546 2537 
4754 524 586 2489 
4755 1314 2486 2498 
4756 1677 1675 2501 
4757 1463 2313 2514 
4758 1768 363 2563 
4759 1743 2391 2463 
4760 601 2344 2540 
4761 1785 1841 2504 
4762 1767 342 2566 
4763 621 2034 2494 
4764 2382 1688 2564 
4765 1633 2110 2582 
4766 1656 2369 2520 
4767 342 3 2566 
4768 1338 1273 2500 
4769 363 7 2563 
4770 1702 2363 2496 
4771 2250 568 2488 
4772 1699 1314 2498 
4773 2393 612 2506 
4774 2460 1544 2510 
4775 1612 1316 2493 
4776 1478 2405 2472 
4777 1729 1685 2600 
4778 1973 2536 2584 
4779 1489 2063 2524 
4780 1707 1636 2492 
4781 1645 1646 2509 
4782 2375 1462 2508 
4783 608 2485 2535 
4784 2133 1177 2499 
4785 2474 2157 2527 
4786 1338 2500 2554 
4787 2431 1481 2439 
4788 1796 1797 2514 
4789 546 1973 2584 
4790 2101 602 2502 
4791 1260 2217 2553 
4792 1185 2262 2557 
4793 1648 2442 2515 
4794 1829 1828 2521 
4795 2313 1796 2514 
4796 1752 2276 2495 
4797 2287 1644 2505 
4798 1544 2156 2510 
4799 1242 1240 2511 
4800 1815 1566 2516 
4801 562 2482 2533 
4802 2404 1654 2586 
4803 2486 1272 2587 
4804 1236 1276 2513 
4805 1940 618 2518 
4806 2463 595 2548 
4807 2407 1690 2597 
4808 1649 1648 2515 
4809 2445 1650 2519 
4810 1517 1520 2522 
4811 621 2494 2551 
4812 503 601 2571 
4813 1710 1711 2526 
4814 631 1723 2539 
4815 1650 2202 2519 
4816 1669 589 2552 
4817 2334 1729 2600 
4818 846 1904 2529 
4819 1597 1958 2530 
4820 995 539 2555 
4821 1310 2501 2580 
4822 1177 2351 2499 
4823 1922 608 2535 
4824 19 559 2605 
4825 1897 562 2533 
4826 1623 2248 2525 
4827 1935 554 2532 
4828 595 362 2548 
4829 620 341 2546 
4830 1713 2452 2602 
4831 2157 2194 2527 
4832 1924 1923 2537 
4833 1360 1461 2531 
4834 1736 1664 2538 
4835 2516 1566 2589 
4836 1637 1639 2534 
4837 398 2373 2543 
4838 2511 1240 2568 
4839 634 397 2543 
4840 2255 1215 2523 
4841 614 1929 2542 
4842 1878 1338 2554 
4843 2510 2156 2559 
4844 2504 1841 2580 
4845 2411 2004 2549 
4846 2522 1520 2570 
4847 1629 2475 2614 
4848 2405 1393 2472 
4849 2266 1212 2528 
4850 602 2456 2502 
4851 1826 2408 2601 
4852 2004 2000 2549 
4853 2383 1677 2501 
4854 1487 1548 2547 
4855 529 530 2545 
4856 1505 1502 2541 
4857 2046 621 2551 
4858 1618 2375 2508 
4859 1935 2532 2581 
4860 1922 2535 2582 
4861 1997 1996 2556 
4862 2262 1791 2557 
4863 1874 429 2611 
4864 1497 1500 2550 
4865 2484 502 2571 
4866 1929 2493 2542 
4867 2519 2202 2592 
4868 2534 1639 2590 
4869 1856 591 2577 
4870 1764 2393 2506 
4871 581 2413 2530 
4872 1616 2367 2507 
4873 1628 1735 2560 
4874 557 2050 2564 
4875 1670 1479 2575 
4876 1266 1645 2573 
4877 607 482 2572 
4878 2156 1626 2559 
4879 1520 2064 2570 
4880 2069 1533 2593 
4881 1841 1310 2580 
4882 7 364 2563 
4883 619 1935 2581 
4884 1331 1275 2576 
4885 2410 1493 2605 
4886 3 343 2566 
4887 1174 2190 2561 
4888 1944 1807 2578 
4889 1240 1239 2568 
4890 1310 2383 2501 
4891 579 2504 2610 
4892 1013 2334 2600 
4893 1774 1776 2585 
4894 901 1910 2613 
4895 2536 1542 2584 
4896 556 1922 2582 
4897 1566 1238 2589 
4898 1666 2505 2609 
4899 2561 2190 2583 
4900 1256 1469 2596 
4901 1180 1111 2594 
4902 575 2448 2491 
4903 2403 1172 2585 
4904 1936 1937 2607 
4905 580 428 2598 
4906 2559 1626 2606 
4907 1834 1833 2579 
4908 1654 1254 2586 
4909 333 334 2595 
4910 1639 1692 2590 
4911 2190 1400 2583 
4912 592 528 2591 
4913 1542 2122 2584 
4914 1384 1560 2599 
4915 593 2056 2604 
4916 429 430 2611 
4917 2471 620 2546 
4918 1315 1370 2601 
4919 1711 2385 2526 
4920 1560 2588 2599 
4921 2202 1498 2592 
4922 2167 1713 2602 
4923 1626 2154 2606 
4924 2385 1886 2526 
4925 1443 2449 2497 
4926 498 579 2610 
4927 1972 2477 2536 
4928 584 2272 2609 
4929 1511 2400 2574 
4930 2373 634 2543 
4931 1661 2407 2597 
4932 2448 1809 2491 
4933 634 2373 2544 
4934 2449 1658 2497 
4935 1272 2400 2587 
4936 559 2410 2605 
4937 2318 1654 2608 
4938 536 631 2539 
4939 1560 2348 2588 
4940 1659 2417 2567 
4941 1654 2404 2608 
4942 2056 2570 2604 
4943 2412 1260 2553 
4944 2434 1659 2567 
4945 2444 1716 2572 
4946 1937 2568 2607 
4947 2449 1728 2603 
4948 2430 1706 2573 
4949 1645 2430 2573 
4950 1776 2403 2585 
4951 1477 2367 2614 
4952 1539 2430 2555 
4953 2520 1489 2524 
4954 1552 2449 2603 
4955 2439 1480 2562 
4956 1690 2439 2562 
4957 2477 1542 2536 
4958 1656 2520 2524 
4959 1683 2486 2587 
4960 2470 1874 2611 
4961 2475 1477 2614 
4962 1616 2507 2552 
4963 2505 584 2609 
4964 1718 2484 2571 
4965 2562 540 2597 
4966 1690 2562 2597 
4967 2551 2069 2593 
4968 2565 1670 2575 
4969 1663 2565 2575 
4970 1469 2558 2596 
4971 2046 2551 2593 
4972 2558 1687 2596 
$EndElements
